method,step,train/boundary_loss,train/consistency_loss,train/generative_loss,train/inverse_loss,train/jvp_rms,train/loss,train/transport_loss,train/grad_norm,train/lr,train/epoch,system/samples_per_second,system/gpu_peak_memory_gib,val/boundary_loss,val/consistency_loss,val/generative_loss,val/inverse_loss,val/jvp_rms,val/loss,val/transport_loss,val/path_mse_single,val/candidate_variance,val/boundary_mse,eval/offset_25/success_rate,eval/offset_25/successes,eval/offset_25/episodes,eval/offset_25/success_ci95_low,eval/offset_25/success_ci95_high,eval/offset_25/evaluation_seconds,eval/offset_25/planning_batch_latency_ms_mean,eval/offset_25/planning_batch_latency_ms_p95,eval/offset_25/selected_rollout_goal_mse,eval/offset_25/selected_rollout_waypoint_mse,eval/offset_25/observed_subgoal_mse_after_chunk,eval/offset_25/world_model_state_predictions,eval/offset_25/generator_nfe_per_candidate,eval/offset_25/planner_calls,eval/offset_50/success_rate,eval/offset_50/successes,eval/offset_50/episodes,eval/offset_50/success_ci95_low,eval/offset_50/success_ci95_high,eval/offset_50/evaluation_seconds,eval/offset_50/planning_batch_latency_ms_mean,eval/offset_50/planning_batch_latency_ms_p95,eval/offset_50/selected_rollout_goal_mse,eval/offset_50/selected_rollout_waypoint_mse,eval/offset_50/observed_subgoal_mse_after_chunk,eval/offset_50/world_model_state_predictions,eval/offset_50/generator_nfe_per_candidate,eval/offset_50/planner_calls,eval/offset_100/success_rate,eval/offset_100/successes,eval/offset_100/episodes,eval/offset_100/success_ci95_low,eval/offset_100/success_ci95_high,eval/offset_100/evaluation_seconds,eval/offset_100/planning_batch_latency_ms_mean,eval/offset_100/planning_batch_latency_ms_p95,eval/offset_100/selected_rollout_goal_mse,eval/offset_100/selected_rollout_waypoint_mse,eval/offset_100/observed_subgoal_mse_after_chunk,eval/offset_100/world_model_state_predictions,eval/offset_100/generator_nfe_per_candidate,eval/offset_100/planner_calls,eval/mean_success_rate
btm,1,0.0,0.16674953699111938,1.989663004875183,1.0821233093738556,1.4105409681797028,3.08846116065979,1.989663004875183,1.969376802444458,0.0001,1,123.78430616392069,0.40345335006713867,,,,,,,,,,,,,,,,,,,,,,,,,,,,,,,,,,,,,,,,,,,,,,,,,,,,,
btm,10,0.00044563766378915816,0.15678149854971302,2.0023318926493325,1.0369693802462683,1.414865384499232,3.0549794104364185,2.0018862419658237,1.1234384775161743,0.0001,1,1685.0692818889672,0.4074592590332031,,,,,,,,,,,,,,,,,,,,,,,,,,,,,,,,,,,,,,,,,,,,,,,,,,,,,
btm,20,0.0037073844636324794,0.13026402704417706,2.0237587094306946,0.8256454199552536,1.421261367201805,2.862430548667908,2.020051324367523,1.1112040281295776,0.0001,1,1731.2881237202223,0.4074592590332031,,,,,,,,,,,,,,,,,,,,,,,,,,,,,,,,,,,,,,,,,,,,,,,,,,,,,
btm,30,0.01209548998158425,0.11023266669362783,2.032026219367981,0.7101779654622078,1.4212277442216874,2.7532274544239046,2.01993071436882,0.9379016757011414,0.0001,1,1882.940148379115,0.4074592590332031,,,,,,,,,,,,,,,,,,,,,,,,,,,,,,,,,,,,,,,,,,,,,,,,,,,,,
btm,40,0.02347819455899298,0.08933244049549102,2.0508467316627503,0.6258145838975906,1.423832231760025,2.6855945587158203,2.0273685187101362,1.0106080770492554,0.0001,1,1806.7099830961959,0.4074592590332031,,,,,,,,,,,,,,,,,,,,,,,,,,,,,,,,,,,,,,,,,,,,,,,,,,,,,
btm,50,0.03588790530338883,0.07391743492335082,2.075354689359665,0.5309247300028801,1.4280733197927475,2.613671189546585,2.039466771483421,0.8520059585571289,0.0001,1,1794.7881513692498,0.4074592590332031,,,,,,,,,,,,,,,,,,,,,,,,,,,,,,,,,,,,,,,,,,,,,,,,,,,,,
btm,60,0.04803944174200296,0.06734928656369447,2.079454094171524,0.4553022116422653,1.4252651631832123,2.5414912164211274,2.03141465485096,0.7803376317024231,0.0001,1,1760.5532175826877,0.4074592590332031,,,,,,,,,,,,,,,,,,,,,,,,,,,,,,,,,,,,,,,,,,,,,,,,,,,,,
btm,70,0.05943317385390401,0.060517589747905734,2.0933563232421877,0.42351997569203376,1.4261339396238326,2.5229280412197115,2.0339231729507445,0.7970457673072815,0.0001,1,1698.8740165905606,0.4074592590332031,,,,,,,,,,,,,,,,,,,,,,,,,,,,,,,,,,,,,,,,,,,,,,,,,,,,,
btm,80,0.07099735755473376,0.05551109230145812,2.1046670019626617,0.36566508263349534,1.4260514199733734,2.4758832097053527,2.033669650554657,0.6189348101615906,0.0001,1,1749.4733982855905,0.4074592590332031,,,,,,,,,,,,,,,,,,,,,,,,,,,,,,,,,,,,,,,,,,,,,,,,,,,,,
btm,90,0.08166409227997065,0.050888333935290575,2.114198589324951,0.3482035044580698,1.4256549209356308,2.4674908995628355,2.0325344860553742,0.7169374823570251,0.0001,1,1806.795221791639,0.4074592590332031,,,,,,,,,,,,,,,,,,,,,,,,,,,,,,,,,,,,,,,,,,,,,,,,,,,,,
btm,100,0.09221066497266292,0.04489849456585944,2.121623682975769,0.3119600430130959,1.4245488852262498,2.4380735754966736,2.0294130086898803,0.6668797731399536,0.0001,1,1820.6074075266863,0.4074592590332031,,,,,,,,,,,,,,,,,,,,,,,,,,,,,,,,,,,,,,,,,,,,,,,,,,,,,
btm,110,0.10114224217832088,0.04276398126967251,2.131393164396286,0.30507239550352094,1.4248455852270125,2.440741938352585,2.0302509367465973,0.6138520836830139,0.0001,1,1895.1560665458344,0.4074592590332031,,,,,,,,,,,,,,,,,,,,,,,,,,,,,,,,,,,,,,,,,,,,,,,,,,,,,
btm,120,0.1116107802838087,0.0430927015375346,2.141033434867859,0.3020970240235329,1.4245499223470688,2.447439730167389,2.029422661662102,0.6452597379684448,0.0001,1,1864.8881740410045,0.4074592590332031,,,,,,,,,,,,,,,,,,,,,,,,,,,,,,,,,,,,,,,,,,,,,,,,,,,,,
btm,130,0.11895903572440147,0.03325448245741427,2.1438729643821715,0.2822584867477417,1.422961887717247,2.4294568717479708,2.024913913011551,0.6325720548629761,0.0001,1,1892.426273001846,0.4074592590332031,,,,,,,,,,,,,,,,,,,,,,,,,,,,,,,,,,,,,,,,,,,,,,,,,,,,,
btm,140,0.1276123482733965,0.03576530450955033,2.140476316213608,0.2742348615080118,1.4187303602695465,2.418287718296051,2.012863975763321,0.6053870320320129,0.0001,1,1850.6238053041034,0.4074592590332031,,,,,,,,,,,,,,,,,,,,,,,,,,,,,,,,,,,,,,,,,,,,,,,,,,,,,
btm,150,0.13526686914265157,0.03144065137021244,2.1493054270744323,0.26795618049800396,1.4191333144903182,2.4204056680202486,2.014038559794426,0.5776642560958862,0.0001,1,1685.0596191359132,0.4074592590332031,,,,,,,,,,,,,,,,,,,,,,,,,,,,,,,,,,,,,,,,,,,,,,,,,,,,,
btm,160,0.14060282260179519,0.029712293436750768,2.144897699356079,0.2434935413300991,1.415699377655983,2.3913624763488768,2.0042948961257934,0.6227062344551086,0.0001,1,1765.624146465044,0.4074592590332031,,,,,,,,,,,,,,,,,,,,,,,,,,,,,,,,,,,,,,,,,,,,,,,,,,,,,
btm,170,0.1477296683937311,0.02938852529041469,2.1419855773448946,0.25075154937803745,1.4121424347162246,2.395675963163376,1.9942559272050857,0.5639118552207947,0.0001,1,1872.2132817635995,0.4074592590332031,,,,,,,,,,,,,,,,,,,,,,,,,,,,,,,,,,,,,,,,,,,,,,,,,,,,,
btm,180,0.1521810706704855,0.02712469012476504,2.1522214293479918,0.24173293374478816,1.4141737043857574,2.3966668486595153,2.0000403761863708,0.6154335737228394,0.0001,1,1910.8587168599463,0.4074592590332031,,,,,,,,,,,,,,,,,,,,,,,,,,,,,,,,,,,,,,,,,,,,,,,,,,,,,
btm,190,0.15859275683760643,0.026982676656916737,2.13723281621933,0.2519780669361353,1.4065909296274186,2.3919091522693634,1.9786400556564332,0.5778582692146301,0.0001,1,1767.752619432149,0.4074592590332031,,,,,,,,,,,,,,,,,,,,,,,,,,,,,,,,,,,,,,,,,,,,,,,,,,,,,
btm,200,0.16278150789439677,0.025159564800560474,2.138294059038162,0.23434140868484973,1.4054875433444978,2.3751514196395873,1.9755125552415849,0.5881087779998779,0.0001,1,1806.2826852981132,0.4074592590332031,,,,,,,,,,,,,,,,,,,,,,,,,,,,,,,,,,,,,,,,,,,,,,,,,,,,,
btm,210,0.16750609166920186,0.021720981341786683,2.1284903824329375,0.2396436769515276,1.4002923101186753,2.3703061521053312,1.9609843075275422,0.5628365874290466,0.0001,1,1901.4885286518374,0.4074592590332031,,,,,,,,,,,,,,,,,,,,,,,,,,,,,,,,,,,,,,,,,,,,,,,,,,,,,
btm,220,0.1712176028639078,0.024113984731957316,2.126456010341644,0.23659417517483233,1.3982353508472443,2.3654615938663484,1.9552384048700333,0.5612045526504517,0.0001,1,1838.677660262614,0.4074592590332031,,,,,,,,,,,,,,,,,,,,,,,,,,,,,,,,,,,,,,,,,,,,,,,,,,,,,
btm,230,0.1719576869159937,0.022465906338766217,2.1143168330192568,0.23745927438139916,1.3936243653297424,2.354022705554962,1.9423591524362565,0.537641167640686,0.0001,1,1898.0861488091757,0.4074592590332031,,,,,,,,,,,,,,,,,,,,,,,,,,,,,,,,,,,,,,,,,,,,,,,,,,,,,
btm,240,0.17182717993855476,0.023102238913998006,2.0901590943336488,0.23336162194609641,1.3849732130765915,2.3258309364318848,1.9183319181203842,0.514553427696228,0.0001,1,1837.8226840784719,0.4074592590332031,,,,,,,,,,,,,,,,,,,,,,,,,,,,,,,,,,,,,,,,,,,,,,,,,,,,,
btm,250,0.17284650579094887,0.021403911989182234,2.077042666077614,0.2212952606379986,1.379865512251854,2.3004783272743223,1.9041961550712585,0.5078703761100769,0.0001,1,1898.7210537018354,0.4074592590332031,,,,,,,,,,,,,,,,,,,,,,,,,,,,,,,,,,,,,,,,,,,,,,,,,,,,,
btm,260,0.17180609479546546,0.02169692611787468,2.0598972886800766,0.22394052445888518,1.3740015178918839,2.286007487773895,1.8880911946296692,0.6389313340187073,0.0001,1,1872.5502954503306,0.4074592590332031,,,,,,,,,,,,,,,,,,,,,,,,,,,,,,,,,,,,,,,,,,,,,,,,,,,,,
btm,270,0.16498227827250958,0.01947678157594055,2.037058484554291,0.20818244405090808,1.3681433826684952,2.2471886038780213,1.8720762073993682,0.5664024353027344,0.0001,1,1902.422425518806,0.4074592590332031,,,,,,,,,,,,,,,,,,,,,,,,,,,,,,,,,,,,,,,,,,,,,,,,,,,,,
btm,280,0.16203095987439156,0.020991562260314824,2.007984071969986,0.22454877533018588,1.3585469245910644,2.2346319973468782,1.8459531009197234,0.6161718368530273,0.0001,1,1832.735138981815,0.4074592590332031,,,,,,,,,,,,,,,,,,,,,,,,,,,,,,,,,,,,,,,,,,,,,,,,,,,,,
btm,290,0.15827678553760052,0.020180654246360064,1.992194652557373,0.20487272255122663,1.354116788506508,2.1990854263305666,1.8339178800582885,0.5456225872039795,0.0001,1,1887.7284392959928,0.4074592590332031,,,,,,,,,,,,,,,,,,,,,,,,,,,,,,,,,,,,,,,,,,,,,,,,,,,,,
btm,300,0.15342499651014804,0.018567099538631737,1.980449950695038,0.20664020776748657,1.3515188306570054,2.1889468491077424,1.8270249724388123,0.549540638923645,0.0001,1,1893.5313741222092,0.4074592590332031,,,,,,,,,,,,,,,,,,,,,,,,,,,,,,,,,,,,,,,,,,,,,,,,,,,,,
btm,310,0.1477840818464756,0.018719893810339273,1.9380464613437653,0.20428350605070592,1.3378870606422424,2.144201934337616,1.7902623772621156,0.6159228086471558,0.0001,1,1904.1321918927104,0.4074592590332031,,,,,,,,,,,,,,,,,,,,,,,,,,,,,,,,,,,,,,,,,,,,,,,,,,,,,
btm,320,0.15563231110572814,0.017686030874028803,1.9533847004175187,0.1998387362807989,1.3406153708696364,2.1549920558929445,1.7977523922920227,0.6146911382675171,0.0001,1,1890.8746713249163,0.4074592590332031,,,,,,,,,,,,,,,,,,,,,,,,,,,,,,,,,,,,,,,,,,,,,,,,,,,,,
btm,330,0.14861443154513837,0.01792989547830075,1.9062550336122512,0.19207626320421695,1.325566166639328,2.1001242816448213,1.7576406061649323,0.5890630483627319,0.0001,1,1767.0077828311562,0.4074592590332031,,,,,,,,,,,,,,,,,,,,,,,,,,,,,,,,,,,,,,,,,,,,,,,,,,,,,
btm,340,0.14781465344130992,0.019441840751096607,1.8951885491609572,0.21048509627580642,1.3216962456703185,2.1076178312301637,1.7473738938570023,0.5762311816215515,0.0001,1,1776.397685446829,0.4074592590332031,,,,,,,,,,,,,,,,,,,,,,,,,,,,,,,,,,,,,,,,,,,,,,,,,,,,,
btm,350,0.15167327411472797,0.018067881534807383,1.8862910151481629,0.20250370148569347,1.3168475806713105,2.090601494908333,1.7346177369356155,0.6446690559387207,0.0001,1,1762.9171222004886,0.4074592590332031,,,,,,,,,,,,,,,,,,,,,,,,,,,,,,,,,,,,,,,,,,,,,,,,,,,,,
btm,360,0.1519048422574997,0.01755801378749311,1.889717036485672,0.19830129966139792,1.3181258708238601,2.0897741258144378,1.7378121972084046,0.604489803314209,0.0001,1,1827.6297681869357,0.4074592590332031,,,,,,,,,,,,,,,,,,,,,,,,,,,,,,,,,,,,,,,,,,,,,,,,,,,,,
btm,370,0.14233498871326447,0.01657693136949092,1.8453813731670379,0.18866288289427757,1.3048228055238724,2.035701948404312,1.7030463814735413,0.5879389643669128,0.0001,1,1854.620606546899,0.4074592590332031,,,,,,,,,,,,,,,,,,,,,,,,,,,,,,,,,,,,,,,,,,,,,,,,,,,,,
btm,380,0.1473248664289713,0.017023436655290426,1.838807013630867,0.1914070775732398,1.300364938378334,2.0319164365530016,1.6914821565151215,0.6270301342010498,0.0001,1,1895.9478236483174,0.4074592590332031,,,,,,,,,,,,,,,,,,,,,,,,,,,,,,,,,,,,,,,,,,,,,,,,,,,,,
btm,390,0.1409870307892561,0.016185115580447017,1.8029010385274886,0.18214980587363244,1.2889851361513138,1.986669346690178,1.6619140058755875,0.5768963694572449,0.0001,1,1862.5676571537367,0.4074592590332031,,,,,,,,,,,,,,,,,,,,,,,,,,,,,,,,,,,,,,,,,,,,,,,,,,,,,
btm,400,0.13620582036674023,0.017032508715055884,1.7876208662986754,0.1929412379860878,1.2848528265953063,1.982265356183052,1.651415041089058,0.6626473069190979,0.0001,1,1864.2251364363033,0.4074592590332031,,,,,,,,,,,,,,,,,,,,,,,,,,,,,,,,,,,,,,,,,,,,,,,,,,,,,
btm,410,0.1308428632095456,0.015577142406255007,1.7865051299333572,0.20969364698976278,1.2865290373563767,1.997756478190422,1.6556622713804245,0.5960347056388855,0.0001,1,1429.6029894657408,0.4074592590332031,,,,,,,,,,,,,,,,,,,,,,,,,,,,,,,,,,,,,,,,,,,,,,,,,,,,,
btm,420,0.13318379037082195,0.01634775223210454,1.767974254488945,0.17881498541682958,1.2784339040517807,1.9484240233898162,1.6347904741764068,0.665266752243042,0.0001,1,1835.3805519218836,0.4074592590332031,,,,,,,,,,,,,,,,,,,,,,,,,,,,,,,,,,,,,,,,,,,,,,,,,,,,,
btm,430,0.1302702534943819,0.01652899489272386,1.7540219098329544,0.18926289435476065,1.2740564227104187,1.9449377089738846,1.623751664161682,0.6180213689804077,0.0001,1,1938.1547302581805,0.4074592590332031,,,,,,,,,,,,,,,,,,,,,,,,,,,,,,,,,,,,,,,,,,,,,,,,,,,,,
btm,440,0.12343499008566142,0.013961775321513414,1.743432492017746,0.1712144672870636,1.2725354522466659,1.9160431385040284,1.6199975103139876,0.6114916801452637,0.0001,1,1916.9082279808924,0.4074592590332031,,,,,,,,,,,,,,,,,,,,,,,,,,,,,,,,,,,,,,,,,,,,,,,,,,,,,
btm,450,0.12861557509750127,0.014618575689382851,1.7225604027509689,0.16954933423548937,1.2624108493328094,1.8935716092586516,1.5939448207616806,0.5825720429420471,0.0001,1,1863.646106226771,0.4074592590332031,,,,,,,,,,,,,,,,,,,,,,,,,,,,,,,,,,,,,,,,,,,,,,,,,,,,,
btm,460,0.12623444981873036,0.01545192243065685,1.7288335621356965,0.17227065283805132,1.2655859887599945,1.9026493966579436,1.6025991171598435,0.6736018061637878,0.0001,1,1893.7665627399238,0.4074592590332031,,,,,,,,,,,,,,,,,,,,,,,,,,,,,,,,,,,,,,,,,,,,,,,,,,,,,
btm,470,0.1207747921347618,0.0139089890755713,1.7043484777212143,0.17834959607571363,1.2581787079572677,1.8840889781713486,1.5835736840963364,0.6261792778968811,0.0001,1,1834.9214532821009,0.4074592590332031,,,,,,,,,,,,,,,,,,,,,,,,,,,,,,,,,,,,,,,,,,,,,,,,,,,,,
btm,480,0.11442981138825417,0.014283083123154938,1.6776468485593796,0.15222788974642754,1.2500886142253875,1.8313030362129212,1.5632170498371125,0.5730545520782471,0.0001,1,1827.8278475852974,0.4074592590332031,,,,,,,,,,,,,,,,,,,,,,,,,,,,,,,,,,,,,,,,,,,,,,,,,,,,,
btm,490,0.10574619602411986,0.014958847570233047,1.6572032570838928,0.17811571508646012,1.2452800154685975,1.8368148535490036,1.5514570623636246,0.6180864572525024,0.0001,1,1883.594640571088,0.4074592590332031,,,,,,,,,,,,,,,,,,,,,,,,,,,,,,,,,,,,,,,,,,,,,,,,,,,,,
btm,500,0.10915029104799032,0.014516576845198869,1.663218367099762,0.17955608759075403,1.2462745219469071,1.8442261070013046,1.554068073630333,0.6323770880699158,0.0001,1,1861.034285912647,0.4074592590332031,,,,,,,,,,,,,,,,,,,,,,,,,,,,,,,,,,,,,,,,,,,,,,,,,,,,,
btm,500,,,,,,,,,,,,,0.0959223685786128,0.011323679878842086,1.664207473397255,0.12694454798474908,1.2521155253052711,1.7922843918204308,1.5682851076126099,1.2462138645350933,0.6990976110100746,0.0,,,,,,,,,,,,,,,,,,,,,,,,,,,,,,,,,,,,,,,,,,,
btm,510,0.09871489983052015,0.013936621299944819,1.644930836558342,0.17354172486811875,1.243178367614746,1.819866219162941,1.5462159395217896,0.6805821657180786,0.0001,1,874.8659720905317,0.4074592590332031,,,,,,,,,,,,,,,,,,,,,,,,,,,,,,,,,,,,,,,,,,,,,,,,,,,,,
btm,520,0.09380669705569744,0.01476971737574786,1.6293257027864456,0.1693455271422863,1.2389413118362427,1.8001481980085372,1.535519015789032,0.6784493327140808,0.0001,1,1896.667784518694,0.4074592590332031,,,,,,,,,,,,,,,,,,,,,,,,,,,,,,,,,,,,,,,,,,,,,,,,,,,,,
btm,530,0.09736991208046675,0.014734042179770767,1.6343416333198548,0.17996870689094066,1.2394260257482528,1.8157837450504304,1.5369717270135879,0.7255541086196899,0.0001,1,1895.080959636043,0.4074592590332031,,,,,,,,,,,,,,,,,,,,,,,,,,,,,,,,,,,,,,,,,,,,,,,,,,,,,
btm,540,0.10176298301666975,0.014275543089024723,1.6412115663290023,0.16644051428884268,1.2403630524873734,1.80907963514328,1.539448583126068,0.6432393789291382,0.0001,1,1897.3578239622755,0.4074592590332031,,,,,,,,,,,,,,,,,,,,,,,,,,,,,,,,,,,,,,,,,,,,,,,,,,,,,
btm,550,0.09486879892647267,0.013623378984630109,1.6209436535835267,0.16360420938581227,1.2350824147462844,1.7859102129936217,1.5260748535394668,0.680324137210846,0.0001,1,1831.4829507507686,0.4074592590332031,,,,,,,,,,,,,,,,,,,,,,,,,,,,,,,,,,,,,,,,,,,,,,,,,,,,,
btm,560,0.08725042846053839,0.014320423640310765,1.6023195832967758,0.16591548677533866,1.2307015150785445,1.7696671068668366,1.5150691539049148,0.7081637382507324,0.0001,1,1836.8787484426507,0.4074592590332031,,,,,,,,,,,,,,,,,,,,,,,,,,,,,,,,,,,,,,,,,,,,,,,,,,,,,
btm,570,0.0930089296773076,0.013520647119730712,1.6337287545204162,0.15737777221947907,1.2408728331327439,1.7924585908651351,1.5407198339700698,0.7162600755691528,0.0001,1,1855.7621272473752,0.4074592590332031,,,,,,,,,,,,,,,,,,,,,,,,,,,,,,,,,,,,,,,,,,,,,,,,,,,,,
btm,580,0.09751839134842158,0.014429084886796773,1.6326613306999207,0.16044317409396172,1.2385847926139832,1.7945474058389663,1.5351429402828216,0.6880847811698914,0.0001,1,1851.0014763519184,0.4074592590332031,,,,,,,,,,,,,,,,,,,,,,,,,,,,,,,,,,,,,,,,,,,,,,,,,,,,,
btm,590,0.08891337215900422,0.014331199880689382,1.605615073442459,0.16924435887485742,1.2311860471963882,1.7762925535440446,1.5167017102241516,0.7028043866157532,0.0001,1,1856.0038717529478,0.4074592590332031,,,,,,,,,,,,,,,,,,,,,,,,,,,,,,,,,,,,,,,,,,,,,,,,,,,,,
btm,600,0.08704433683305979,0.01408317186869681,1.6056015729904174,0.15737332180142402,1.2319453209638596,1.7643832087516784,1.5185572355985641,0.6584211587905884,0.0001,1,1863.5964759187386,0.4074592590332031,,,,,,,,,,,,,,,,,,,,,,,,,,,,,,,,,,,,,,,,,,,,,,,,,,,,,
btm,610,0.09332242272794247,0.013824217463843524,1.6121786445379258,0.16840036846697332,1.231918129324913,1.7819614499807357,1.5188562154769898,0.6695850491523743,0.0001,1,1927.1947975013954,0.4074592590332031,,,,,,,,,,,,,,,,,,,,,,,,,,,,,,,,,,,,,,,,,,,,,,,,,,,,,
btm,620,0.09484487045556307,0.013317556283436716,1.6034907758235932,0.1650907427072525,1.227936139702797,1.7699132591485978,1.5086459040641784,0.6774582266807556,0.0001,1,1910.397471228311,0.4074592590332031,,,,,,,,,,,,,,,,,,,,,,,,,,,,,,,,,,,,,,,,,,,,,,,,,,,,,
btm,630,0.08762894477695227,0.012621696759015321,1.5966463208198547,0.1421737801283598,1.2280507028102874,1.7400822699069978,1.5090173780918121,0.737173855304718,0.0001,1,1910.6968773016833,0.4074592590332031,,,,,,,,,,,,,,,,,,,,,,,,,,,,,,,,,,,,,,,,,,,,,,,,,,,,,
btm,640,0.09002198819071054,0.0136505109956488,1.6223530739545822,0.16368566062301398,1.2374222844839096,1.7874037742614746,1.5323310881853103,0.7273777723312378,0.0001,1,1883.3554265963114,0.4074592590332031,,,,,,,,,,,,,,,,,,,,,,,,,,,,,,,,,,,,,,,,,,,,,,,,,,,,,
btm,650,0.08903224617242814,0.012555746594443917,1.6263340413570404,0.14809282813221217,1.2393940061330795,1.7756824433803557,1.5373017996549607,0.7122659683227539,0.0001,1,1875.242924152739,0.4074592590332031,,,,,,,,,,,,,,,,,,,,,,,,,,,,,,,,,,,,,,,,,,,,,,,,,,,,,
btm,660,0.1001183109357953,0.013045358052477241,1.5959679007530212,0.16592091284692287,1.2227435111999512,1.7631933480501174,1.495849597454071,0.7212758660316467,0.0001,1,1871.686256278572,0.4074592590332031,,,,,,,,,,,,,,,,,,,,,,,,,,,,,,,,,,,,,,,,,,,,,,,,,,,,,
btm,670,0.1026207258924842,0.012374711106531322,1.6237813919782638,0.14605644661933184,1.232689267396927,1.771075314283371,1.521160677075386,0.7944567799568176,0.0001,1,1824.0464019703377,0.4074592590332031,,,,,,,,,,,,,,,,,,,,,,,,,,,,,,,,,,,,,,,,,,,,,,,,,,,,,
btm,680,0.08644419126212596,0.012810997827909888,1.592324960231781,0.14885415583848954,1.2267692893743516,1.742460224032402,1.5058807641267777,0.6444954872131348,0.0001,1,1775.003152540154,0.4074592590332031,,,,,,,,,,,,,,,,,,,,,,,,,,,,,,,,,,,,,,,,,,,,,,,,,,,,,
btm,690,0.0913692943751812,0.012204818218015135,1.6103208184242248,0.15718198269605638,1.2320310950279236,1.7687232792377472,1.51895152926445,0.6864079833030701,0.0001,1,1815.61071805018,0.4074592590332031,,,,,,,,,,,,,,,,,,,,,,,,,,,,,,,,,,,,,,,,,,,,,,,,,,,,,
btm,700,0.09984488487243652,0.012236082972958685,1.6111120134592056,0.13942089080810546,1.2287477642297744,1.7517565190792084,1.5112671375274658,0.6597126722335815,0.0001,1,1736.363302686793,0.4074592590332031,,,,,,,,,,,,,,,,,,,,,,,,,,,,,,,,,,,,,,,,,,,,,,,,,,,,,
btm,710,0.09995134547352791,0.013227929244749248,1.5832027554512025,0.1714877223595977,1.2173244178295135,1.7560132682323455,1.4832514137029649,0.7235227823257446,0.0001,1,1809.5311061055345,0.4074592590332031,,,,,,,,,,,,,,,,,,,,,,,,,,,,,,,,,,,,,,,,,,,,,,,,,,,,,
btm,720,0.10217696297913789,0.012486450327560305,1.6085508644580842,0.152812971919775,1.2269089937210083,1.7626124680042268,1.5063739150762558,0.7124029397964478,0.0001,1,1732.6608272778683,0.4074592590332031,,,,,,,,,,,,,,,,,,,,,,,,,,,,,,,,,,,,,,,,,,,,,,,,,,,,,
btm,730,0.09385191220790148,0.011970715038478375,1.5956600308418274,0.151851474866271,1.2250645339488984,1.748708564043045,1.5018081188201904,0.7365628480911255,0.0001,1,1808.238783222858,0.4074592590332031,,,,,,,,,,,,,,,,,,,,,,,,,,,,,,,,,,,,,,,,,,,,,,,,,,,,,
btm,740,0.10019690413028001,0.012825302523560822,1.6161727011203766,0.15592829138040543,1.2307185649871826,1.7733835130929947,1.515975797176361,0.7596627473831177,0.0001,1,1819.2348898446476,0.4074592590332031,,,,,,,,,,,,,,,,,,,,,,,,,,,,,,,,,,,,,,,,,,,,,,,,,,,,,
btm,750,0.08903870526701212,0.013272731611505151,1.6190265983343124,0.15298234410583972,1.2363842278718948,1.7733362108469009,1.5299878984689712,0.6739104390144348,0.0001,1,1872.8490871269682,0.4074592590332031,,,,,,,,,,,,,,,,,,,,,,,,,,,,,,,,,,,,,,,,,,,,,,,,,,,,,
btm,760,0.09708001147955655,0.013138842373155057,1.6171920537948608,0.15533462204039097,1.2322560608386994,1.7738405585289,1.5201120376586914,0.8111671209335327,0.0001,1,1832.966496366103,0.4074592590332031,,,,,,,,,,,,,,,,,,,,,,,,,,,,,,,,,,,,,,,,,,,,,,,,,,,,,
btm,770,0.09774652440100909,0.013090005912818014,1.6108890384435655,0.1506966022774577,1.22945656478405,1.7628946423530578,1.5131425142288208,0.7539365887641907,0.0001,1,1847.5012103416173,0.4074592590332031,,,,,,,,,,,,,,,,,,,,,,,,,,,,,,,,,,,,,,,,,,,,,,,,,,,,,
btm,780,0.09547695387154817,0.012409880198538304,1.5632120013236999,0.14894831851124762,1.2109234035015106,1.7134012937545777,1.4677350521087646,0.7473017573356628,0.0001,1,1867.1100834017961,0.4074592590332031,,,,,,,,,,,,,,,,,,,,,,,,,,,,,,,,,,,,,,,,,,,,,,,,,,,,,
btm,790,0.10197562985122204,0.011655707797035574,1.5899014174938202,0.1478706978261471,1.219042181968689,1.7389376759529114,1.4879258006811142,0.770787239074707,0.0001,1,1842.7526222848367,0.4074592590332031,,,,,,,,,,,,,,,,,,,,,,,,,,,,,,,,,,,,,,,,,,,,,,,,,,,,,
btm,800,0.09918310828506946,0.011453112354502082,1.6063032925128937,0.13590561784803867,1.2269696056842805,1.7433542281389236,1.507120180130005,0.7645717263221741,0.0001,1,1825.2862860227488,0.4074592590332031,,,,,,,,,,,,,,,,,,,,,,,,,,,,,,,,,,,,,,,,,,,,,,,,,,,,,
btm,810,0.10792873743921519,0.012104519922286273,1.6051380902528762,0.1449977124109864,1.2226877182722091,1.7513462543487548,1.4972093552350998,0.7470710873603821,0.0001,1,1910.8234148923393,0.4074592590332031,,,,,,,,,,,,,,,,,,,,,,,,,,,,,,,,,,,,,,,,,,,,,,,,,,,,,
btm,820,0.10207620486617089,0.012128201476298273,1.5817154824733735,0.13948068637400865,1.21577085852623,1.722408977150917,1.479639285802841,0.7624369263648987,0.0001,1,1927.3633847603815,0.4074592590332031,,,,,,,,,,,,,,,,,,,,,,,,,,,,,,,,,,,,,,,,,,,,,,,,,,,,,
btm,830,0.10598217528313399,0.012290434748865663,1.5946121871471406,0.14700756091624498,1.2192337334156036,1.7428487867116929,1.488630011677742,0.763599157333374,0.0001,1,1914.3124901595454,0.4074592590332031,,,,,,,,,,,,,,,,,,,,,,,,,,,,,,,,,,,,,,,,,,,,,,,,,,,,,
btm,840,0.096232670545578,0.012441844213753939,1.593665224313736,0.14594982024282216,1.2229939132928849,1.7408592224121093,1.4974325567483902,0.7598642110824585,0.0001,1,1831.3146236630853,0.4074592590332031,,,,,,,,,,,,,,,,,,,,,,,,,,,,,,,,,,,,,,,,,,,,,,,,,,,,,
btm,850,0.0965608162805438,0.011700042570009828,1.5837836056947707,0.1527764793485403,1.218495139479637,1.7377300888299942,1.4872227907180786,0.7318347096443176,0.0001,1,1790.6557393725961,0.4074592590332031,,,,,,,,,,,,,,,,,,,,,,,,,,,,,,,,,,,,,,,,,,,,,,,,,,,,,
btm,860,0.10580428410321474,0.012225037254393101,1.5833367258310318,0.14472379591315984,1.2150687545537948,1.7292830169200897,1.4775324434041976,0.7934425473213196,0.0001,1,1925.3959410215127,0.4074592590332031,,,,,,,,,,,,,,,,,,,,,,,,,,,,,,,,,,,,,,,,,,,,,,,,,,,,,
btm,870,0.10333647876977921,0.011691236589103936,1.5972140550613403,0.14496821854263545,1.221524852514267,1.7433513939380645,1.4938775807619096,0.7079333662986755,0.0001,1,1934.6515434622272,0.4074592590332031,,,,,,,,,,,,,,,,,,,,,,,,,,,,,,,,,,,,,,,,,,,,,,,,,,,,,
btm,880,0.09557896461337805,0.011585505632683634,1.5829250663518906,0.14008246138691902,1.2190660953521728,1.7241660684347153,1.487346112728119,0.7023950219154358,0.0001,1,1910.1083792962222,0.4074592590332031,,,,,,,,,,,,,,,,,,,,,,,,,,,,,,,,,,,,,,,,,,,,,,,,,,,,,
btm,890,0.09834404960274697,0.011803059326484799,1.5620964467525482,0.14021503012627362,1.2094326049089432,1.7034917771816254,1.4637524038553238,0.6746631264686584,0.0001,1,1826.7312671316008,0.4074592590332031,,,,,,,,,,,,,,,,,,,,,,,,,,,,,,,,,,,,,,,,,,,,,,,,,,,,,
btm,900,0.10075994934886694,0.011106320843100547,1.594919380545616,0.1373287236317992,1.2214045912027358,1.7333587259054184,1.494159433245659,0.8338429927825928,0.0001,1,1869.5164775749615,0.4074592590332031,,,,,,,,,,,,,,,,,,,,,,,,,,,,,,,,,,,,,,,,,,,,,,,,,,,,,
btm,910,0.09420480392873287,0.01155019630677998,1.5354992181062699,0.14324765801429748,1.2001325607299804,1.6799018949270248,1.4412944167852402,0.7613959908485413,0.0001,1,1910.7584784060598,0.4074592590332031,,,,,,,,,,,,,,,,,,,,,,,,,,,,,,,,,,,,,,,,,,,,,,,,,,,,,
btm,920,0.09152996558696032,0.011280710552819073,1.5370878517627715,0.1430482015013695,1.2016288697719575,1.681264117360115,1.4455578833818437,0.830703616142273,0.0001,1,1916.9888557799443,0.4074592590332031,,,,,,,,,,,,,,,,,,,,,,,,,,,,,,,,,,,,,,,,,,,,,,,,,,,,,
btm,930,0.10751355532556772,0.012412309041246771,1.5811862468719482,0.14182495661079883,1.2127089083194733,1.7242524385452271,1.473672702908516,0.7817050814628601,0.0001,1,1909.2571598383254,0.4074592590332031,,,,,,,,,,,,,,,,,,,,,,,,,,,,,,,,,,,,,,,,,,,,,,,,,,,,,
btm,940,0.108891592733562,0.011957935476675629,1.5617314010858536,0.13552778232842683,1.2043155163526535,1.698454988002777,1.4528398007154464,0.7969350218772888,0.0001,1,1900.013445794157,0.4074592590332031,,,,,,,,,,,,,,,,,,,,,,,,,,,,,,,,,,,,,,,,,,,,,,,,,,,,,
btm,950,0.09597144052386283,0.011129861476365476,1.5492076694965362,0.14285932425409556,1.2050201803445817,1.6931799739599227,1.4532362341880798,0.8334852457046509,0.0001,1,1851.663197080045,0.4074592590332031,,,,,,,,,,,,,,,,,,,,,,,,,,,,,,,,,,,,,,,,,,,,,,,,,,,,,
btm,960,0.10018034297972918,0.01126568759791553,1.5553472697734834,0.13325456380844117,1.205261868238449,1.689728382229805,1.455166932940483,0.7704840302467346,0.0001,1,1826.7039628299704,0.4074592590332031,,,,,,,,,,,,,,,,,,,,,,,,,,,,,,,,,,,,,,,,,,,,,,,,,,,,,
btm,970,0.10269919633865357,0.01120772644644603,1.5637579798698424,0.13297820705920457,1.2082774192094803,1.697856965661049,1.4610587894916534,0.748106062412262,0.0001,1,1808.7842569652603,0.4074592590332031,,,,,,,,,,,,,,,,,,,,,,,,,,,,,,,,,,,,,,,,,,,,,,,,,,,,,
btm,980,0.11244553327560425,0.010956166312098503,1.5323872417211533,0.12916551530361176,1.1906393140554428,1.6626483619213104,1.4199417144060136,0.7183750867843628,0.0001,1,1756.1658767523013,0.4074592590332031,,,,,,,,,,,,,,,,,,,,,,,,,,,,,,,,,,,,,,,,,,,,,,,,,,,,,
btm,990,0.11054203137755395,0.010855436034034938,1.5770377337932586,0.13352776356041432,1.2096034109592437,1.7116510421037674,1.4664956957101822,0.7792773842811584,0.0001,1,1688.785727520792,0.4074592590332031,,,,,,,,,,,,,,,,,,,,,,,,,,,,,,,,,,,,,,,,,,,,,,,,,,,,,
btm,1000,0.10448985323309898,0.011779073369689285,1.5665181189775468,0.13671511728316546,1.208100014925003,1.7044111371040345,1.4620282769203186,0.7933656573295593,0.0001,1,1800.3855085437312,0.4074592590332031,,,,,,,,,,,,,,,,,,,,,,,,,,,,,,,,,,,,,,,,,,,,,,,,,,,,,
btm,1000,,,,,,,,,,,,,0.09279265813529491,0.008689195150509477,1.4804757386446,0.09993316885083914,1.1771585494279861,1.5812778249382973,1.387683093547821,1.0002591144293547,0.54681103117764,0.0,,,,,,,,,,,,,,,,,,,,,,,,,,,,,,,,,,,,,,,,,,,
btm,1000,,,,,,,,,,,,,,,,,,,,,,,0.4,8,20,0.21880396741419272,0.613422057684794,61.07227851636708,1133.9384919032454,1162.9648135975,0.2652466524159536,0.7042220839858055,0.7486606592551256,665600,1,40,0.4,8,20,0.21880396741419272,0.613422057684794,61.15105435624719,1135.6402209494263,1155.8512721210716,0.5518601047876291,0.8595792983472347,0.8583148473348373,665600,1,40,0.25,5,20,0.11186005278940309,0.4687050099580636,62.26879740692675,1141.913040773943,1154.1140930727122,0.8622644760820549,1.002154961153865,0.9126329024632772,665600,1,40,0.35000000000000003
btm,1010,0.10061109960079193,0.011122005945071577,1.5072820901870727,0.13986257202923297,1.1854703277349472,1.6482568502426147,1.4066710025072098,0.9001175761222839,0.0001,1,6.222171251708234,0.4074592590332031,,,,,,,,,,,,,,,,,,,,,,,,,,,,,,,,,,,,,,,,,,,,,,,,,,,,,
btm,1020,0.10677578039467335,0.011393144843168557,1.5371992409229278,0.14109174832701682,1.1949218153953551,1.679430302977562,1.430423453450203,0.8437802195549011,0.0001,1,1879.242124648711,0.4074592590332031,,,,,,,,,,,,,,,,,,,,,,,,,,,,,,,,,,,,,,,,,,,,,,,,,,,,,
btm,1030,0.10388066340237856,0.010996274999342859,1.5371455281972886,0.12612024005502462,1.1962510734796523,1.6643653988838196,1.433264860510826,0.9616109728813171,0.0001,1,1814.534713172859,0.4074592590332031,,,,,,,,,,,,,,,,,,,,,,,,,,,,,,,,,,,,,,,,,,,,,,,,,,,,,
btm,1040,0.1036610385403037,0.011266760248690843,1.5482883423566818,0.13104591853916644,1.2004270613193513,1.680460938811302,1.4446273177862168,0.8800764083862305,0.0001,1,1905.6049180066477,0.4074592590332031,,,,,,,,,,,,,,,,,,,,,,,,,,,,,,,,,,,,,,,,,,,,,,,,,,,,,
btm,1050,0.10249780975282193,0.01144810530822724,1.5065555453300477,0.13676720540970563,1.1835198283195496,1.6444675534963609,1.4040577411651611,0.8327121138572693,0.0001,1,1815.1234590502731,0.4074592590332031,,,,,,,,,,,,,,,,,,,,,,,,,,,,,,,,,,,,,,,,,,,,,,,,,,,,,
btm,1060,0.10249903704971075,0.010800575790926813,1.4934197545051575,0.1301211506128311,1.1782584279775619,1.6246209621429444,1.390920713543892,0.7582917809486389,0.0001,1,1852.1412455070376,0.4074592590332031,,,,,,,,,,,,,,,,,,,,,,,,,,,,,,,,,,,,,,,,,,,,,,,,,,,,,
btm,1070,0.09862563014030457,0.010453707573469728,1.477579089999199,0.13799919113516806,1.1737406820058822,1.616623654961586,1.378953456878662,0.7459995150566101,0.0001,1,1791.1013268531183,0.4074592590332031,,,,,,,,,,,,,,,,,,,,,,,,,,,,,,,,,,,,,,,,,,,,,,,,,,,,,
btm,1080,0.1050148494541645,0.011401160736568272,1.4952181726694107,0.12895753048360348,1.1782384842634201,1.6253158301115036,1.3902033269405365,0.7686652541160583,0.0001,1,1889.1050946058363,0.4074592590332031,,,,,,,,,,,,,,,,,,,,,,,,,,,,,,,,,,,,,,,,,,,,,,,,,,,,,
btm,1090,0.10146623887121678,0.010846751171629875,1.4788965165615082,0.1299369467422366,1.1728277117013932,1.6099181383848191,1.377430287003517,0.8385540843009949,0.0001,1,1778.991139697192,0.4074592590332031,,,,,,,,,,,,,,,,,,,,,,,,,,,,,,,,,,,,,,,,,,,,,,,,,,,,,
btm,1100,0.10437763780355454,0.01098362731281668,1.5143044412136077,0.1380551602691412,1.1854829162359237,1.6534579634666442,1.4099268108606338,0.8501216769218445,0.0001,1,1864.6177954290968,0.4074592590332031,,,,,,,,,,,,,,,,,,,,,,,,,,,,,,,,,,,,,,,,,,,,,,,,,,,,,
btm,1110,0.09927264992147684,0.011015599581878633,1.4548806250095367,0.1405885387212038,1.1633676320314408,1.5965707302093506,1.3556079745292664,0.7323130369186401,0.0001,1,1886.0800805729007,0.4074592590332031,,,,,,,,,,,,,,,,,,,,,,,,,,,,,,,,,,,,,,,,,,,,,,,,,,,,,
btm,1120,0.11191052068024873,0.01110377695877105,1.5185184866189956,0.1291456028819084,1.1851545304059983,1.648774465918541,1.4066079705953598,0.8177980184555054,0.0001,1,1942.8214510845444,0.4074592590332031,,,,,,,,,,,,,,,,,,,,,,,,,,,,,,,,,,,,,,,,,,,,,,,,,,,,,
btm,1130,0.09971125535666943,0.011116697918623686,1.4656243711709975,0.15050568599253894,1.1674858987331391,1.617241731286049,1.3659131109714509,0.8913917541503906,0.0001,1,1968.762777620549,0.4074592590332031,,,,,,,,,,,,,,,,,,,,,,,,,,,,,,,,,,,,,,,,,,,,,,,,,,,,,
btm,1140,0.10373990908265114,0.011305111029651016,1.481519591808319,0.13795407004654409,1.1724980115890502,1.6206041663885116,1.3777796924114227,0.7823817133903503,0.0001,1,1979.0426352703869,0.4074592590332031,,,,,,,,,,,,,,,,,,,,,,,,,,,,,,,,,,,,,,,,,,,,,,,,,,,,,
btm,1150,0.10808588359504938,0.011601938074454666,1.4761289447546004,0.13887290731072427,1.1685030788183213,1.6161620408296584,1.3680430620908737,0.7642933130264282,0.0001,1,1979.6888295526994,0.4074592590332031,,,,,,,,,,,,,,,,,,,,,,,,,,,,,,,,,,,,,,,,,,,,,,,,,,,,,
btm,1160,0.10349869653582573,0.010835338535252958,1.455970150232315,0.11694753840565682,1.1622970342636108,1.57400121986866,1.352471461892128,0.8350838422775269,0.0001,1,1962.5668743542983,0.4074592590332031,,,,,,,,,,,,,,,,,,,,,,,,,,,,,,,,,,,,,,,,,,,,,,,,,,,,,
btm,1170,0.09802081678062677,0.011109287000726909,1.4579882115125655,0.12185194520279766,1.165282380580902,1.580951076745987,1.3599673986434937,0.8576444387435913,0.0001,1,1902.4531674241273,0.4074592590332031,,,,,,,,,,,,,,,,,,,,,,,,,,,,,,,,,,,,,,,,,,,,,,,,,,,,,
btm,1180,0.096929850615561,0.011161942034959793,1.4295161753892898,0.13158097453415393,1.1535256206989288,1.562213346362114,1.332586333155632,0.868919849395752,0.0001,1,1913.5270842524315,0.4074592590332031,,,,,,,,,,,,,,,,,,,,,,,,,,,,,,,,,,,,,,,,,,,,,,,,,,,,,
btm,1190,0.10829015392810107,0.010926703922450542,1.4448276311159134,0.1330595687031746,1.1548012793064117,1.5789798766374588,1.3365374773740768,0.845340371131897,0.0001,1,1962.8136617966677,0.4074592590332031,,,,,,,,,,,,,,,,,,,,,,,,,,,,,,,,,,,,,,,,,,,,,,,,,,,,,
btm,1200,0.09470734875649214,0.010329819878097623,1.4420184433460235,0.1268401138484478,1.159427958726883,1.5698915392160415,1.3473111003637315,0.8905768990516663,0.0001,1,1923.8854701586909,0.4074592590332031,,,,,,,,,,,,,,,,,,,,,,,,,,,,,,,,,,,,,,,,,,,,,,,,,,,,,
btm,1210,0.09064791724085808,0.01091876917053014,1.3903995215892793,0.12151695182546973,1.1389430850744247,1.5130083322525025,1.2997516095638275,0.8127059936523438,0.0001,1,1999.9661916994066,0.4074592590332031,,,,,,,,,,,,,,,,,,,,,,,,,,,,,,,,,,,,,,,,,,,,,,,,,,,,,
btm,1220,0.09712140373885632,0.010467848379630596,1.4191576898097993,0.12289312174543739,1.149025985598564,1.5430976092815398,1.3220363020896913,0.8176809549331665,0.0001,1,1894.2071656842575,0.4074592590332031,,,,,,,,,,,,,,,,,,,,,,,,,,,,,,,,,,,,,,,,,,,,,,,,,,,,,
btm,1230,0.09870456606149673,0.010910239815711976,1.438129323720932,0.1274053355678916,1.1561975836753846,1.5666256695985794,1.3394247502088548,0.9571924805641174,0.0001,1,1977.6639156927656,0.4074592590332031,,,,,,,,,,,,,,,,,,,,,,,,,,,,,,,,,,,,,,,,,,,,,,,,,,,,,
btm,1240,0.09458193108439446,0.010876857466064394,1.3921960830688476,0.14132440146058797,1.13853277862072,1.5346081674098968,1.297614148259163,0.8149600625038147,0.0001,1,1946.440906579883,0.4074592590332031,,,,,,,,,,,,,,,,,,,,,,,,,,,,,,,,,,,,,,,,,,,,,,,,,,,,,
btm,1250,0.09485565777868032,0.009884571062866599,1.3840630114078523,0.11999601479619741,1.1342470407485963,1.5050474852323532,1.289207351207733,0.7775015234947205,0.0001,1,1970.2412387246409,0.4074592590332031,,,,,,,,,,,,,,,,,,,,,,,,,,,,,,,,,,,,,,,,,,,,,,,,,,,,,
btm,1260,0.09924464877694845,0.010279241658281535,1.3656099885702133,0.12111984975636006,1.124471989274025,1.4877577632665635,1.2663653492927551,0.8154135942459106,0.0001,1,1928.3897923927502,0.4074592590332031,,,,,,,,,,,,,,,,,,,,,,,,,,,,,,,,,,,,,,,,,,,,,,,,,,,,,
btm,1270,0.10101070944219828,0.010904335929080845,1.4072283923625946,0.12197388438507914,1.141863963007927,1.530292707681656,1.3062176913022996,0.8267939686775208,0.0001,1,1902.435213019524,0.4074592590332031,,,,,,,,,,,,,,,,,,,,,,,,,,,,,,,,,,,,,,,,,,,,,,,,,,,,,
btm,1280,0.09160095527768135,0.010576532979030162,1.3632656723260879,0.12898724898695946,1.1269777685403823,1.4933105796575545,1.2716647237539291,0.8505282998085022,0.0001,1,1940.1108498340848,0.4074592590332031,,,,,,,,,,,,,,,,,,,,,,,,,,,,,,,,,,,,,,,,,,,,,,,,,,,,,
btm,1290,0.10657254718244076,0.010219216207042336,1.38839892745018,0.1187812665477395,1.1313405215740204,1.5082021057605743,1.281826376914978,0.8431047201156616,0.0001,1,1961.826100137905,0.4074592590332031,,,,,,,,,,,,,,,,,,,,,,,,,,,,,,,,,,,,,,,,,,,,,,,,,,,,,
btm,1300,0.09408583920449018,0.010029040079098194,1.3724262535572052,0.12223392659798264,1.1295260339975357,1.495663085579872,1.2783404111862182,0.8777708411216736,0.0001,1,1706.9470166665967,0.4074592590332031,,,,,,,,,,,,,,,,,,,,,,,,,,,,,,,,,,,,,,,,,,,,,,,,,,,,,
btm,1310,0.08925443645566702,0.010885222535580396,1.338618677854538,0.12879199367016553,1.116688284277916,1.4684992015361786,1.2493642389774322,0.7685507535934448,0.0001,1,1906.5632072659123,0.4074592590332031,,,,,,,,,,,,,,,,,,,,,,,,,,,,,,,,,,,,,,,,,,,,,,,,,,,,,
btm,1320,0.10314229875802994,0.010777007043361663,1.3524523496627807,0.12593265976756812,1.1166738212108611,1.4794627010822297,1.249310055375099,0.816856324672699,0.0001,1,1979.6857897838274,0.4074592590332031,,,,,,,,,,,,,,,,,,,,,,,,,,,,,,,,,,,,,,,,,,,,,,,,,,,,,
btm,1330,0.09931968171149493,0.010601703706197441,1.3412985116243363,0.12396914064884186,1.1134690165519714,1.4663278222084046,1.2419788151979447,0.720992386341095,0.0001,1,1858.8703338777,0.4074592590332031,,,,,,,,,,,,,,,,,,,,,,,,,,,,,,,,,,,,,,,,,,,,,,,,,,,,,
btm,1340,0.09507305063307285,0.011080123856663704,1.3550277441740035,0.133418988250196,1.121543860435486,1.4895547419786452,1.2599546998739242,0.834182858467102,0.0001,1,1856.8181324902407,0.4074592590332031,,,,,,,,,,,,,,,,,,,,,,,,,,,,,,,,,,,,,,,,,,,,,,,,,,,,,
btm,1350,0.09074596166610718,0.010295815055724234,1.3523365080356597,0.12264873832464218,1.1217765837907792,1.4760148257017136,1.2615905433893204,0.9326663613319397,0.0001,1,1783.075888227971,0.4074592590332031,,,,,,,,,,,,,,,,,,,,,,,,,,,,,,,,,,,,,,,,,,,,,,,,,,,,,
btm,1360,0.10309783425182104,0.010453928541392089,1.348784202337265,0.12909007975831627,1.1149924457073213,1.4789196699857712,1.2456863641738891,0.8085842132568359,0.0001,1,1848.5629142035068,0.4074592590332031,,,,,,,,,,,,,,,,,,,,,,,,,,,,,,,,,,,,,,,,,,,,,,,,,,,,,
btm,1370,0.0857472725212574,0.01070281509310007,1.294649788737297,0.12851037671789528,1.0986589640378952,1.4242304563522339,1.2089025050401687,0.9359793066978455,0.0001,1,1784.3819043830015,0.4074592590332031,,,,,,,,,,,,,,,,,,,,,,,,,,,,,,,,,,,,,,,,,,,,,,,,,,,,,
btm,1380,0.10011721178889274,0.010906574048567564,1.3348294526338578,0.12894096970558167,1.1096794992685317,1.464861088991165,1.2347122460603714,0.7185655236244202,0.0001,1,1876.3039018509096,0.4074592590332031,,,,,,,,,,,,,,,,,,,,,,,,,,,,,,,,,,,,,,,,,,,,,,,,,,,,,
btm,1390,0.08410396650433541,0.01077769510447979,1.329071381688118,0.13605190655216576,1.1145258694887161,1.466201052069664,1.244967418909073,0.8091782927513123,0.0001,1,1838.5748853547393,0.4074592590332031,,,,,,,,,,,,,,,,,,,,,,,,,,,,,,,,,,,,,,,,,,,,,,,,,,,,,
btm,1400,0.089974894374609,0.01049627789761871,1.331566709280014,0.12657194286584855,1.1125086098909378,1.4591882646083831,1.2415918320417405,0.8085507750511169,0.0001,1,1794.6163735421935,0.4074592590332031,,,,,,,,,,,,,,,,,,,,,,,,,,,,,,,,,,,,,,,,,,,,,,,,,,,,,
btm,1410,0.09389383513480425,0.010588663816452026,1.2990997821092605,0.13324794005602597,1.0966313004493713,1.4334065824747086,1.2052059412002563,0.7755001783370972,0.0001,1,1845.0618839864153,0.4074592590332031,,,,,,,,,,,,,,,,,,,,,,,,,,,,,,,,,,,,,,,,,,,,,,,,,,,,,
btm,1420,0.09407039470970631,0.010260574892163277,1.3212978154420854,0.12473620474338531,1.1062182545661927,1.4470600694417954,1.2272274136543273,0.9426349401473999,0.0001,1,1831.215334562618,0.4074592590332031,,,,,,,,,,,,,,,,,,,,,,,,,,,,,,,,,,,,,,,,,,,,,,,,,,,,,
btm,1430,0.0932399496436119,0.010036297352053225,1.2905384659767152,0.1210903774946928,1.0932539105415344,1.4126324713230134,1.1972985208034514,0.9121951460838318,0.0001,1,1991.4874662107106,0.4074592590332031,,,,,,,,,,,,,,,,,,,,,,,,,,,,,,,,,,,,,,,,,,,,,,,,,,,,,
btm,1440,0.09798445403575898,0.010353063361253589,1.36822749376297,0.1257674854248762,1.1256720066070556,1.4950302720069886,1.2702430427074431,0.8941963315010071,0.0001,1,1972.469736796709,0.4074592590332031,,,,,,,,,,,,,,,,,,,,,,,,,,,,,,,,,,,,,,,,,,,,,,,,,,,,,
btm,1450,0.0767387880012393,0.010292700468562543,1.2598147571086884,0.11957697048783303,1.086907896399498,1.3804209917783736,1.1830759733915328,0.7749826908111572,0.0001,1,1939.731560334432,0.4074592590332031,,,,,,,,,,,,,,,,,,,,,,,,,,,,,,,,,,,,,,,,,,,,,,,,,,,,,
btm,1460,0.09842434581369161,0.010495726007502527,1.2703618347644805,0.12623685803264378,1.081421422958374,1.3976482778787613,1.1719374850392341,0.855194091796875,0.0001,1,1981.1042194534516,0.4074592590332031,,,,,,,,,,,,,,,,,,,,,,,,,,,,,,,,,,,,,,,,,,,,,,,,,,,,,
btm,1470,0.09134140834212304,0.01010057529201731,1.2882133811712264,0.11482840059325099,1.0927970826625824,1.4040518432855607,1.1968719720840455,0.8106393218040466,0.0001,1,1939.302735550133,0.4074592590332031,,,,,,,,,,,,,,,,,,,,,,,,,,,,,,,,,,,,,,,,,,,,,,,,,,,,,
btm,1480,0.09694998599588871,0.010016084089875222,1.298505637049675,0.12544789472594858,1.0942541122436524,1.4249551326036454,1.2015556544065475,0.7623828053474426,0.0001,1,1927.5178363584416,0.4074592590332031,,,,,,,,,,,,,,,,,,,,,,,,,,,,,,,,,,,,,,,,,,,,,,,,,,,,,
btm,1490,0.0826974093914032,0.010502542741596699,1.2229173958301545,0.12419621543958784,1.0664313852787017,1.348163866996765,1.1402199894189835,0.6901392340660095,0.0001,1,1790.1132018170497,0.4074592590332031,,,,,,,,,,,,,,,,,,,,,,,,,,,,,,,,,,,,,,,,,,,,,,,,,,,,,
btm,1500,0.08747561108320952,0.009997161151841284,1.2547713845968247,0.12273046784102917,1.079488106071949,1.3785015791654587,1.1672957733273506,0.8158825635910034,0.0001,1,1844.2843943724217,0.4074592590332031,,,,,,,,,,,,,,,,,,,,,,,,,,,,,,,,,,,,,,,,,,,,,,,,,,,,,
btm,1500,,,,,,,,,,,,,0.09528194088488817,0.008211239648517221,1.211432471871376,0.08910176460631192,1.055029034614563,1.301355354487896,1.1161505356431007,0.750618752092123,0.433055866509676,0.0,,,,,,,,,,,,,,,,,,,,,,,,,,,,,,,,,,,,,,,,,,,
btm,1510,0.08457826618105173,0.010098935931455343,1.2855153203010559,0.12061222326010465,1.0945370197296143,1.407137429714203,1.200937059521675,0.8131864070892334,0.0001,1,1017.8751560127365,0.4074592590332031,,,,,,,,,,,,,,,,,,,,,,,,,,,,,,,,,,,,,,,,,,,,,,,,,,,,,
btm,1520,0.07949847299605609,0.011107457615435124,1.254988631606102,0.13113043634220958,1.083128733932972,1.3872298151254654,1.1754901558160782,0.875360906124115,0.0001,1,1934.4691866213525,0.4074592590332031,,,,,,,,,,,,,,,,,,,,,,,,,,,,,,,,,,,,,,,,,,,,,,,,,,,,,
btm,1530,0.09699518326669931,0.010054861521348357,1.2779497891664504,0.1218307875096798,1.085435798764229,1.4007860720157623,1.1809546113014222,0.9493146538734436,0.0001,1,1954.8858893381705,0.4074592590332031,,,,,,,,,,,,,,,,,,,,,,,,,,,,,,,,,,,,,,,,,,,,,,,,,,,,,
btm,1540,0.07962744794785977,0.010845410078763962,1.2443375051021577,0.12111999606713653,1.0778905645012855,1.366542050242424,1.1647100538015365,0.7322655320167542,0.0001,1,1966.6052133916407,0.4074592590332031,,,,,,,,,,,,,,,,,,,,,,,,,,,,,,,,,,,,,,,,,,,,,,,,,,,,,
btm,1550,0.09116360992193222,0.00995847734156996,1.2424806147813796,0.12062063459306956,1.0717619404196739,1.3640970915555954,1.1513170093297957,0.8850147724151611,0.0001,1,1943.032212394265,0.4074592590332031,,,,,,,,,,,,,,,,,,,,,,,,,,,,,,,,,,,,,,,,,,,,,,,,,,,,,
btm,1560,0.08453121166676283,0.009987511381041259,1.2382513105869293,0.1145547192543745,1.0728456556797028,1.3538047820329666,1.1537201166152955,0.8239274621009827,0.0001,1,1934.2483392921697,0.4074592590332031,,,,,,,,,,,,,,,,,,,,,,,,,,,,,,,,,,,,,,,,,,,,,,,,,,,,,
btm,1570,0.08290410432964564,0.010018588090315462,1.2084777414798737,0.11778016053140164,1.0601295322179793,1.3272597521543503,1.125573641061783,0.7975119948387146,0.0001,1,1920.4945514579,0.4074592590332031,,,,,,,,,,,,,,,,,,,,,,,,,,,,,,,,,,,,,,,,,,,,,,,,,,,,,
btm,1580,0.08653569165617228,0.01026922909077257,1.2262496516108512,0.12391171818599105,1.0658474668860436,1.3511882901191712,1.13971396535635,0.860196590423584,0.0001,1,1978.858356073076,0.4074592590332031,,,,,,,,,,,,,,,,,,,,,,,,,,,,,,,,,,,,,,,,,,,,,,,,,,,,,
btm,1590,0.08882948961108923,0.010378957260400057,1.196370267868042,0.1285237089730799,1.0513748988509177,1.3259318739175796,1.107540775835514,0.9312430620193481,0.0001,1,2010.444959443177,0.4074592590332031,,,,,,,,,,,,,,,,,,,,,,,,,,,,,,,,,,,,,,,,,,,,,,,,,,,,,
btm,1600,0.07865568660199643,0.01025484197307378,1.2380334451794623,0.12506154663860797,1.0756792604923249,1.3641204744577409,1.1593777611851692,0.7535519599914551,0.0001,1,1959.107458056165,0.4074592590332031,,,,,,,,,,,,,,,,,,,,,,,,,,,,,,,,,,,,,,,,,,,,,,,,,,,,,
btm,1610,0.08545974045991897,0.009450676443520933,1.1747575551271439,0.1070544634014368,1.042992939054966,1.2827570915222168,1.089297817647457,0.786624550819397,0.0001,1,1924.2456610737083,0.4074592590332031,,,,,,,,,,,,,,,,,,,,,,,,,,,,,,,,,,,,,,,,,,,,,,,,,,,,,
btm,1620,0.0955104723572731,0.009979666455183177,1.2487578600645066,0.1220308480784297,1.072394774854183,1.3717866718769074,1.153247395157814,0.8235971331596375,0.0001,1,1880.9727357057163,0.4074592590332031,,,,,,,,,,,,,,,,,,,,,,,,,,,,,,,,,,,,,,,,,,,,,,,,,,,,,
btm,1630,0.07427429668605327,0.011210500972811132,1.195209863781929,0.12248324323445559,1.057654359936714,1.3188141614198685,1.1209355652332307,0.7644792795181274,0.0001,1,1908.6571326906014,0.4074592590332031,,,,,,,,,,,,,,,,,,,,,,,,,,,,,,,,,,,,,,,,,,,,,,,,,,,,,
btm,1640,0.09720112811774015,0.010508053260855377,1.221430842578411,0.13181576337665318,1.0585316628217698,1.3542974054813386,1.1242297172546387,0.8349806666374207,0.0001,1,1824.2288239167478,0.4074592590332031,,,,,,,,,,,,,,,,,,,,,,,,,,,,,,,,,,,,,,,,,,,,,,,,,,,,,
btm,1650,0.08001800030469894,0.009981281508225947,1.1714622765779494,0.11536536775529385,1.043868899345398,1.2878257632255554,1.0914442747831345,0.7423627972602844,0.0001,1,1956.5425733282193,0.4074592590332031,,,,,,,,,,,,,,,,,,,,,,,,,,,,,,,,,,,,,,,,,,,,,,,,,,,,,
btm,1660,0.08631410896778106,0.010309677955228835,1.2007789045572281,0.11964439749717712,1.0547709807753562,1.321454268693924,1.1144647985696792,0.840387225151062,0.0001,1,1989.4834368249924,0.4074592590332031,,,,,,,,,,,,,,,,,,,,,,,,,,,,,,,,,,,,,,,,,,,,,,,,,,,,,
btm,1670,0.08192900903522968,0.010570617322809995,1.2130835592746734,0.12581557724624873,1.062161321938038,1.3399561911821365,1.131154550611973,0.8230825066566467,0.0001,1,2019.605687090692,0.4074592590332031,,,,,,,,,,,,,,,,,,,,,,,,,,,,,,,,,,,,,,,,,,,,,,,,,,,,,
btm,1680,0.08051778096705675,0.00989940194413066,1.1528744637966155,0.1158280591480434,1.0345573037862779,1.2696924567222596,1.0723566815257073,0.8860266208648682,0.0001,1,1997.8994606598521,0.4074592590332031,,,,,,,,,,,,,,,,,,,,,,,,,,,,,,,,,,,,,,,,,,,,,,,,,,,,,
btm,1690,0.08454043585807085,0.00965160403866321,1.1780854776501655,0.12168460190296174,1.044553206861019,1.3007352262735368,1.0935450509190558,1.0403153896331787,0.0001,1,1888.7701479122227,0.4074592590332031,,,,,,,,,,,,,,,,,,,,,,,,,,,,,,,,,,,,,,,,,,,,,,,,,,,,,
btm,1700,0.07938644737005233,0.010356372816022485,1.1799611091613769,0.1237041630782187,1.0482420921325684,1.3047008991241456,1.1005746588110923,0.8601201772689819,0.0001,1,1993.1594645404775,0.4074592590332031,,,,,,,,,,,,,,,,,,,,,,,,,,,,,,,,,,,,,,,,,,,,,,,,,,,,,
btm,1710,0.07331167533993721,0.010564536764286458,1.1635559052228928,0.11834664680063725,1.0431373104453088,1.2829590022563935,1.0902442410588264,0.8435943126678467,0.0001,1,1916.6286553154214,0.4074592590332031,,,,,,,,,,,,,,,,,,,,,,,,,,,,,,,,,,,,,,,,,,,,,,,,,,,,,
btm,1720,0.07315318789333106,0.010482413962017744,1.1148932546377182,0.1214651252143085,1.0194683864712715,1.2374066174030305,1.0417400762438773,0.7073057293891907,0.0001,1,1960.207980905512,0.4074592590332031,,,,,,,,,,,,,,,,,,,,,,,,,,,,,,,,,,,,,,,,,,,,,,,,,,,,,
btm,1730,0.07618309892714023,0.009403651487082243,1.1592016071081161,0.1130175031721592,1.039221854507923,1.2731594651937486,1.0830185070633889,1.0083600282669067,0.0001,1,1991.25049507089,0.4074592590332031,,,,,,,,,,,,,,,,,,,,,,,,,,,,,,,,,,,,,,,,,,,,,,,,,,,,,
btm,1740,0.06806094758212566,0.01019310203846544,1.1388557121157645,0.11207040883600712,1.0336139485239983,1.2519454300403594,1.0707947567105294,0.8134189248085022,0.0001,1,2014.8006215730702,0.4074592590332031,,,,,,,,,,,,,,,,,,,,,,,,,,,,,,,,,,,,,,,,,,,,,,,,,,,,,
btm,1750,0.08744583204388619,0.010197656438685953,1.1327582329511643,0.11704451376572252,1.0210549965500832,1.2508225083351134,1.045312410593033,0.775985598564148,0.0001,1,1998.1885008557747,0.4074592590332031,,,,,,,,,,,,,,,,,,,,,,,,,,,,,,,,,,,,,,,,,,,,,,,,,,,,,
btm,1760,0.07793104257434606,0.010058426263276488,1.1339601203799248,0.1235467509366572,1.026776584982872,1.2585127115249635,1.0560290798544885,0.8985864520072937,0.0001,1,2032.9330784219374,0.4074592590332031,,,,,,,,,,,,,,,,,,,,,,,,,,,,,,,,,,,,,,,,,,,,,,,,,,,,,
btm,1770,0.07793572265654802,0.01037980632390827,1.1564158469438552,0.12697620447725058,1.0369750887155533,1.2844300389289856,1.0784801259636878,0.8919363021850586,0.0001,1,1980.937897582373,0.4074592590332031,,,,,,,,,,,,,,,,,,,,,,,,,,,,,,,,,,,,,,,,,,,,,,,,,,,,,
btm,1780,0.0785511638969183,0.009338105167262255,1.1442576497793198,0.11781875817105174,1.0312171787023545,1.2630102217197419,1.065706481039524,0.9787403345108032,0.0001,1,1985.2134541621094,0.4074592590332031,,,,,,,,,,,,,,,,,,,,,,,,,,,,,,,,,,,,,,,,,,,,,,,,,,,,,
btm,1790,0.0751926938071847,0.009650141734164208,1.1501496776938438,0.11553011108189822,1.0356084316968919,1.26664479970932,1.0749569937586785,0.7855131030082703,0.0001,1,1986.3062603673252,0.4074592590332031,,,,,,,,,,,,,,,,,,,,,,,,,,,,,,,,,,,,,,,,,,,,,,,,,,,,,
btm,1800,0.07566276118159294,0.0095680896891281,1.0895336464047432,0.11717045586556196,1.0059285908937454,1.2076609015464783,1.0138708874583244,0.7482499480247498,0.0001,1,1957.618477456561,0.4074592590332031,,,,,,,,,,,,,,,,,,,,,,,,,,,,,,,,,,,,,,,,,,,,,,,,,,,,,
btm,1810,0.08393113669008016,0.009718582348432392,1.1014471977949143,0.11462226314470172,1.0075603693723678,1.2170413136482239,1.017516066133976,0.7834680080413818,0.0001,1,1935.0230403810226,0.4074592590332031,,,,,,,,,,,,,,,,,,,,,,,,,,,,,,,,,,,,,,,,,,,,,,,,,,,,,
btm,1820,0.07329801637679338,0.009665268193930387,1.107209923863411,0.11816507028415799,1.0157712191343307,1.2263415217399598,1.0339119166135788,0.8144151568412781,0.0001,1,1998.2263203362047,0.4074592590332031,,,,,,,,,,,,,,,,,,,,,,,,,,,,,,,,,,,,,,,,,,,,,,,,,,,,,
btm,1830,0.07272441275417804,0.009700879256706684,1.1011571660637856,0.11780780972912908,1.012929667532444,1.2199350506067277,1.028432746231556,0.822306752204895,0.0001,1,2020.5760702124246,0.4074592590332031,,,,,,,,,,,,,,,,,,,,,,,,,,,,,,,,,,,,,,,,,,,,,,,,,,,,,
btm,1840,0.06174704013392329,0.009948887315113097,1.07728753387928,0.12350423634052277,1.0072158202528954,1.2017866551876069,1.0155404955148697,0.7907805442810059,0.0001,1,1998.1698850633288,0.4074592590332031,,,,,,,,,,,,,,,,,,,,,,,,,,,,,,,,,,,,,,,,,,,,,,,,,,,,,
btm,1850,0.0792567003518343,0.010446079738903791,1.0611579433083533,0.11449505044147372,0.9903818354010582,1.176697599887848,0.9819012448191643,0.7568588256835938,0.0001,1,1990.5725262135227,0.4074592590332031,,,,,,,,,,,,,,,,,,,,,,,,,,,,,,,,,,,,,,,,,,,,,,,,,,,,,
btm,1860,0.07833056636154652,0.009796091285534204,1.1369220837950706,0.12162437848746777,1.0276067435741425,1.2595260679721831,1.0585915178060532,0.8475214242935181,0.0001,1,1955.734184887883,0.4074592590332031,,,,,,,,,,,,,,,,,,,,,,,,,,,,,,,,,,,,,,,,,,,,,,,,,,,,,
btm,1870,0.06440734006464481,0.010170312505215407,1.1090738758444787,0.11586660882458091,1.0208975359797479,1.2259575188159944,1.0446665376424789,0.7618566155433655,0.0001,1,1912.7864962992212,0.4074592590332031,,,,,,,,,,,,,,,,,,,,,,,,,,,,,,,,,,,,,,,,,,,,,,,,,,,,,
btm,1880,0.08775649964809418,0.010297766199801116,1.1288957804441453,0.12254917016252875,1.0187058210372926,1.2524747282266617,1.0411392778158188,0.9070025682449341,0.0001,1,1934.9051214780386,0.4074592590332031,,,,,,,,,,,,,,,,,,,,,,,,,,,,,,,,,,,,,,,,,,,,,,,,,,,,,
btm,1890,0.072522050794214,0.00959373377263546,1.0937850311398507,0.11507618343457579,1.0098331719636917,1.2098205834627151,1.0212629854679107,0.9541431665420532,0.0001,1,1869.2806529475329,0.4074592590332031,,,,,,,,,,,,,,,,,,,,,,,,,,,,,,,,,,,,,,,,,,,,,,,,,,,,,
btm,1900,0.08801414016634226,0.010219112457707524,1.1476797014474869,0.11020509712398052,1.0278264075517654,1.25890671312809,1.059665560722351,0.8582798838615417,0.0001,1,1886.8236174489143,0.4074592590332031,,,,,,,,,,,,,,,,,,,,,,,,,,,,,,,,,,,,,,,,,,,,,,,,,,,,,
btm,1910,0.06735597606748342,0.009859080135356635,1.121318554878235,0.11492852754890918,1.025590343773365,1.2372329860925675,1.0539625853300094,0.9688579440116882,0.0001,1,1943.6261628124792,0.4074592590332031,,,,,,,,,,,,,,,,,,,,,,,,,,,,,,,,,,,,,,,,,,,,,,,,,,,,,
btm,1920,0.07250273823738099,0.01043396934401244,1.0852195873856545,0.1125984514132142,1.00530866086483,1.1988614410161973,1.0127168595790863,0.9177407622337341,0.0001,1,1938.3817304235276,0.4074592590332031,,,,,,,,,,,,,,,,,,,,,,,,,,,,,,,,,,,,,,,,,,,,,,,,,,,,,
btm,1930,0.07468142975121736,0.010519978671800346,1.1095045164227486,0.11362293101847172,1.0156117796897888,1.2241794496774674,1.034823089838028,0.8057417273521423,0.0001,1,1897.3579392123854,0.4074592590332031,,,,,,,,,,,,,,,,,,,,,,,,,,,,,,,,,,,,,,,,,,,,,,,,,,,,,
btm,1940,0.07235717615112662,0.009307185583747924,1.089083807170391,0.12189422436058521,1.0072504773736,1.2119087487459184,1.0167266368865966,0.8415974974632263,0.0001,1,1856.8631526560926,0.4074592590332031,,,,,,,,,,,,,,,,,,,,,,,,,,,,,,,,,,,,,,,,,,,,,,,,,,,,,
btm,1950,0.08439810313284397,0.009934250975493341,1.1298382237553597,0.12195556089282036,1.0209794446825982,1.2527872055768967,1.0454401195049285,0.9500104784965515,0.0001,1,1888.5556095520826,0.4074592590332031,,,,,,,,,,,,,,,,,,,,,,,,,,,,,,,,,,,,,,,,,,,,,,,,,,,,,
btm,1960,0.062379871122539045,0.009653301956132055,1.0553879663348198,0.11441280990839005,0.9952503174543381,1.1707661107182503,0.9930080905556679,0.9410619735717773,0.0001,1,1951.1131570319953,0.4074592590332031,,,,,,,,,,,,,,,,,,,,,,,,,,,,,,,,,,,,,,,,,,,,,,,,,,,,,
btm,1970,0.08429043833166361,0.009913573134690523,1.098232166469097,0.11887334529310464,1.0055665493011474,1.2180968701839447,1.0139417335391046,0.9016808271408081,0.0001,1,1976.1244032465763,0.4074592590332031,,,,,,,,,,,,,,,,,,,,,,,,,,,,,,,,,,,,,,,,,,,,,,,,,,,,,
btm,1980,0.06765839299187064,0.010653325263410807,1.079948303103447,0.11960039809346198,1.0050199642777442,1.200614033639431,1.012289908528328,0.9332661032676697,0.0001,1,2013.9711206416748,0.4074592590332031,,,,,,,,,,,,,,,,,,,,,,,,,,,,,,,,,,,,,,,,,,,,,,,,,,,,,
btm,1990,0.07815347127616405,0.009316649159882218,1.0854482442140578,0.11246380424126982,1.0018370494246482,1.1988437205553055,1.0072947785258293,0.8420050740242004,0.0001,1,2010.1578723964356,0.4074592590332031,,,,,,,,,,,,,,,,,,,,,,,,,,,,,,,,,,,,,,,,,,,,,,,,,,,,,
btm,2000,0.07217998029664159,0.009425851283594966,1.0415061384439468,0.11641753930598497,0.9836835965514183,1.1588662549853326,0.9693261578679084,0.7671847343444824,0.0001,1,1999.4293068570566,0.4074592590332031,,,,,,,,,,,,,,,,,,,,,,,,,,,,,,,,,,,,,,,,,,,,,,,,,,,,,
btm,2000,,,,,,,,,,,,,0.05400807410478592,0.007554561569122598,0.943319994956255,0.08073999546468258,0.9424763731658459,1.0248154327273369,0.8893119245767593,0.7161823771893978,0.389606480486691,0.0,,,,,,,,,,,,,,,,,,,,,,,,,,,,,,,,,,,,,,,,,,,
btm,2000,,,,,,,,,,,,,,,,,,,,,,,0.45,9,20,0.25819502085709295,0.6579179916924003,60.95849892310798,1134.4176177866757,1144.1245736554265,0.16404600071138703,0.4615085699222982,0.49001958202093077,665600,1,40,0.2,4,20,0.0806563532712,0.41602172202575993,60.73191951774061,1122.875742148608,1160.52499236539,0.30049232090532313,0.583571212105453,0.5703172694032009,665600,1,40,0.05,1,20,0.008881219432873136,0.23613589351256675,59.952248549088836,1108.3685365039855,1120.7080715335903,0.7323107233759947,0.7978923388570547,0.6258162954296821,665600,1,40,0.23333333333333336
btm,2010,0.0611728603951633,0.009487882570829243,1.0206875428557396,0.1132697470486164,0.9784351333975791,1.1349060624837874,0.9595146849751472,0.8314603567123413,0.0001,1,6.34743723812143,0.4074592590332031,,,,,,,,,,,,,,,,,,,,,,,,,,,,,,,,,,,,,,,,,,,,,,,,,,,,,
btm,2020,0.07894292175769806,0.009852137661073356,1.0540826797485352,0.10476090703159571,0.9858745262026787,1.159828794002533,0.9751397624611855,0.7806966304779053,0.0001,1,1989.963100353338,0.4074592590332031,,,,,,,,,,,,,,,,,,,,,,,,,,,,,,,,,,,,,,,,,,,,,,,,,,,,,
btm,2030,0.056242439243942496,0.009276425803545863,1.0459866926074028,0.10326152937486768,0.9941489174962044,1.1501758575439454,0.989744259417057,0.7605384588241577,0.0001,1,2021.8796148587758,0.4074592590332031,,,,,,,,,,,,,,,,,,,,,,,,,,,,,,,,,,,,,,,,,,,,,,,,,,,,,
btm,2040,0.08132813628762961,0.009843905468005686,1.0643628984689713,0.11266749082133173,0.9901360869407654,1.1780147701501846,0.9830347672104836,0.7749297022819519,0.0001,1,2024.8730718303586,0.4074592590332031,,,,,,,,,,,,,,,,,,,,,,,,,,,,,,,,,,,,,,,,,,,,,,,,,,,,,
btm,2050,0.08001123014837504,0.00934308598516509,1.048270221054554,0.1079603978432715,0.9824237868189811,1.157164916396141,0.9682589933276177,0.7718213796615601,0.0001,1,1920.2728265717485,0.4074592590332031,,,,,,,,,,,,,,,,,,,,,,,,,,,,,,,,,,,,,,,,,,,,,,,,,,,,,
btm,2060,0.06313272286206484,0.009540287440177053,1.035980834066868,0.12362105892971158,0.9850048393011093,1.1605559289455414,0.9728481054306031,0.9380537271499634,0.0001,1,1956.3657352128378,0.4074592590332031,,,,,,,,,,,,,,,,,,,,,,,,,,,,,,,,,,,,,,,,,,,,,,,,,,,,,
btm,2070,0.06992524741217494,0.00974706953857094,1.0028450965881348,0.1122242066077888,0.9650050416588783,1.1160440102219582,0.9329198479652405,0.9134907126426697,0.0001,1,1874.4466524520046,0.4074592590332031,,,,,,,,,,,,,,,,,,,,,,,,,,,,,,,,,,,,,,,,,,,,,,,,,,,,,
btm,2080,0.06611520405858755,0.010166706226300448,1.0541363522410392,0.10547784939408303,0.9932495072484017,1.160630863904953,0.9880211547017097,0.8975474834442139,0.0001,1,1967.0085764831726,0.4074592590332031,,,,,,,,,,,,,,,,,,,,,,,,,,,,,,,,,,,,,,,,,,,,,,,,,,,,,
btm,2090,0.06484938468784093,0.01021016575396061,1.0115975260734558,0.1240893161855638,0.9720186710357666,1.136707842350006,0.9467481344938278,0.8412991166114807,0.0001,1,1980.50686081246,0.4074592590332031,,,,,,,,,,,,,,,,,,,,,,,,,,,,,,,,,,,,,,,,,,,,,,,,,,,,,
btm,2100,0.07694696597754955,0.009526252665091306,1.0801925212144852,0.10965790199115873,1.0000446364283562,1.1908030465245247,1.0032455518841743,0.8839379549026489,0.0001,1,1808.9251397111807,0.4074592590332031,,,,,,,,,,,,,,,,,,,,,,,,,,,,,,,,,,,,,,,,,,,,,,,,,,,,,
btm,2110,0.06371436277404427,0.009852303774096072,1.0126557394862175,0.10999128986150027,0.9729489281773567,1.1236322537064551,0.9489413753151894,0.8050770163536072,0.0001,1,1794.476267420206,0.4074592590332031,,,,,,,,,,,,,,,,,,,,,,,,,,,,,,,,,,,,,,,,,,,,,,,,,,,,,
btm,2120,0.06617339709773659,0.0097908521653153,1.0565366297960281,0.11465453132987022,0.9933726832270622,1.1721702471375466,0.9903632268309593,0.7925657033920288,0.0001,1,2000.3910612659854,0.4074592590332031,,,,,,,,,,,,,,,,,,,,,,,,,,,,,,,,,,,,,,,,,,,,,,,,,,,,,
btm,2130,0.06325785527005792,0.009464013099204749,1.0008941039443016,0.11711236471310257,0.967189171910286,1.1189528778195381,0.9376362472772598,0.8335946202278137,0.0001,1,2018.1368252738603,0.4074592590332031,,,,,,,,,,,,,,,,,,,,,,,,,,,,,,,,,,,,,,,,,,,,,,,,,,,,,
btm,2140,0.06822764435783028,0.010414902225602419,1.040876467525959,0.11462048338726163,0.985039733350277,1.1565384432673453,0.972648823261261,0.929897665977478,0.0001,1,2045.9677717548134,0.4074592590332031,,,,,,,,,,,,,,,,,,,,,,,,,,,,,,,,,,,,,,,,,,,,,,,,,,,,,
btm,2150,0.06039046477526426,0.009848305850755423,1.0460653439164163,0.12305265357717872,0.9915802657604218,1.1701028257608415,0.985674886405468,0.9008097052574158,0.0001,1,2036.5716323249778,0.4074592590332031,,,,,,,,,,,,,,,,,,,,,,,,,,,,,,,,,,,,,,,,,,,,,,,,,,,,,
btm,2160,0.06475503789260983,0.009424208360724152,1.0094851016998292,0.1059884300455451,0.9703515380620956,1.1164159446954727,0.9447300657629967,0.8521780371665955,0.0001,1,2016.972487097082,0.4074592590332031,,,,,,,,,,,,,,,,,,,,,,,,,,,,,,,,,,,,,,,,,,,,,,,,,,,,,
btm,2170,0.06801832588389516,0.009497622435446829,1.0018651992082597,0.11400716379284859,0.9648511558771133,1.1168221294879914,0.9338468730449676,0.92209792137146,0.0001,1,1965.361811192854,0.4074592590332031,,,,,,,,,,,,,,,,,,,,,,,,,,,,,,,,,,,,,,,,,,,,,,,,,,,,,
btm,2180,0.054105453193187714,0.010229756904300303,1.0256799414753914,0.11632977528497576,0.9847746446728707,1.1430326953530312,0.9715744763612747,0.8464016914367676,0.0001,1,1872.770629005573,0.4074592590332031,,,,,,,,,,,,,,,,,,,,,,,,,,,,,,,,,,,,,,,,,,,,,,,,,,,,,
btm,2190,0.07306454116478563,0.009772833460010589,1.0581545114517212,0.12430829172953964,0.9901358023285866,1.1834400966763496,0.9850899741053581,0.8499113917350769,0.0001,1,1694.109048534348,0.4074592590332031,,,,,,,,,,,,,,,,,,,,,,,,,,,,,,,,,,,,,,,,,,,,,,,,,,,,,
btm,2200,0.05216958681121468,0.009610729129053652,1.0089929476380348,0.11528660962358117,0.9770076617598533,1.1252406254410743,0.956823368370533,0.7514311075210571,0.0001,1,1880.150289830575,0.4074592590332031,,,,,,,,,,,,,,,,,,,,,,,,,,,,,,,,,,,,,,,,,,,,,,,,,,,,,
btm,2210,0.08194808820262552,0.01037847608095035,0.9945247888565063,0.11575779197737575,0.9540774047374725,1.1113204300403594,0.9125767067074776,0.8194743394851685,0.0001,1,1770.812413073115,0.4074592590332031,,,,,,,,,,,,,,,,,,,,,,,,,,,,,,,,,,,,,,,,,,,,,,,,,,,,,
btm,2220,0.07906030528247357,0.010101370152551681,1.0206394538283348,0.1206879816018045,0.968611241877079,1.1423375576734542,0.9415791526436805,0.8147652745246887,0.0001,1,1875.7479775614288,0.4074592590332031,,,,,,,,,,,,,,,,,,,,,,,,,,,,,,,,,,,,,,,,,,,,,,,,,,,,,
btm,2230,0.05588928768411279,0.009854569553863258,0.9957303613424301,0.11218970119953156,0.968372255563736,1.108905516564846,0.9398410752415657,0.8214355707168579,0.0001,1,1982.7803316111097,0.4074592590332031,,,,,,,,,,,,,,,,,,,,,,,,,,,,,,,,,,,,,,,,,,,,,,,,,,,,,
btm,2240,0.07696448117494584,0.008941961964592338,1.0303959399461746,0.11353142820298671,0.9737347453832627,1.1448215529322625,0.953431460261345,0.9194614887237549,0.0001,1,1920.2343642650517,0.4074592590332031,,,,,,,,,,,,,,,,,,,,,,,,,,,,,,,,,,,,,,,,,,,,,,,,,,,,,
btm,2250,0.05652394909411669,0.009413628070615233,1.0068594723939897,0.11434337254613638,0.973371671140194,1.122144202888012,0.9503355264663697,0.7861034870147705,0.0001,1,1878.4562970247555,0.4074592590332031,,,,,,,,,,,,,,,,,,,,,,,,,,,,,,,,,,,,,,,,,,,,,,,,,,,,,
btm,2260,0.07318995706737041,0.010411806474439799,0.9826873704791069,0.114546178560704,0.9521956712007522,1.09827471524477,0.9094974160194397,0.8448701500892639,0.0001,1,1976.055361809405,0.4074592590332031,,,,,,,,,,,,,,,,,,,,,,,,,,,,,,,,,,,,,,,,,,,,,,,,,,,,,
btm,2270,0.06745175244286657,0.009429356129840017,0.9731741324067116,0.1069198108278215,0.9501362279057503,1.0810368672013282,0.9057223781943321,0.7520997524261475,0.0001,1,2023.9232952676762,0.4074592590332031,,,,,,,,,,,,,,,,,,,,,,,,,,,,,,,,,,,,,,,,,,,,,,,,,,,,,
btm,2280,0.05716804675757885,0.009569129929877818,0.9251080438494682,0.1153732929378748,0.9310086756944657,1.0414382353425027,0.8679399937391281,0.7777195572853088,0.0001,1,2020.0216813000106,0.4074592590332031,,,,,,,,,,,,,,,,,,,,,,,,,,,,,,,,,,,,,,,,,,,,,,,,,,,,,
btm,2290,0.07602283600717782,0.010270293231587856,0.9958212003111839,0.1125526502262801,0.9571912363171577,1.1094008818268777,0.9197983682155609,1.0847649574279785,0.0001,1,1973.6477118446426,0.4074592590332031,,,,,,,,,,,,,,,,,,,,,,,,,,,,,,,,,,,,,,,,,,,,,,,,,,,,,
btm,2300,0.055231541581451896,0.009511675860267133,0.9912084564566612,0.11205233270302414,0.9650751039385795,1.104211948812008,0.9359769180417061,0.7338894009590149,0.0001,1,1934.2223756201595,0.4074592590332031,,,,,,,,,,,,,,,,,,,,,,,,,,,,,,,,,,,,,,,,,,,,,,,,,,,,,
btm,2310,0.05919950567185879,0.009391936881002039,0.9676737040281296,0.10816786410287023,0.9514137372374535,1.076780754327774,0.9084742054343223,0.8101823329925537,0.0001,1,1991.1166181834385,0.4074592590332031,,,,,,,,,,,,,,,,,,,,,,,,,,,,,,,,,,,,,,,,,,,,,,,,,,,,,
btm,2320,0.06341051086783409,0.009579763072542847,0.9525405004620552,0.11221273792907596,0.941856087744236,1.0657112136483193,0.8891299962997437,0.7441415190696716,0.0001,1,2004.515787716603,0.4074592590332031,,,,,,,,,,,,,,,,,,,,,,,,,,,,,,,,,,,,,,,,,,,,,,,,,,,,,
btm,2330,0.05334118101745844,0.009804901375900954,0.936954428255558,0.10839518159627914,0.9393084853887558,1.0463301062583923,0.8836132481694221,0.7524857521057129,0.0001,1,1969.2611902184906,0.4074592590332031,,,,,,,,,,,,,,,,,,,,,,,,,,,,,,,,,,,,,,,,,,,,,,,,,,,,,
btm,2340,0.07286970801651478,0.009395338804461062,0.9886521816253662,0.11244104066863655,0.954112759232521,1.1020327627658844,0.915782468020916,1.0241203308105469,0.0001,1,1998.56950937502,0.4074592590332031,,,,,,,,,,,,,,,,,,,,,,,,,,,,,,,,,,,,,,,,,,,,,,,,,,,,,
btm,2350,0.04670852832496166,0.00982422543456778,0.9810141056776047,0.1026192618533969,0.965827240049839,1.0846157804131509,0.934305576980114,0.7800113558769226,0.0001,1,2030.7311218737461,0.4074592590332031,,,,,,,,,,,,,,,,,,,,,,,,,,,,,,,,,,,,,,,,,,,,,,,,,,,,,
btm,2360,0.07178153395652771,0.0096542012761347,0.9890191629528999,0.1168446211144328,0.9555782929062844,1.1068292081356048,0.9172376289963722,1.0796045064926147,0.0001,1,2045.665231867069,0.4074592590332031,,,,,,,,,,,,,,,,,,,,,,,,,,,,,,,,,,,,,,,,,,,,,,,,,,,,,
btm,2370,0.05882200738415122,0.009212995215784758,0.9857835903763771,0.1096449613571167,0.9615052253007889,1.0963498488068582,0.9269615843892097,0.7658827304840088,0.0001,1,1981.6894690584675,0.4074592590332031,,,,,,,,,,,,,,,,,,,,,,,,,,,,,,,,,,,,,,,,,,,,,,,,,,,,,
btm,2380,0.059285348001867536,0.009746882715262473,0.9718750789761543,0.12193496823310852,0.9541491568088531,1.0947847336530685,0.912589730322361,0.8848527669906616,0.0001,1,2004.4114578316585,0.4074592590332031,,,,,,,,,,,,,,,,,,,,,,,,,,,,,,,,,,,,,,,,,,,,,,,,,,,,,
btm,2383,,,,,,,,,,,,,,,,,,,,,,,0.5,10,20,0.2992949144298199,0.7007050855701801,61.20641677081585,1133.9633755851537,1140.3645019046962,0.10731028391164728,0.3870411121658981,0.4310219762225946,665600,1,40,0.15,3,20,0.05236779195949584,0.36042329588695743,61.03273134119809,1132.3875760659575,1147.7581205777824,0.24423957595310639,0.5018794399499893,0.5130057174425858,665600,1,40,0.1,2,20,0.027865893984153206,0.30103820641179335,61.235634153708816,1125.3659774083644,1152.992851566523,0.5302574611548334,0.6552891130186618,0.5468714853318838,665600,1,40,0.25
btm,2390,0.08574514240026473,0.009626158769242466,0.9894185245037079,0.10912231663241982,0.9492706164717675,1.099503467977047,0.9036733835935593,0.819330096244812,0.0001,2,6.290963304666887,0.4074592590332031,,,,,,,,,,,,,,,,,,,,,,,,,,,,,,,,,,,,,,,,,,,,,,,,,,,,,
btm,2400,0.05770205864682794,0.010007305187173188,0.962285439670086,0.11201143078505993,0.9498324230313301,1.0752976089715958,0.9045833840966224,0.7519966959953308,0.0001,2,1834.8985727258803,0.4074592590332031,,,,,,,,,,,,,,,,,,,,,,,,,,,,,,,,,,,,,,,,,,,,,,,,,,,,,
btm,2410,0.060171561781316996,0.010274066356942058,0.9443590372800827,0.11295265108346939,0.9389841303229332,1.0583390951156617,0.8841874718666076,0.8572779297828674,0.0001,2,1912.8388717427038,0.4074592590332031,,,,,,,,,,,,,,,,,,,,,,,,,,,,,,,,,,,,,,,,,,,,,,,,,,,,,
btm,2420,0.06639688527211547,0.009434495109599084,0.9762404337525368,0.11085685836151242,0.9522075831890107,1.0880407392978668,0.9098435536026954,0.8598041534423828,0.0001,2,1963.4168410321906,0.4074592590332031,,,,,,,,,,,,,,,,,,,,,,,,,,,,,,,,,,,,,,,,,,,,,,,,,,,,,
btm,2430,0.0518662067130208,0.009506935824174435,0.9458176001906395,0.1025816708803177,0.9440616503357887,1.049349957704544,0.8939513921737671,0.7574778199195862,0.0001,2,1920.3325674700725,0.4074592590332031,,,,,,,,,,,,,,,,,,,,,,,,,,,,,,,,,,,,,,,,,,,,,,,,,,,,,
btm,2440,0.06325596757233143,0.008987209317274392,0.9535353004932403,0.1009322869591415,0.9422275245189666,1.055366313457489,0.890279333293438,0.7681042551994324,0.0001,2,1955.1602472152802,0.4074592590332031,,,,,,,,,,,,,,,,,,,,,,,,,,,,,,,,,,,,,,,,,,,,,,,,,,,,,
btm,2450,0.0618969852104783,0.00966100738150999,0.9536329507827759,0.11512811034917832,0.9419465973973274,1.0697271689772605,0.8917359635233879,1.0022584199905396,0.0001,2,1984.706241398181,0.4074592590332031,,,,,,,,,,,,,,,,,,,,,,,,,,,,,,,,,,,,,,,,,,,,,,,,,,,,,
btm,2460,0.049468174763023856,0.009591584000736475,0.9667835295200348,0.11357148177921772,0.9564235299825669,1.081314167380333,0.9173153579235077,0.7226478457450867,0.0001,2,1919.9507898784352,0.4074592590332031,,,,,,,,,,,,,,,,,,,,,,,,,,,,,,,,,,,,,,,,,,,,,,,,,,,,,
btm,2470,0.05532099911943078,0.009086198487784714,0.9605739712715149,0.10608661994338035,0.9497249200940132,1.0675692111253738,0.9052529722452164,0.9254910349845886,0.0001,2,1949.7147912107957,0.4074592590332031,,,,,,,,,,,,,,,,,,,,,,,,,,,,,,,,,,,,,,,,,,,,,,,,,,,,,
btm,2480,0.05719559956341982,0.009652765293139964,0.9643461644649506,0.11048736609518528,0.9511756122112274,1.0757988184690475,0.9071505725383758,0.9033534526824951,0.0001,2,1823.6682568049748,0.4074592590332031,,,,,,,,,,,,,,,,,,,,,,,,,,,,,,,,,,,,,,,,,,,,,,,,,,,,,
btm,2490,0.05206870809197426,0.00962059514131397,0.9444331303238869,0.11723096463829279,0.9438745945692062,1.0626261666417123,0.8923644214868546,0.847498893737793,0.0001,2,1953.5387338979829,0.4074592590332031,,,,,,,,,,,,,,,,,,,,,,,,,,,,,,,,,,,,,,,,,,,,,,,,,,,,,
btm,2500,0.09173388872295618,0.009647707815747707,0.97798011302948,0.11054399060085415,0.939381194114685,1.0894888758659362,0.8862462222576142,0.873680591583252,0.0001,2,1947.0745116154094,0.4074592590332031,,,,,,,,,,,,,,,,,,,,,,,,,,,,,,,,,,,,,,,,,,,,,,,,,,,,,
btm,2500,,,,,,,,,,,,,0.07225162209942937,0.007802107225870714,0.903011791408062,0.08068085880950093,0.9099290631711483,0.9844728633761406,0.8307601660490036,0.5769110787659883,0.31486956123262644,0.0,,,,,,,,,,,,,,,,,,,,,,,,,,,,,,,,,,,,,,,,,,,
btm,2510,0.05064181266352534,0.009339235455263406,0.9196328371763229,0.11515721147879958,0.9309618264436722,1.035723975300789,0.8689910218119621,0.877085268497467,0.0001,2,1010.8351844834888,0.4074592590332031,,,,,,,,,,,,,,,,,,,,,,,,,,,,,,,,,,,,,,,,,,,,,,,,,,,,,
btm,2520,0.06040370035916567,0.009110054397024215,0.9331093534827233,0.108876315318048,0.9324735343456269,1.042896670103073,0.8727056518197059,1.0261285305023193,0.0001,2,1948.2506202413078,0.4074592590332031,,,,,,,,,,,,,,,,,,,,,,,,,,,,,,,,,,,,,,,,,,,,,,,,,,,,,
btm,2530,0.05467826901003718,0.008815313293598592,0.9524510830640793,0.09937864365056157,0.9461395129561424,1.0527112632989883,0.897772815823555,0.758342981338501,0.0001,2,1972.8570734350449,0.4074592590332031,,,,,,,,,,,,,,,,,,,,,,,,,,,,,,,,,,,,,,,,,,,,,,,,,,,,,
btm,2540,0.06009502857923508,0.009481110342312605,0.9462342962622643,0.10328470012173056,0.9398223549127579,1.0504670947790147,0.8861392676830292,0.8078754544258118,0.0001,2,1989.1700253681029,0.4074592590332031,,,,,,,,,,,,,,,,,,,,,,,,,,,,,,,,,,,,,,,,,,,,,,,,,,,,,
btm,2550,0.07117079170420766,0.009062955901026726,0.9655160039663315,0.10179221341386438,0.9437596336007118,1.06821451485157,0.8943452164530754,0.9047066569328308,0.0001,2,2017.0176161003094,0.4074592590332031,,,,,,,,,,,,,,,,,,,,,,,,,,,,,,,,,,,,,,,,,,,,,,,,,,,,,
btm,2560,0.047304324060678485,0.009343188325874507,1.0063658565282823,0.10189582193270326,0.9777053043246269,1.1091959968209266,0.9590615272521973,0.8844811916351318,0.0001,2,2027.9241478588697,0.4074592590332031,,,,,,,,,,,,,,,,,,,,,,,,,,,,,,,,,,,,,,,,,,,,,,,,,,,,,
btm,2570,0.06798655223101377,0.0098087664344348,0.940421411395073,0.10974584380164742,0.9326521158218384,1.0511481389403343,0.872434863448143,0.9576689600944519,0.0001,2,2019.2877219210652,0.4074592590332031,,,,,,,,,,,,,,,,,,,,,,,,,,,,,,,,,,,,,,,,,,,,,,,,,,,,,
btm,2580,0.07114393431693315,0.009315985266584902,0.9523509711027145,0.10503845196217299,0.9365083143115044,1.058321012556553,0.8812070339918137,0.9922354817390442,0.0001,2,2010.9898310417097,0.4074592590332031,,,,,,,,,,,,,,,,,,,,,,,,,,,,,,,,,,,,,,,,,,,,,,,,,,,,,
btm,2590,0.054552344419062135,0.00922899297438562,0.9024932324886322,0.11504385760053992,0.9189923211932183,1.0184599965810777,0.8479408845305443,0.7637364268302917,0.0001,2,2029.2254072566368,0.4074592590332031,,,,,,,,,,,,,,,,,,,,,,,,,,,,,,,,,,,,,,,,,,,,,,,,,,,,,
btm,2600,0.053563420195132494,0.009714747546240687,0.9009918153285981,0.11174636092036963,0.9194358885288239,1.013709655404091,0.8474283993244172,0.8367409706115723,0.0001,2,1746.39987511621,0.4074592590332031,,,,,,,,,,,,,,,,,,,,,,,,,,,,,,,,,,,,,,,,,,,,,,,,,,,,,
btm,2610,0.05363252814859152,0.009765052527654916,0.8887844011187553,0.11031523272395134,0.9125499173998832,1.0000761419534683,0.8351518750190735,0.730828583240509,0.0001,2,1908.7104856806086,0.4074592590332031,,,,,,,,,,,,,,,,,,,,,,,,,,,,,,,,,,,,,,,,,,,,,,,,,,,,,
btm,2620,0.056888301577419045,0.010065638669766485,0.8773714974522591,0.11278955517336726,0.9042473673820496,0.9911676064133644,0.8204831972718238,0.9263547658920288,0.0001,2,1974.901090268657,0.4074592590332031,,,,,,,,,,,,,,,,,,,,,,,,,,,,,,,,,,,,,,,,,,,,,,,,,,,,,
btm,2630,0.04705470716580749,0.009704117255751044,0.9121903896331787,0.11021104445680976,0.9280101820826531,1.0233718425035476,0.8651356860995293,0.6802150011062622,0.0001,2,1951.624232635857,0.4074592590332031,,,,,,,,,,,,,,,,,,,,,,,,,,,,,,,,,,,,,,,,,,,,,,,,,,,,,
btm,2640,0.05088380873203278,0.009554917563218624,0.8909810587763787,0.12181383445858955,0.9152410462498665,1.0137503653764726,0.8400972545146942,0.8646774291992188,0.0001,2,1962.4682103787995,0.4074592590332031,,,,,,,,,,,,,,,,,,,,,,,,,,,,,,,,,,,,,,,,,,,,,,,,,,,,,
btm,2650,0.04926031855866313,0.009442233480513096,0.9113174676895142,0.10734529560431838,0.9268070235848427,1.019606989622116,0.8620571494102478,0.7574195861816406,0.0001,2,1801.2668852068434,0.4074592590332031,,,,,,,,,,,,,,,,,,,,,,,,,,,,,,,,,,,,,,,,,,,,,,,,,,,,,
btm,2660,0.047995882108807564,0.009424369293265044,0.9336742982268333,0.10976387672126293,0.9390643507242202,1.0443806052207947,0.8856784224510192,0.9623349905014038,0.0001,2,1904.5892026591382,0.4074592590332031,,,,,,,,,,,,,,,,,,,,,,,,,,,,,,,,,,,,,,,,,,,,,,,,,,,,,
btm,2670,0.06598619716241956,0.009391793492250144,0.9328004837036132,0.09720955695956945,0.9291590616106987,1.03094921708107,0.8668142855167389,0.8797659873962402,0.0001,2,1960.0551169870314,0.4074592590332031,,,,,,,,,,,,,,,,,,,,,,,,,,,,,,,,,,,,,,,,,,,,,,,,,,,,,
btm,2680,0.045966471452265976,0.00895924405194819,0.9080721959471703,0.10808177636936307,0.9269917294383049,1.0170498982071876,0.8621057227253914,0.850495457649231,0.0001,2,1864.320324336041,0.4074592590332031,,,,,,,,,,,,,,,,,,,,,,,,,,,,,,,,,,,,,,,,,,,,,,,,,,,,,
btm,2690,0.054367398656904695,0.0088616254623048,0.8879841819405556,0.10736285829916596,0.9121285125613212,0.9962332010269165,0.8336167827248573,0.7519034743309021,0.0001,2,1986.2962073477795,0.4074592590332031,,,,,,,,,,,,,,,,,,,,,,,,,,,,,,,,,,,,,,,,,,,,,,,,,,,,,
btm,2700,0.06312883459031582,0.009230934642255306,0.8975257337093353,0.11459071105346083,0.9113527998328209,1.013039530813694,0.8343969017267228,0.8192245960235596,0.0001,2,1990.2037307023706,0.4074592590332031,,,,,,,,,,,,,,,,,,,,,,,,,,,,,,,,,,,,,,,,,,,,,,,,,,,,,
btm,2710,0.04924288177862764,0.009894316189456732,0.9089828863739967,0.1090389285236597,0.9259469091892243,1.0190112471580506,0.859740000963211,0.7563474774360657,0.0001,2,1904.7865495655662,0.4074592590332031,,,,,,,,,,,,,,,,,,,,,,,,,,,,,,,,,,,,,,,,,,,,,,,,,,,,,
btm,2720,0.05289503615349531,0.008996744372416288,0.9191529110074044,0.09607407795265317,0.9291302755475044,1.0161266595125198,0.8662578761577606,0.8102582097053528,0.0001,2,1970.6490165447367,0.4074592590332031,,,,,,,,,,,,,,,,,,,,,,,,,,,,,,,,,,,,,,,,,,,,,,,,,,,,,
btm,2730,0.055186898540705444,0.009600174741353839,0.9101264715194702,0.11510922163724899,0.9239490851759911,1.0261957108974458,0.8549395725131035,0.8416702747344971,0.0001,2,1973.8596982424074,0.4074592590332031,,,,,,,,,,,,,,,,,,,,,,,,,,,,,,,,,,,,,,,,,,,,,,,,,,,,,
btm,2740,0.053598376270383594,0.00878806880209595,0.878802952170372,0.09814846115186811,0.9075044140219688,0.9778302118182183,0.8252045810222626,0.7092874050140381,0.0001,2,1985.4153759093244,0.4074592590332031,,,,,,,,,,,,,,,,,,,,,,,,,,,,,,,,,,,,,,,,,,,,,,,,,,,,,
btm,2750,0.042138189822435376,0.009960090019740164,0.9226259335875511,0.10546165378764272,0.9368743106722832,1.0290835842490196,0.880487747490406,0.8148255348205566,0.0001,2,1986.4786760166814,0.4074592590332031,,,,,,,,,,,,,,,,,,,,,,,,,,,,,,,,,,,,,,,,,,,,,,,,,,,,,
btm,2760,0.06283549889922142,0.009600456687621772,0.8712828561663628,0.10583814550191165,0.8978323832154274,0.9780810475349426,0.8084473550319672,0.9428775906562805,0.0001,2,1871.9191189236738,0.4074592590332031,,,,,,,,,,,,,,,,,,,,,,,,,,,,,,,,,,,,,,,,,,,,,,,,,,,,,
btm,2770,0.04705219231545925,0.009349013946484774,0.9412659853696823,0.10073082074522972,0.9438628673553466,1.0429317116737367,0.8942137971520424,0.7684956789016724,0.0001,2,1917.6271070241753,0.4074592590332031,,,,,,,,,,,,,,,,,,,,,,,,,,,,,,,,,,,,,,,,,,,,,,,,,,,,,
btm,2780,0.0477582735940814,0.009441884025000036,0.9081765115261078,0.10670112539082766,0.9254851996898651,1.015821821987629,0.8604182362556457,0.7039541602134705,0.0001,2,1917.341220763766,0.4074592590332031,,,,,,,,,,,,,,,,,,,,,,,,,,,,,,,,,,,,,,,,,,,,,,,,,,,,,
btm,2790,0.05867784786969423,0.009480951516889036,0.8677450537681579,0.11140832956880331,0.8982321649789811,0.9801014840602875,0.8090672105550766,0.85466468334198,0.0001,2,1911.5257515007781,0.4074592590332031,,,,,,,,,,,,,,,,,,,,,,,,,,,,,,,,,,,,,,,,,,,,,,,,,,,,,
btm,2800,0.05229859994724393,0.009083922218997032,0.864543330669403,0.09650914641097189,0.9004770398139954,0.9619608625769616,0.8122447326779365,0.7367560863494873,0.0001,2,1826.603430017892,0.4074592590332031,,,,,,,,,,,,,,,,,,,,,,,,,,,,,,,,,,,,,,,,,,,,,,,,,,,,,
btm,2810,0.04037723736837506,0.009075412375386805,0.8755635276436806,0.10415137708187103,0.9125713810324669,0.9806224405765533,0.8351862907409668,0.7845000624656677,0.0001,2,1975.3015785185698,0.4074592590332031,,,,,,,,,,,,,,,,,,,,,,,,,,,,,,,,,,,,,,,,,,,,,,,,,,,,,
btm,2820,0.05433842241764068,0.009292536904104054,0.8809896469116211,0.09928939053788781,0.9066413179039955,0.9812082827091217,0.826651231944561,0.8873794078826904,0.0001,2,1829.1105029645018,0.4074592590332031,,,,,,,,,,,,,,,,,,,,,,,,,,,,,,,,,,,,,,,,,,,,,,,,,,,,,
btm,2830,0.04567878851667047,0.00944338741246611,0.8892871052026748,0.10420550061389804,0.9168368488550186,0.9944369345903397,0.8436083137989044,0.8639125227928162,0.0001,2,1417.1262912746563,0.4074592590332031,,,,,,,,,,,,,,,,,,,,,,,,,,,,,,,,,,,,,,,,,,,,,,,,,,,,,
btm,2840,0.04675897853448987,0.008945936930831521,0.853407683968544,0.10569551372900605,0.8974041745066643,0.9599977850914001,0.8066487058997154,0.820068895816803,0.0001,2,1966.7574120716654,0.4074592590332031,,,,,,,,,,,,,,,,,,,,,,,,,,,,,,,,,,,,,,,,,,,,,,,,,,,,,
btm,2850,0.05615089638158679,0.009088765853084624,0.8868983909487724,0.10547447213903069,0.9098814561963081,0.9932817324995995,0.8307475000619888,0.9093858003616333,0.0001,2,1961.0426196477968,0.4074592590332031,,,,,,,,,,,,,,,,,,,,,,,,,,,,,,,,,,,,,,,,,,,,,,,,,,,,,
btm,2860,0.051511247642338276,0.009028760029468685,0.8491144821047782,0.11273156739771366,0.8919513806700706,0.9627489238977432,0.7976032361388207,0.7995694279670715,0.0001,2,1576.0752509188471,0.4074592590332031,,,,,,,,,,,,,,,,,,,,,,,,,,,,,,,,,,,,,,,,,,,,,,,,,,,,,
btm,2870,0.041839074529707435,0.009055238217115402,0.8743682160973549,0.10429416876286268,0.9110036477446556,0.9795679032802582,0.8325291395187377,0.7367956042289734,0.0001,2,1946.8889394640646,0.4074592590332031,,,,,,,,,,,,,,,,,,,,,,,,,,,,,,,,,,,,,,,,,,,,,,,,,,,,,
btm,2880,0.048795375227928164,0.010073898790869862,0.8587710171937942,0.11150065362453461,0.8982766583561897,0.9712790578603745,0.8099756434559822,0.8360241055488586,0.0001,2,1968.8391849219897,0.4074592590332031,,,,,,,,,,,,,,,,,,,,,,,,,,,,,,,,,,,,,,,,,,,,,,,,,,,,,
btm,2890,0.05314420685172081,0.009939829050563277,0.8483850285410881,0.11542250216007233,0.8906202882528305,0.9648015052080154,0.7952408239245414,0.8055005669593811,0.0001,2,1558.1457270742092,0.4074592590332031,,,,,,,,,,,,,,,,,,,,,,,,,,,,,,,,,,,,,,,,,,,,,,,,,,,,,
btm,2900,0.042164790257811544,0.009963252360466867,0.8805707976222038,0.113275330606848,0.9142561435699463,0.9948424503207207,0.8384060069918633,0.8884134888648987,0.0001,2,1824.9223156229993,0.4074592590332031,,,,,,,,,,,,,,,,,,,,,,,,,,,,,,,,,,,,,,,,,,,,,,,,,,,,,
btm,2910,0.049040811415761706,0.009174238273408264,0.8591341644525528,0.11293157050386071,0.8983704715967178,0.9729831516742706,0.8100933462381363,0.8634405732154846,0.0001,2,1927.782072474307,0.4074592590332031,,,,,,,,,,,,,,,,,,,,,,,,,,,,,,,,,,,,,,,,,,,,,,,,,,,,,
btm,2920,0.038761581387370826,0.009181148069910706,0.8670519292354584,0.10570494923740625,0.9083312824368477,0.9736750006675721,0.8282903462648392,0.7948595881462097,0.0001,2,1925.1696582266954,0.4074592590332031,,,,,,,,,,,,,,,,,,,,,,,,,,,,,,,,,,,,,,,,,,,,,,,,,,,,,
btm,2930,0.053726686909794805,0.009255572641268372,0.8609843879938126,0.09857178321108222,0.8962826997041702,0.9604817286133767,0.8072576954960823,0.9873520135879517,0.0001,2,1928.2088683176294,0.4074592590332031,,,,,,,,,,,,,,,,,,,,,,,,,,,,,,,,,,,,,,,,,,,,,,,,,,,,,
btm,2940,0.047760465648025274,0.009103028592653573,0.8803320601582527,0.10423780092969537,0.9108372986316681,0.985480172932148,0.8325716003775596,0.8633284568786621,0.0001,2,1885.9123856175274,0.4074592590332031,,,,,,,,,,,,,,,,,,,,,,,,,,,,,,,,,,,,,,,,,,,,,,,,,,,,,
btm,2950,0.04150737561285496,0.009198971919249743,0.82554462403059,0.1041462297551334,0.8846536487340927,0.9306107446551323,0.7840372487902642,0.7591415643692017,0.0001,2,1822.927751164902,0.4074592590332031,,,,,,,,,,,,,,,,,,,,,,,,,,,,,,,,,,,,,,,,,,,,,,,,,,,,,
btm,2960,0.06804987750947475,0.009084449242800474,0.8483395412564277,0.11370784286409616,0.8814858168363571,0.9629558369517326,0.7802896708250046,1.0506891012191772,0.0001,2,1880.126251986343,0.4074592590332031,,,,,,,,,,,,,,,,,,,,,,,,,,,,,,,,,,,,,,,,,,,,,,,,,,,,,
btm,2970,0.03836118676699698,0.009442540886811911,0.9280720129609108,0.10475191595032811,0.9421362653374672,1.0337681874632836,0.8897108286619186,0.929141640663147,0.0001,2,1856.0205744580287,0.4074592590332031,,,,,,,,,,,,,,,,,,,,,,,,,,,,,,,,,,,,,,,,,,,,,,,,,,,,,
btm,2980,0.0539845927618444,0.009243891283404082,0.9045429736375808,0.11324894335120916,0.9195397540926933,1.0187162980437279,0.8505583852529526,0.8342656493186951,0.0001,2,1915.8878177024883,0.4074592590332031,,,,,,,,,,,,,,,,,,,,,,,,,,,,,,,,,,,,,,,,,,,,,,,,,,,,,
btm,2990,0.0635056841187179,0.009235902852378786,0.8963342770934105,0.10457662912085652,0.9106545463204384,1.0018344983458518,0.8328285917639733,0.8541194200515747,0.0001,2,1863.7229322829232,0.4074592590332031,,,,,,,,,,,,,,,,,,,,,,,,,,,,,,,,,,,,,,,,,,,,,,,,,,,,,
btm,3000,0.043760362174361946,0.009489214641507714,0.864424392580986,0.10734393345192075,0.9049400582909584,0.9727172419428826,0.8206640288233757,0.8442009091377258,0.0001,2,1911.996537902142,0.4074592590332031,,,,,,,,,,,,,,,,,,,,,,,,,,,,,,,,,,,,,,,,,,,,,,,,,,,,,
btm,3000,,,,,,,,,,,,,0.06666992488317192,0.007562522543594241,0.748198863118887,0.07620680495165288,0.8246712945401669,0.8251619264483452,0.6815289333462715,0.4871863331645727,0.26962893502786756,0.0,,,,,,,,,,,,,,,,,,,,,,,,,,,,,,,,,,,,,,,,,,,
btm,3000,,,,,,,,,,,,,,,,,,,,,,,0.3,6,20,0.14547527396899385,0.5189767762289793,60.98316441103816,1128.3603744581342,1146.5212118811905,0.12421854423184414,0.3380164447426796,0.3608597674048864,665600,1,40,0.05,1,20,0.008881219432873136,0.23613589351256675,61.39948749169707,1137.8415271639824,1152.5350984185934,0.2861604635283584,0.44540455922484395,0.44137907593678205,665600,1,40,0.1,2,20,0.027865893984153206,0.30103820641179335,61.849439330399036,1144.5982223376632,1223.3124188147483,0.5683023250650149,0.5950053128786386,0.46777009549431314,665600,1,40,0.15
btm,3010,0.0639539573341608,0.009073144989088178,0.8473234117031098,0.10221737381070853,0.8833852648735047,0.950448103249073,0.783369454741478,0.954939067363739,0.0001,2,6.26074985623986,0.4074592590332031,,,,,,,,,,,,,,,,,,,,,,,,,,,,,,,,,,,,,,,,,,,,,,,,,,,,,
btm,3020,0.04399480866268277,0.009202438360080122,0.9006079971790314,0.11342372521758079,0.9237755388021469,1.0149519592523575,0.8566131874918937,0.8969051241874695,0.0001,2,2003.633921480855,0.4074592590332031,,,,,,,,,,,,,,,,,,,,,,,,,,,,,,,,,,,,,,,,,,,,,,,,,,,,,
btm,3030,0.04835318429395556,0.009807589137926698,0.8194530919194222,0.10823189597576857,0.8769458293914795,0.9286657407879829,0.7710999086499214,0.8060773015022278,0.0001,2,1991.3798888074782,0.4074592590332031,,,,,,,,,,,,,,,,,,,,,,,,,,,,,,,,,,,,,,,,,,,,,,,,,,,,,
btm,3040,0.05732563203200698,0.00892688105814159,0.8794910401105881,0.0988497732207179,0.9056757152080536,0.9792334944009781,0.8221654102206231,0.957385778427124,0.0001,2,2007.797669322421,0.4074592590332031,,,,,,,,,,,,,,,,,,,,,,,,,,,,,,,,,,,,,,,,,,,,,,,,,,,,,
btm,3050,0.034785857889801264,0.009004494245164096,0.8982225492596626,0.09869224997237325,0.9278324618935585,0.9978152379393578,0.8634366899728775,0.7530032992362976,0.0001,2,2009.3790979496375,0.4074592590332031,,,,,,,,,,,,,,,,,,,,,,,,,,,,,,,,,,,,,,,,,,,,,,,,,,,,,
btm,3060,0.058293703757226464,0.00919696562923491,0.824771162867546,0.11322240326553583,0.8737451940774917,0.9389132618904114,0.7664774596691132,0.7982468008995056,0.0001,2,2011.7545834753519,0.4074592590332031,,,,,,,,,,,,,,,,,,,,,,,,,,,,,,,,,,,,,,,,,,,,,,,,,,,,,
btm,3070,0.05560427093878388,0.008920634491369128,0.9011991143226623,0.10770544186234474,0.9179151564836502,1.0097966209053992,0.8455948442220688,0.7349913716316223,0.0001,2,1994.3903379039264,0.4074592590332031,,,,,,,,,,,,,,,,,,,,,,,,,,,,,,,,,,,,,,,,,,,,,,,,,,,,,
btm,3080,0.034340347582474354,0.009019005903974175,0.9126035138964653,0.09569039195775986,0.9361525654792786,1.009195791184902,0.8782631680369377,0.7060056328773499,0.0001,2,1935.1973325636116,0.4074592590332031,,,,,,,,,,,,,,,,,,,,,,,,,,,,,,,,,,,,,,,,,,,,,,,,,,,,,
btm,3090,0.06776974266394972,0.009394508926197887,0.8570448502898216,0.09298187019303442,0.8871326670050621,0.9509661704301834,0.7892751127481461,0.9876188039779663,0.0001,2,1963.4109563994164,0.4074592590332031,,,,,,,,,,,,,,,,,,,,,,,,,,,,,,,,,,,,,,,,,,,,,,,,,,,,,
btm,3100,0.053744251001626255,0.008661344763822854,0.8764152333140374,0.09709329418838024,0.904782748222351,0.974374657869339,0.8226709827780724,0.8617225289344788,0.0001,2,1977.4601646652136,0.4074592590332031,,,,,,,,,,,,,,,,,,,,,,,,,,,,,,,,,,,,,,,,,,,,,,,,,,,,,
btm,3110,0.03366884435527027,0.009617486165370791,0.9103312432765961,0.10159276174381375,0.9343578144907951,1.0128857523202897,0.8766624003648757,0.6780694127082825,0.0001,2,1938.4850685894103,0.4074592590332031,,,,,,,,,,,,,,,,,,,,,,,,,,,,,,,,,,,,,,,,,,,,,,,,,,,,,
btm,3120,0.0666435208171606,0.00856731201056391,0.8629622861742974,0.10162617070600391,0.8897549390792847,0.9654451876878738,0.7963187664747238,1.024450659751892,0.0001,2,1979.5275635987412,0.4074592590332031,,,,,,,,,,,,,,,,,,,,,,,,,,,,,,,,,,,,,,,,,,,,,,,,,,,,,
btm,3130,0.06010117512196302,0.009291122097056358,0.8572532922029495,0.09550068322569132,0.8913464412093163,0.9536830902099609,0.7971521183848381,1.0279635190963745,0.0001,2,1942.510317452728,0.4074592590332031,,,,,,,,,,,,,,,,,,,,,,,,,,,,,,,,,,,,,,,,,,,,,,,,,,,,,
btm,3140,0.03940632939338684,0.009597321541514247,0.843256264925003,0.11318752886727453,0.8957670509815217,0.9574035257101059,0.8038499355316162,0.89802086353302,0.0001,2,1955.6433081726277,0.4074592590332031,,,,,,,,,,,,,,,,,,,,,,,,,,,,,,,,,,,,,,,,,,,,,,,,,,,,,
btm,3150,0.04579826639965177,0.00870481920428574,0.7992971643805504,0.10201512053608894,0.8665503934025764,0.9021827638149261,0.7534988924860955,0.7207099199295044,0.0001,2,1986.439738055979,0.4074592590332031,,,,,,,,,,,,,,,,,,,,,,,,,,,,,,,,,,,,,,,,,,,,,,,,,,,,,
btm,3160,0.04489714605733752,0.008681984595023095,0.8421009600162506,0.10597121929749846,0.8915962889790535,0.9489403754472733,0.797203816473484,0.7345998883247375,0.0001,2,1817.1007707982278,0.4074592590332031,,,,,,,,,,,,,,,,,,,,,,,,,,,,,,,,,,,,,,,,,,,,,,,,,,,,,
btm,3170,0.03797781514003873,0.009315486648119986,0.8625550821423531,0.10967818610370159,0.9065310046076774,0.9731648147106171,0.8245772659778595,0.7457583546638489,0.0001,2,1910.419081500041,0.4074592590332031,,,,,,,,,,,,,,,,,,,,,,,,,,,,,,,,,,,,,,,,,,,,,,,,,,,,,
btm,3180,0.05151086263358593,0.008890225074719638,0.8440740957856179,0.0953820207156241,0.8876840054988862,0.9403451472520828,0.7925632342696189,0.7561304569244385,0.0001,2,1932.6306306474034,0.4074592590332031,,,,,,,,,,,,,,,,,,,,,,,,,,,,,,,,,,,,,,,,,,,,,,,,,,,,,
btm,3190,0.04739830754697323,0.0089298672741279,0.8072269588708878,0.1060368494130671,0.8694547593593598,0.9141567915678024,0.75982865691185,0.7900857925415039,0.0001,2,1958.646828664847,0.4074592590332031,,,,,,,,,,,,,,,,,,,,,,,,,,,,,,,,,,,,,,,,,,,,,,,,,,,,,
btm,3200,0.037052298244088885,0.010397576005198061,0.7867881432175636,0.1345562701113522,0.8647797599434852,0.9223841741681099,0.7497358456254005,0.8293075561523438,0.0001,2,1942.6230585176402,0.4074592590332031,,,,,,,,,,,,,,,,,,,,,,,,,,,,,,,,,,,,,,,,,,,,,,,,,,,,,
btm,3210,0.043680399749428035,0.00913028980139643,0.8298259437084198,0.10537309478968382,0.8843379244208336,0.936112068593502,0.786145544052124,0.9183400273323059,0.0001,2,1951.4625964587021,0.4074592590332031,,,,,,,,,,,,,,,,,,,,,,,,,,,,,,,,,,,,,,,,,,,,,,,,,,,,,
btm,3220,0.032282326463609935,0.009662436961662024,0.8888923823833466,0.10284713432192802,0.9245227903127671,0.9927057564258576,0.856610058248043,0.7611521482467651,0.0001,2,1978.290074120835,0.4074592590332031,,,,,,,,,,,,,,,,,,,,,,,,,,,,,,,,,,,,,,,,,,,,,,,,,,,,,
btm,3230,0.0505254901945591,0.009395209595095367,0.836268550157547,0.10346187250688672,0.8846590250730515,0.940669946372509,0.7857430651783943,0.6982367634773254,0.0001,2,2003.860789599538,0.4074592590332031,,,,,,,,,,,,,,,,,,,,,,,,,,,,,,,,,,,,,,,,,,,,,,,,,,,,,
btm,3240,0.060924225766211745,0.00907408018829301,0.8681852668523788,0.10292067974805832,0.8956931412220002,0.9720133483409882,0.8072610482573509,0.9817293882369995,0.0001,2,1951.9563122945844,0.4074592590332031,,,,,,,,,,,,,,,,,,,,,,,,,,,,,,,,,,,,,,,,,,,,,,,,,,,,,
btm,3250,0.03873003702610731,0.009454313328024,0.8007714599370956,0.10265816319733859,0.8718697026371955,0.9043750509619712,0.7620414227247239,0.697740912437439,0.0001,2,2021.9020064608558,0.4074592590332031,,,,,,,,,,,,,,,,,,,,,,,,,,,,,,,,,,,,,,,,,,,,,,,,,,,,,
btm,3260,0.04407015135511756,0.009053083846811204,0.805339851975441,0.10958799570798874,0.8713806733489037,0.9158331617712975,0.7612697064876557,0.8377121686935425,0.0001,2,1960.6813219752528,0.4074592590332031,,,,,,,,,,,,,,,,,,,,,,,,,,,,,,,,,,,,,,,,,,,,,,,,,,,,,
btm,3270,0.0432835147716105,0.009015271498356014,0.8224304482340813,0.09584828587248921,0.8804795786738395,0.9191802650690079,0.7791469380259514,0.7941107749938965,0.0001,2,1997.660252729202,0.4074592590332031,,,,,,,,,,,,,,,,,,,,,,,,,,,,,,,,,,,,,,,,,,,,,,,,,,,,,
btm,3280,0.03712184396572411,0.009173666033893824,0.816668039560318,0.09990197801962494,0.8817786008119584,0.9174873843789101,0.7795461982488632,0.7110022306442261,0.0001,2,2003.3799871182152,0.4074592590332031,,,,,,,,,,,,,,,,,,,,,,,,,,,,,,,,,,,,,,,,,,,,,,,,,,,,,
btm,3290,0.05475341212004423,0.009836464340332895,0.7789646163582802,0.10768405450507998,0.8492539018392563,0.8876323133707047,0.7242112070322037,0.9801843762397766,0.0001,2,1823.544786938,0.4074592590332031,,,,,,,,,,,,,,,,,,,,,,,,,,,,,,,,,,,,,,,,,,,,,,,,,,,,,
btm,3300,0.0377130092587322,0.008810631185770034,0.8398234605789184,0.10277751749381422,0.8944228112697601,0.9434820458292961,0.8021104529500007,0.7943496108055115,0.0001,2,1913.340952564492,0.4074592590332031,,,,,,,,,,,,,,,,,,,,,,,,,,,,,,,,,,,,,,,,,,,,,,,,,,,,,
btm,3310,0.034240198461338876,0.009237547684460879,0.8549533098936081,0.10700696222484112,0.9040819123387337,0.9628840282559394,0.820713110268116,0.8738424181938171,0.0001,2,1686.1392798651389,0.4074592590332031,,,,,,,,,,,,,,,,,,,,,,,,,,,,,,,,,,,,,,,,,,,,,,,,,,,,,
btm,3320,0.050724238809198144,0.009218818857334554,0.7959331929683685,0.1027591360732913,0.8617470607161521,0.8996142074465752,0.7452089607715606,0.9916568994522095,0.0001,2,1880.0658334468076,0.4074592590332031,,,,,,,,,,,,,,,,,,,,,,,,,,,,,,,,,,,,,,,,,,,,,,,,,,,,,
btm,3330,0.048110767174512147,0.00935650288593024,0.8017105832695961,0.11340872151777148,0.86588633954525,0.9160549491643906,0.7535998180508614,0.7448476552963257,0.0001,2,1829.3546448738255,0.4074592590332031,,,,,,,,,,,,,,,,,,,,,,,,,,,,,,,,,,,,,,,,,,,,,,,,,,,,,
btm,3340,0.03777206828817725,0.009628636203706265,0.8018092244863511,0.10829888097941875,0.8728718385100365,0.9110709622502327,0.7640371590852737,0.7225660085678101,0.0001,2,1904.511504114462,0.4074592590332031,,,,,,,,,,,,,,,,,,,,,,,,,,,,,,,,,,,,,,,,,,,,,,,,,,,,,
btm,3350,0.042672691866755486,0.009341395017690957,0.8003054931759834,0.10633000591769814,0.8686322793364525,0.9075696393847466,0.7576327979564667,0.7116117477416992,0.0001,2,1983.5054774233881,0.4074592590332031,,,,,,,,,,,,,,,,,,,,,,,,,,,,,,,,,,,,,,,,,,,,,,,,,,,,,
btm,3360,0.036334142368286845,0.008600093855056912,0.8093548759818077,0.10405197148211301,0.8780886143445968,0.9142668604850769,0.7730207294225693,0.7524163722991943,0.0001,2,1990.7800323172805,0.4074592590332031,,,,,,,,,,,,,,,,,,,,,,,,,,,,,,,,,,,,,,,,,,,,,,,,,,,,,
btm,3370,0.038672340521588924,0.00926412473199889,0.80003791898489,0.10365928132086992,0.8707508534193039,0.9046236038208008,0.7613655760884285,0.694865345954895,0.0001,2,2012.3455627518606,0.4074592590332031,,,,,,,,,,,,,,,,,,,,,,,,,,,,,,,,,,,,,,,,,,,,,,,,,,,,,
btm,3380,0.049664005916565654,0.00926066612591967,0.8078832447528839,0.10510920668020844,0.869501243531704,0.9139185175299644,0.7582192406058311,0.7906723022460938,0.0001,2,1960.1509162259263,0.4074592590332031,,,,,,,,,,,,,,,,,,,,,,,,,,,,,,,,,,,,,,,,,,,,,,,,,,,,,
btm,3390,0.04459031904116273,0.008802352845668793,0.7641434043645858,0.10271716071292758,0.8471969082951546,0.8677407994866371,0.7195530906319618,0.7835618853569031,0.0001,2,1940.2852763984245,0.4074592590332031,,,,,,,,,,,,,,,,,,,,,,,,,,,,,,,,,,,,,,,,,,,,,,,,,,,,,
btm,3400,0.04343753969296813,0.008580318908207119,0.7735843986272812,0.10208244565874339,0.8532256841659546,0.8765248835086823,0.7301468640565872,0.8303553462028503,0.0001,2,1933.7723115076192,0.4074592590332031,,,,,,,,,,,,,,,,,,,,,,,,,,,,,,,,,,,,,,,,,,,,,,,,,,,,,
btm,3410,0.03644272978417575,0.00902896405896172,0.776945760846138,0.10639244159683585,0.8588370874524116,0.8842410981655121,0.7405030325055122,0.8893457055091858,0.0001,2,1983.065768801986,0.4074592590332031,,,,,,,,,,,,,,,,,,,,,,,,,,,,,,,,,,,,,,,,,,,,,,,,,,,,,
btm,3420,0.030577225238084794,0.008963001845404505,0.7804165452718734,0.09457807578146457,0.8643413066864014,0.8758909195661545,0.7498393177986145,0.7292723059654236,0.0001,2,1665.9140478047518,0.4074592590332031,,,,,,,,,,,,,,,,,,,,,,,,,,,,,,,,,,,,,,,,,,,,,,,,,,,,,
btm,3430,0.048714471608400346,0.008857440808787942,0.8020855844020843,0.10178897315636277,0.8645276203751564,0.904760305583477,0.753371112048626,1.1254101991653442,0.0001,2,1926.494781430158,0.4074592590332031,,,,,,,,,,,,,,,,,,,,,,,,,,,,,,,,,,,,,,,,,,,,,,,,,,,,,
btm,3440,0.031679698685184124,0.009326543903443962,0.8127816528081894,0.10740267913788556,0.8824752330780029,0.9211169928312302,0.7811019584536553,0.7512248158454895,0.0001,2,1803.9853678346692,0.4074592590332031,,,,,,,,,,,,,,,,,,,,,,,,,,,,,,,,,,,,,,,,,,,,,,,,,,,,,
btm,3450,0.045353980455547574,0.009447614615783095,0.7881379738450051,0.1049050286412239,0.8604811161756516,0.8939877659082412,0.7427839934825897,0.7340192794799805,0.0001,2,1961.081010419184,0.4074592590332031,,,,,,,,,,,,,,,,,,,,,,,,,,,,,,,,,,,,,,,,,,,,,,,,,,,,,
btm,3460,0.05421742931939662,0.009457396995276212,0.8202129140496254,0.09315396929159761,0.8734034165740013,0.9143126234412193,0.7659954845905304,0.8593820929527283,0.0001,2,1696.1278544198626,0.4074592590332031,,,,,,,,,,,,,,,,,,,,,,,,,,,,,,,,,,,,,,,,,,,,,,,,,,,,,
btm,3470,0.02536514853127301,0.008930867351591588,0.8669063836336136,0.0988958035595715,0.916071942448616,0.9666952759027481,0.841541238129139,0.7139478921890259,0.0001,2,1825.4953893750483,0.4074592590332031,,,,,,,,,,,,,,,,,,,,,,,,,,,,,,,,,,,,,,,,,,,,,,,,,,,,,
btm,3480,0.051454021316021684,0.009111733536701649,0.7936567649245262,0.10634003700688481,0.8592915147542953,0.900907976925373,0.7422027453780174,0.7334475517272949,0.0001,2,1822.5732233120177,0.4074592590332031,,,,,,,,,,,,,,,,,,,,,,,,,,,,,,,,,,,,,,,,,,,,,,,,,,,,,
btm,3490,0.059750198293477295,0.009266506286803634,0.8311098173260689,0.1016242672689259,0.8754661709070206,0.9336607396602631,0.7713596180081368,0.839285135269165,0.0001,2,1949.3673321848526,0.4074592590332031,,,,,,,,,,,,,,,,,,,,,,,,,,,,,,,,,,,,,,,,,,,,,,,,,,,,,
btm,3500,0.02763622896745801,0.009108746494166552,0.8479408696293831,0.10674710152670741,0.9045543417334556,0.9555988430976867,0.8203046396374702,0.653028130531311,0.0001,2,1911.493976627163,0.4074592590332031,,,,,,,,,,,,,,,,,,,,,,,,,,,,,,,,,,,,,,,,,,,,,,,,,,,,,
btm,3500,,,,,,,,,,,,,0.033277085749432445,0.007399331399938092,0.6869607381522655,0.07347336283419281,0.8070524111390114,0.7611740417778492,0.6536836512386799,0.477130769751966,0.23540063807740808,0.0,,,,,,,,,,,,,,,,,,,,,,,,,,,,,,,,,,,,,,,,,,,
btm,3510,0.04656773079186678,0.009441713150590659,0.7801977604627609,0.09331837240606547,0.8549118548631668,0.8744603022933006,0.7336300283670425,0.797731876373291,0.0001,2,962.7805367422435,0.4074592590332031,,,,,,,,,,,,,,,,,,,,,,,,,,,,,,,,,,,,,,,,,,,,,,,,,,,,,
btm,3520,0.05344161046668887,0.009834203822538256,0.7796635702252388,0.10430996101349592,0.851082119345665,0.8849569588899613,0.7262219607830047,0.7099438905715942,0.0001,2,1843.894987352359,0.4074592590332031,,,,,,,,,,,,,,,,,,,,,,,,,,,,,,,,,,,,,,,,,,,,,,,,,,,,,
btm,3530,0.03270477117039263,0.00903578584548086,0.7956602036952972,0.10605245875194669,0.8715262860059738,0.902616237103939,0.762955428659916,0.8186230063438416,0.0001,2,1436.1182394741554,0.4074592590332031,,,,,,,,,,,,,,,,,,,,,,,,,,,,,,,,,,,,,,,,,,,,,,,,,,,,,
btm,3540,0.032294533168897036,0.009612935362383723,0.7694303646683693,0.10101704960688948,0.8572439387440681,0.8714087083935738,0.7371358290314675,0.6892653703689575,0.0001,2,1974.7447458752988,0.4074592590332031,,,,,,,,,,,,,,,,,,,,,,,,,,,,,,,,,,,,,,,,,,,,,,,,,,,,,
btm,3550,0.053296341095119715,0.00877170158782974,0.7708043456077576,0.10258244927972555,0.8443059623241425,0.8742639631032944,0.7175080060958863,0.7791997194290161,0.0001,2,1961.0991430262527,0.4074592590332031,,,,,,,,,,,,,,,,,,,,,,,,,,,,,,,,,,,,,,,,,,,,,,,,,,,,,
btm,3560,0.036057566711679104,0.0086634126259014,0.7835923612117768,0.09776743818074465,0.8635383248329163,0.8822261393070221,0.7475347995758057,0.6562285423278809,0.0001,2,2005.1645792648162,0.4074592590332031,,,,,,,,,,,,,,,,,,,,,,,,,,,,,,,,,,,,,,,,,,,,,,,,,,,,,
btm,3570,0.034331591241061686,0.009468723204918206,0.7702054396271706,0.09976964136585594,0.8565910443663597,0.8709219500422478,0.7358738526701927,0.7008635997772217,0.0001,2,2017.88160741233,0.4074592590332031,,,,,,,,,,,,,,,,,,,,,,,,,,,,,,,,,,,,,,,,,,,,,,,,,,,,,
btm,3580,0.05067710410803557,0.010150684404652565,0.7784705281257629,0.10282895378768445,0.849887803196907,0.8823145478963852,0.7277934268116951,0.9267510175704956,0.0001,2,1808.4034230126945,0.4074592590332031,,,,,,,,,,,,,,,,,,,,,,,,,,,,,,,,,,,,,,,,,,,,,,,,,,,,,
btm,3590,0.0302967372816056,0.008849365229252726,0.8333143025636673,0.09916806258261204,0.8944439426064491,0.9333673015236854,0.8030175685882568,0.8048480153083801,0.0001,2,1815.5328380318433,0.4074592590332031,,,,,,,,,,,,,,,,,,,,,,,,,,,,,,,,,,,,,,,,,,,,,,,,,,,,,
btm,3600,0.03731096861883998,0.00913895374396816,0.8099783703684806,0.09773077685385942,0.8771497920155525,0.9086230397224426,0.7726674050092697,0.7242998480796814,0.0001,2,1940.9633464781218,0.4074592590332031,,,,,,,,,,,,,,,,,,,,,,,,,,,,,,,,,,,,,,,,,,,,,,,,,,,,,
btm,3610,0.056853582989424466,0.008946074813138694,0.7978950649499893,0.10048458045348525,0.858561934530735,0.8992742463946343,0.7410414859652519,1.3297133445739746,0.0001,2,1950.1517643950817,0.4074592590332031,,,,,,,,,,,,,,,,,,,,,,,,,,,,,,,,,,,,,,,,,,,,,,,,,,,,,
btm,3620,0.03064495176076889,0.009773515968117864,0.8513201922178268,0.10561258485540748,0.9042894467711449,0.9579101279377937,0.820675240457058,0.7434825301170349,0.0001,2,1969.3142830414608,0.4074592590332031,,,,,,,,,,,,,,,,,,,,,,,,,,,,,,,,,,,,,,,,,,,,,,,,,,,,,
btm,3630,0.035832375613972546,0.00894568592775613,0.7898957908153534,0.09546439331024885,0.867189010977745,0.8862547472119331,0.754063418507576,0.8243562579154968,0.0001,2,1947.860605237722,0.4074592590332031,,,,,,,,,,,,,,,,,,,,,,,,,,,,,,,,,,,,,,,,,,,,,,,,,,,,,
btm,3640,0.06363568771630526,0.008728677092585712,0.8270434632897377,0.0982574843801558,0.8699360147118569,0.926173810660839,0.7634077697992325,0.8860976099967957,0.0001,2,1962.6010593305557,0.4074592590332031,,,,,,,,,,,,,,,,,,,,,,,,,,,,,,,,,,,,,,,,,,,,,,,,,,,,,
btm,3650,0.029061633022502066,0.009009436971973627,0.8711082726716995,0.09738367404788732,0.9165953278541565,0.9693928897380829,0.8420466348528862,0.7676064968109131,0.0001,2,1821.2243887972645,0.4074592590332031,,,,,,,,,,,,,,,,,,,,,,,,,,,,,,,,,,,,,,,,,,,,,,,,,,,,,
btm,3660,0.03730144989676774,0.008946417260449379,0.8021292954683303,0.09792250441387296,0.8726877331733703,0.9009464368224144,0.7648278430104256,0.8159341216087341,0.0001,2,1863.5818905690849,0.4074592590332031,,,,,,,,,,,,,,,,,,,,,,,,,,,,,,,,,,,,,,,,,,,,,,,,,,,,,
btm,3670,0.071000250056386,0.008710194833111019,0.8153322622179985,0.10278136357665062,0.860167284309864,0.9189846485853195,0.7443320080637932,0.9397192001342773,0.0001,2,1978.7220038110556,0.4074592590332031,,,,,,,,,,,,,,,,,,,,,,,,,,,,,,,,,,,,,,,,,,,,,,,,,,,,,
btm,3680,0.031282596616074444,0.009514181432314217,0.8171397924423218,0.11528507303446531,0.8846636414527893,0.9333762750029564,0.7858571961522103,0.7131080031394958,0.0001,2,1932.457735165573,0.4074592590332031,,,,,,,,,,,,,,,,,,,,,,,,,,,,,,,,,,,,,,,,,,,,,,,,,,,,,
btm,3690,0.03649617074988783,0.00917898111511022,0.7916002720594406,0.10542781054973602,0.8677335441112518,0.8979459792375565,0.7551041036844254,0.8438611030578613,0.0001,2,1764.1128009319987,0.4074592590332031,,,,,,,,,,,,,,,,,,,,,,,,,,,,,,,,,,,,,,,,,,,,,,,,,,,,,
btm,3700,0.060947169456630944,0.00905492198653519,0.7868509083986283,0.1033194426447153,0.8498498693108558,0.8910758405923843,0.7259037390351295,0.95365971326828,0.0001,2,1888.054218736104,0.4074592590332031,,,,,,,,,,,,,,,,,,,,,,,,,,,,,,,,,,,,,,,,,,,,,,,,,,,,,
btm,3710,0.038934013433754446,0.009153777663595975,0.7940052658319473,0.10958101553842425,0.8670070067048072,0.9045016512274742,0.7550712510943413,0.8830211162567139,0.0001,2,1892.3210181059794,0.4074592590332031,,,,,,,,,,,,,,,,,,,,,,,,,,,,,,,,,,,,,,,,,,,,,,,,,,,,,
btm,3720,0.03267824701033532,0.009303325426299126,0.7889888793230057,0.0981543811969459,0.8677679240703583,0.8880735874176026,0.75631063580513,0.8301681876182556,0.0001,2,1975.721445512412,0.4074592590332031,,,,,,,,,,,,,,,,,,,,,,,,,,,,,,,,,,,,,,,,,,,,,,,,,,,,,
btm,3730,0.04907476641237736,0.009466519532725214,0.7800031930208207,0.10572795486077666,0.8524170950055122,0.8866777956485749,0.730928422510624,0.8354766368865967,0.0001,2,1969.5263894385075,0.4074592590332031,,,,,,,,,,,,,,,,,,,,,,,,,,,,,,,,,,,,,,,,,,,,,,,,,,,,,
btm,3740,0.037821403704583645,0.008746350393630564,0.7853155553340911,0.1097369165159762,0.8628311589360237,0.8959271013736725,0.7474941506981849,0.7432900667190552,0.0001,2,1664.864593753302,0.4074592590332031,,,,,,,,,,,,,,,,,,,,,,,,,,,,,,,,,,,,,,,,,,,,,,,,,,,,,
btm,3750,0.03757570618763566,0.008920685108751058,0.7768867075443268,0.10854285350069404,0.857959495484829,0.8863216325640678,0.7393109947443008,0.7643448114395142,0.0001,2,1859.5712217169091,0.4074592590332031,,,,,,,,,,,,,,,,,,,,,,,,,,,,,,,,,,,,,,,,,,,,,,,,,,,,,
btm,3760,0.04446165198460221,0.00920168817974627,0.7576984375715256,0.10650313617661596,0.8422936454415322,0.8651217475533486,0.7132367819547654,1.155881404876709,0.0001,2,1908.5646997583792,0.4074592590332031,,,,,,,,,,,,,,,,,,,,,,,,,,,,,,,,,,,,,,,,,,,,,,,,,,,,,
btm,3770,0.03748178011737764,0.008723364165052771,0.7853986173868179,0.09101982023566961,0.8627532020211219,0.8772907719016075,0.7479168340563774,0.8146178126335144,0.0001,2,1946.4783363157562,0.4074592590332031,,,,,,,,,,,,,,,,,,,,,,,,,,,,,,,,,,,,,,,,,,,,,,,,,,,,,
btm,3780,0.02990379468537867,0.008967828238382936,0.7906912654638291,0.09397742860019206,0.8703743323683739,0.8855654776096344,0.760787470638752,0.7029454112052917,0.0001,2,1889.068904109522,0.4074592590332031,,,,,,,,,,,,,,,,,,,,,,,,,,,,,,,,,,,,,,,,,,,,,,,,,,,,,
btm,3790,0.04630507724359632,0.009468338277656585,0.7892992466688156,0.1159306482411921,0.8591515511274338,0.9061767295002937,0.7429941698908806,0.7719402313232422,0.0001,2,1981.4272174375042,0.4074592590332031,,,,,,,,,,,,,,,,,,,,,,,,,,,,,,,,,,,,,,,,,,,,,,,,,,,,,
btm,3800,0.03831619881093502,0.009068427910096943,0.7882748410105705,0.10047657648101449,0.8632304832339287,0.8896582633256912,0.7499586477875709,0.7792633175849915,0.0001,2,1995.8940306383395,0.4074592590332031,,,,,,,,,,,,,,,,,,,,,,,,,,,,,,,,,,,,,,,,,,,,,,,,,,,,,
btm,3810,0.029045710619539023,0.008566944557242096,0.7811385035514832,0.09943636367097497,0.8661566838622093,0.8814315691590309,0.7520927965641022,0.7319273948669434,0.0001,2,2003.8399527491408,0.4074592590332031,,,,,,,,,,,,,,,,,,,,,,,,,,,,,,,,,,,,,,,,,,,,,,,,,,,,,
btm,3820,0.04824414476752281,0.008813251368701458,0.7358873441815377,0.10151451379060746,0.8277829378843308,0.8382831811904907,0.687643201649189,0.9199466109275818,0.0001,2,2016.3421886913256,0.4074592590332031,,,,,,,,,,,,,,,,,,,,,,,,,,,,,,,,,,,,,,,,,,,,,,,,,,,,,
btm,3830,0.042191662127152085,0.009276655444409698,0.7582100942730904,0.11080758664757014,0.8446960255503655,0.8699453428387642,0.7160184308886528,0.7735394239425659,0.0001,2,1979.4855677076916,0.4074592590332031,,,,,,,,,,,,,,,,,,,,,,,,,,,,,,,,,,,,,,,,,,,,,,,,,,,,,
btm,3840,0.024982384778559207,0.009146847436204553,0.7673466593027115,0.09755457704886794,0.860052789747715,0.8658159211277962,0.7423642769455909,0.715420126914978,0.0001,2,1969.0581456123052,0.4074592590332031,,,,,,,,,,,,,,,,,,,,,,,,,,,,,,,,,,,,,,,,,,,,,,,,,,,,,
btm,3850,0.04027124103158712,0.009361380711197853,0.7399785965681076,0.10712664546445012,0.8334819734096527,0.8480413794517517,0.699707356095314,0.8580436110496521,0.0001,2,2003.9213392947493,0.4074592590332031,,,,,,,,,,,,,,,,,,,,,,,,,,,,,,,,,,,,,,,,,,,,,,,,,,,,,
btm,3860,0.04170347610488534,0.009185020893346519,0.7371329590678215,0.09633140317164361,0.8324819445610047,0.8343828678131103,0.6954294815659523,0.8382248878479004,0.0001,2,1914.5600653496258,0.4074592590332031,,,,,,,,,,,,,,,,,,,,,,,,,,,,,,,,,,,,,,,,,,,,,,,,,,,,,
btm,3870,0.02568147489801049,0.009676289081107825,0.7906100556254387,0.10963172186166048,0.8730066433548928,0.9012094050645828,0.7649285852909088,0.7725160121917725,0.0001,2,1985.1737170369786,0.4074592590332031,,,,,,,,,,,,,,,,,,,,,,,,,,,,,,,,,,,,,,,,,,,,,,,,,,,,,
btm,3880,0.04217177336104214,0.00917630506446585,0.7682001635432243,0.10645753238350153,0.8501456394791603,0.8755753219127655,0.7260283961892128,0.7581572532653809,0.0001,2,2003.4967680190687,0.4074592590332031,,,,,,,,,,,,,,,,,,,,,,,,,,,,,,,,,,,,,,,,,,,,,,,,,,,,,
btm,3890,0.047266700956970456,0.009072722063865512,0.740590101480484,0.0932971939444542,0.8312727227807045,0.8347945675253868,0.6933233991265297,0.6873215436935425,0.0001,2,1873.645524152714,0.4074592590332031,,,,,,,,,,,,,,,,,,,,,,,,,,,,,,,,,,,,,,,,,,,,,,,,,,,,,
btm,3900,0.025444775726646184,0.008596522780135275,0.7630058914422989,0.09999159686267375,0.8571981996297836,0.8638571381568909,0.7375611171126366,0.6860932111740112,0.0001,2,1809.6231635677507,0.4074592590332031,,,,,,,,,,,,,,,,,,,,,,,,,,,,,,,,,,,,,,,,,,,,,,,,,,,,,
btm,3910,0.037534889718517664,0.009110852400772274,0.7293238177895546,0.09548888811841608,0.8306289628148079,0.8257237911224365,0.6917889282107353,0.8412101864814758,0.0001,2,1704.4798276624826,0.4074592590332031,,,,,,,,,,,,,,,,,,,,,,,,,,,,,,,,,,,,,,,,,,,,,,,,,,,,,
btm,3920,0.04952842816710472,0.009560723777394742,0.7683416366577148,0.10545483911409974,0.8458017081022262,0.874752551317215,0.718813207745552,0.8006005883216858,0.0001,2,1629.964681418214,0.4074592590332031,,,,,,,,,,,,,,,,,,,,,,,,,,,,,,,,,,,,,,,,,,,,,,,,,,,,,
btm,3930,0.02418198944069445,0.009292415005620568,0.7782105758786202,0.10352817736566067,0.8672663554549217,0.8826679930090904,0.7540285870432853,0.663335382938385,0.0001,2,1724.8851004548026,0.4074592590332031,,,,,,,,,,,,,,,,,,,,,,,,,,,,,,,,,,,,,,,,,,,,,,,,,,,,,
btm,3940,0.04311704002320767,0.008896128879860044,0.738340699672699,0.102987071685493,0.8327377393841744,0.8422173857688904,0.6952236577868461,0.7745919227600098,0.0001,2,1712.3407060876712,0.4074592590332031,,,,,,,,,,,,,,,,,,,,,,,,,,,,,,,,,,,,,,,,,,,,,,,,,,,,,
btm,3950,0.056605050899088384,0.00869647387880832,0.7907603457570076,0.10189590081572533,0.8546885445713996,0.8935258880257606,0.7341552972793579,0.9567427635192871,0.0001,2,1775.9212248272556,0.4074592590332031,,,,,,,,,,,,,,,,,,,,,,,,,,,,,,,,,,,,,,,,,,,,,,,,,,,,,
btm,3960,0.026268605981022118,0.008674056793097407,0.8081180736422539,0.10331156365573406,0.8832686394453049,0.912297035753727,0.7818494766950608,0.759210467338562,0.0001,2,1716.7436826680262,0.4074592590332031,,,,,,,,,,,,,,,,,,,,,,,,,,,,,,,,,,,,,,,,,,,,,,,,,,,,,
btm,3970,0.03351439032703638,0.009268825605977327,0.751403720676899,0.10207230374217033,0.8458686873316765,0.8544029101729393,0.7178893327713013,0.7526581883430481,0.0001,2,1765.0943476568732,0.4074592590332031,,,,,,,,,,,,,,,,,,,,,,,,,,,,,,,,,,,,,,,,,,,,,,,,,,,,,
btm,3980,0.06103832544758916,0.008932364068459719,0.8003592431545258,0.09797109672799706,0.8559003457427025,0.8992235660552979,0.739320918917656,0.8658078908920288,0.0001,2,1867.8211190836464,0.4074592590332031,,,,,,,,,,,,,,,,,,,,,,,,,,,,,,,,,,,,,,,,,,,,,,,,,,,,,
btm,3990,0.038050563121214506,0.00860493490472436,0.7502739429473877,0.1053787280805409,0.8424269542098045,0.8565131664276123,0.7122233808040619,0.7080587148666382,0.0001,2,1877.6337565556237,0.4074592590332031,,,,,,,,,,,,,,,,,,,,,,,,,,,,,,,,,,,,,,,,,,,,,,,,,,,,,
btm,4000,0.0312373673543334,0.008924962184391916,0.7210879370570182,0.10225495006889104,0.8288645416498184,0.8242353826761246,0.6898505672812462,0.6721827387809753,0.0001,2,1747.6626629636316,0.4074592590332031,,,,,,,,,,,,,,,,,,,,,,,,,,,,,,,,,,,,,,,,,,,,,,,,,,,,,
btm,4000,,,,,,,,,,,,,0.039906993974000216,0.007703028182731941,0.630209818482399,0.07093457959126681,0.7675779536366463,0.7019147053360939,0.5903028249740601,0.4134325594641268,0.2154118255712092,0.0,,,,,,,,,,,,,,,,,,,,,,,,,,,,,,,,,,,,,,,,,,,
btm,4000,,,,,,,,,,,,,,,,,,,,,,,0.45,9,20,0.25819502085709295,0.6579179916924003,61.4009152892977,1135.8012286480516,1143.6585817486048,0.10205117303936277,0.27532788094133137,0.2812954210127011,665600,1,40,0.1,2,20,0.027865893984153206,0.30103820641179335,59.44614438153803,1095.4402610193938,1115.6269061379135,0.2592707248369697,0.3972550006210804,0.3562773515589726,665600,1,40,0.0,0,20,0,0.16113012549493322,60.028868447989225,1103.2366886269301,1114.9562571197748,0.42600201128749177,0.4738998920843005,0.3942237637937069,665600,1,40,0.18333333333333335
btm,4010,0.0428328363224864,0.009565619681961835,0.7858465507626533,0.09818594446405768,0.8564174339175225,0.8849890604615211,0.7430137157440185,0.6946774125099182,0.0001,2,6.347484874683256,0.4074592590332031,,,,,,,,,,,,,,,,,,,,,,,,,,,,,,,,,,,,,,,,,,,,,,,,,,,,,
btm,4020,0.032135999947786334,0.009335280780214816,0.7594800278544426,0.11151623921468853,0.851172311604023,0.8719297960400582,0.7273440316319466,0.7963176369667053,0.0001,2,1688.880253666437,0.4074592590332031,,,,,,,,,,,,,,,,,,,,,,,,,,,,,,,,,,,,,,,,,,,,,,,,,,,,,
btm,4030,0.033510615956038235,0.009657711547333747,0.7275844171643258,0.10364815415814518,0.8317926153540611,0.8321983382105828,0.6940738022327423,0.7555631995201111,0.0001,2,1736.2773501642887,0.4074592590332031,,,,,,,,,,,,,,,,,,,,,,,,,,,,,,,,,,,,,,,,,,,,,,,,,,,,,
btm,4040,0.045619570277631284,0.009046081826090813,0.7117228850722312,0.09532986106351019,0.8140257149934769,0.8079573541879654,0.6661033168435097,0.6330615878105164,0.0001,2,1896.0149693177084,0.4074592590332031,,,,,,,,,,,,,,,,,,,,,,,,,,,,,,,,,,,,,,,,,,,,,,,,,,,,,
btm,4050,0.02610635617747903,0.009745353972539306,0.7377317726612092,0.09881921047344804,0.8422482147812843,0.8375255182385445,0.7116254165768623,0.7979973554611206,0.0001,2,1894.535033851742,0.4074592590332031,,,,,,,,,,,,,,,,,,,,,,,,,,,,,,,,,,,,,,,,,,,,,,,,,,,,,
btm,4060,0.0283609788864851,0.008909046836197376,0.7505460485816002,0.10322349034249782,0.8484438866376877,0.854660440981388,0.7221850708127022,0.7460870146751404,0.0001,2,1911.9410860359897,0.4074592590332031,,,,,,,,,,,,,,,,,,,,,,,,,,,,,,,,,,,,,,,,,,,,,,,,,,,,,
btm,4070,0.05260035116225481,0.008966133499052375,0.7266033574938774,0.09847082002088428,0.8189632445573807,0.8259707897901535,0.6740030035376549,0.9777536988258362,0.0001,2,1991.8004191508082,0.4074592590332031,,,,,,,,,,,,,,,,,,,,,,,,,,,,,,,,,,,,,,,,,,,,,,,,,,,,,
btm,4080,0.031241658329963683,0.009103884384967387,0.7664568871259689,0.10712989177554846,0.8556554406881333,0.8744971677660942,0.7352152302861213,0.7538535594940186,0.0001,2,1959.0622136102272,0.4074592590332031,,,,,,,,,,,,,,,,,,,,,,,,,,,,,,,,,,,,,,,,,,,,,,,,,,,,,
btm,4090,0.02303943014703691,0.009079563990235328,0.7731821954250335,0.10401748521253466,0.8651816546916962,0.8781076386570931,0.7501427635550499,0.6466007232666016,0.0001,2,1897.2748370407412,0.4074592590332031,,,,,,,,,,,,,,,,,,,,,,,,,,,,,,,,,,,,,,,,,,,,,,,,,,,,,
btm,4100,0.053371375519782306,0.008814884873572737,0.7385220929980278,0.09721168586984277,0.8251484706997871,0.8366152629256248,0.6851507171988487,0.7170107364654541,0.0001,2,1937.1818377231787,0.4074592590332031,,,,,,,,,,,,,,,,,,,,,,,,,,,,,,,,,,,,,,,,,,,,,,,,,,,,,
btm,4110,0.045107660535722974,0.009076115489006043,0.7710614979267121,0.10500526260584593,0.849566824734211,0.8769743710756301,0.7259538382291794,0.735156774520874,0.0001,2,1972.5464547556198,0.4074592590332031,,,,,,,,,,,,,,,,,,,,,,,,,,,,,,,,,,,,,,,,,,,,,,,,,,,,,
btm,4120,0.025298132887110115,0.009366965445224196,0.773170468211174,0.10638439264148473,0.8629272073507309,0.8804915547370911,0.7478723391890526,0.7438956499099731,0.0001,2,1970.393119387593,0.4074592590332031,,,,,,,,,,,,,,,,,,,,,,,,,,,,,,,,,,,,,,,,,,,,,,,,,,,,,
btm,4130,0.036324148252606395,0.009112574125174433,0.691251203417778,0.10492559662088752,0.8076833859086037,0.7970880642533302,0.6549270540475846,0.7829374074935913,0.0001,2,1986.5266600657706,0.4074592590332031,,,,,,,,,,,,,,,,,,,,,,,,,,,,,,,,,,,,,,,,,,,,,,,,,,,,,
btm,4140,0.04442035332322121,0.00929290063213557,0.7257122606039047,0.11043726839125156,0.8242973670363426,0.8370788142085075,0.6812919065356254,0.7431641221046448,0.0001,2,1898.35730664893,0.4074592590332031,,,,,,,,,,,,,,,,,,,,,,,,,,,,,,,,,,,,,,,,,,,,,,,,,,,,,
btm,4150,0.02454485520720482,0.008949069841764867,0.7610853224992752,0.10097929378971457,0.856723228096962,0.8629595190286636,0.7365404665470123,0.7258321046829224,0.0001,2,1977.586770704792,0.4074592590332031,,,,,,,,,,,,,,,,,,,,,,,,,,,,,,,,,,,,,,,,,,,,,,,,,,,,,
btm,4160,0.03736953511834144,0.008368704782333225,0.7180586844682694,0.09970243321731687,0.8239635676145554,0.8185979887843132,0.6806891486048698,0.7613714933395386,0.0001,2,1736.8059533895205,0.4074592590332031,,,,,,,,,,,,,,,,,,,,,,,,,,,,,,,,,,,,,,,,,,,,,,,,,,,,,
btm,4170,0.05188123686239123,0.008491849643178284,0.6957170844078064,0.09319731593132019,0.8002382621169091,0.7897635892033577,0.64383584856987,0.7782291173934937,0.0001,2,1917.7457069141058,0.4074592590332031,,,,,,,,,,,,,,,,,,,,,,,,,,,,,,,,,,,,,,,,,,,,,,,,,,,,,
btm,4180,0.030014645634219052,0.009313010855112224,0.7355599358677865,0.09297295808792114,0.838815675675869,0.8294641941785812,0.7055452913045883,0.6985456943511963,0.0001,2,1838.249207307843,0.4074592590332031,,,,,,,,,,,,,,,,,,,,,,,,,,,,,,,,,,,,,,,,,,,,,,,,,,,,,
btm,4190,0.029926767479628323,0.009020513435825706,0.7183464840054512,0.0974394909106195,0.8285849064588546,0.8166880235075951,0.6884197175502778,0.7468790411949158,0.0001,2,1941.5206678624288,0.4074592590332031,,,,,,,,,,,,,,,,,,,,,,,,,,,,,,,,,,,,,,,,,,,,,,,,,,,,,
btm,4200,0.04710983177646995,0.008773401624057441,0.722368136048317,0.1021044016815722,0.8195840865373611,0.8253498718142509,0.6752583041787148,0.8249654173851013,0.0001,2,1807.3500398272286,0.4074592590332031,,,,,,,,,,,,,,,,,,,,,,,,,,,,,,,,,,,,,,,,,,,,,,,,,,,,,
btm,4210,0.030257257167249918,0.008848729263991117,0.7629850313067437,0.0937098640948534,0.8548003271222114,0.8575797706842423,0.7327277734875679,0.7397476434707642,0.0001,2,1925.9167051049535,0.4074592590332031,,,,,,,,,,,,,,,,,,,,,,,,,,,,,,,,,,,,,,,,,,,,,,,,,,,,,
btm,4220,0.02925660153850913,0.008933940506540238,0.7169762462377548,0.09490074310451746,0.8277856230735778,0.8127703860402107,0.6877196475863456,0.732388973236084,0.0001,2,2026.9384751294172,0.4074592590332031,,,,,,,,,,,,,,,,,,,,,,,,,,,,,,,,,,,,,,,,,,,,,,,,,,,,,
btm,4230,0.04406525604426861,0.008900738670490682,0.7169784426689148,0.1020187983289361,0.8181858390569687,0.8198873102664948,0.6729131907224655,0.9716117978096008,0.0001,2,1986.33080486026,0.4074592590332031,,,,,,,,,,,,,,,,,,,,,,,,,,,,,,,,,,,,,,,,,,,,,,,,,,,,,
btm,4240,0.027056683599948884,0.009526762727182359,0.7707083821296692,0.10754834478721023,0.8604361698031425,0.8792093992233276,0.7436516985297204,0.8257169723510742,0.0001,2,1902.4358344922261,0.4074592590332031,,,,,,,,,,,,,,,,,,,,,,,,,,,,,,,,,,,,,,,,,,,,,,,,,,,,,
btm,4250,0.028010938642546536,0.008648369170259684,0.7179342672228813,0.0926977103576064,0.8292011067271232,0.8114968076348305,0.6899233311414719,0.7325226664543152,0.0001,2,2021.6208327236113,0.4074592590332031,,,,,,,,,,,,,,,,,,,,,,,,,,,,,,,,,,,,,,,,,,,,,,,,,,,,,
btm,4260,0.04886000258848071,0.008531163970474154,0.7218784108757973,0.09562846720218658,0.8174806013703346,0.8183599933981895,0.6730184108018875,0.7709634900093079,0.0001,2,2022.035622771764,0.4074592590332031,,,,,,,,,,,,,,,,,,,,,,,,,,,,,,,,,,,,,,,,,,,,,,,,,,,,,
btm,4270,0.030912096425890923,0.009472007839940488,0.7626148074865341,0.10245444150641561,0.852832792699337,0.8660164505243302,0.7317027091979981,0.8175711035728455,0.0001,2,2029.941988589796,0.4074592590332031,,,,,,,,,,,,,,,,,,,,,,,,,,,,,,,,,,,,,,,,,,,,,,,,,,,,,
btm,4280,0.0231434830930084,0.009209363476838917,0.7471797704696655,0.10296707833185792,0.8490581795573234,0.8510677874088287,0.7240362867712975,0.6607332825660706,0.0001,2,2007.5232311965783,0.4074592590332031,,,,,,,,,,,,,,,,,,,,,,,,,,,,,,,,,,,,,,,,,,,,,,,,,,,,,
btm,4290,0.05598796298727393,0.008949668623972683,0.6830040290951729,0.11355545157566667,0.7903418377041816,0.7974544525146484,0.6270160630345345,1.2885161638259888,0.0001,2,2017.7551631663296,0.4074592590332031,,,,,,,,,,,,,,,,,,,,,,,,,,,,,,,,,,,,,,,,,,,,,,,,,,,,,
btm,4300,0.03910984802059829,0.009154367935843765,0.7537144869565964,0.08812133017927408,0.8423082575201988,0.8427512437105179,0.7146046400070191,0.9479252099990845,0.0001,2,2033.909084222798,0.4074592590332031,,,,,,,,,,,,,,,,,,,,,,,,,,,,,,,,,,,,,,,,,,,,,,,,,,,,,
btm,4310,0.02187435086816549,0.00876193946460262,0.7383333325386048,0.08909395392984151,0.8451819390058517,0.8283034712076187,0.7164589777588845,0.6205744743347168,0.0001,2,1965.0182549355518,0.4074592590332031,,,,,,,,,,,,,,,,,,,,,,,,,,,,,,,,,,,,,,,,,,,,,,,,,,,,,
btm,4320,0.04313189364038408,0.008851871988736094,0.7124900683760643,0.105629619397223,0.8153821945190429,0.819004873931408,0.6693581745028496,0.7208878397941589,0.0001,2,1875.4227200339403,0.4074592590332031,,,,,,,,,,,,,,,,,,,,,,,,,,,,,,,,,,,,,,,,,,,,,,,,,,,,,
btm,4330,0.04234886351041496,0.009096509939990938,0.7248256519436836,0.10047767534852028,0.8231604650616646,0.8262129709124565,0.6824767880141736,0.7848343253135681,0.0001,2,1891.902943825048,0.4074592590332031,,,,,,,,,,,,,,,,,,,,,,,,,,,,,,,,,,,,,,,,,,,,,,,,,,,,,
btm,4340,0.023130535939708353,0.008900936576537788,0.7667263865470886,0.10456334529444575,0.861080139875412,0.8721798196434974,0.743595851957798,0.7890257835388184,0.0001,2,1915.2100548401665,0.4074592590332031,,,,,,,,,,,,,,,,,,,,,,,,,,,,,,,,,,,,,,,,,,,,,,,,,,,,,
btm,4350,0.03559661265462637,0.009086226986255497,0.6967786759138107,0.109214754588902,0.8114289358258248,0.806902052462101,0.6611820667982101,0.7265549898147583,0.0001,2,1920.9541673394158,0.4074592590332031,,,,,,,,,,,,,,,,,,,,,,,,,,,,,,,,,,,,,,,,,,,,,,,,,,,,,
btm,4360,0.05179784502834082,0.009175968740601092,0.6812767699360848,0.10423470558598638,0.792030580341816,0.7864290684461593,0.6294789277017117,0.7778872847557068,0.0001,2,1884.5184964691266,0.4074592590332031,,,,,,,,,,,,,,,,,,,,,,,,,,,,,,,,,,,,,,,,,,,,,,,,,,,,,
btm,4370,0.02773609207943082,0.009163385746069253,0.7627078250050545,0.09071085248142481,0.8555881008505821,0.8543350204825402,0.734971733391285,0.7688140869140625,0.0001,2,1911.7055578471902,0.4074592590332031,,,,,,,,,,,,,,,,,,,,,,,,,,,,,,,,,,,,,,,,,,,,,,,,,,,,,
btm,4380,0.02589444718323648,0.008921497967094183,0.7124333813786506,0.10355114452540874,0.8274186044931412,0.8168766736984253,0.6865389361977577,0.6799318194389343,0.0001,2,1937.198023843385,0.4074592590332031,,,,,,,,,,,,,,,,,,,,,,,,,,,,,,,,,,,,,,,,,,,,,,,,,,,,,
btm,4390,0.0521514062769711,0.008994762157090008,0.6994536995887757,0.10162976309657097,0.8010373562574387,0.8019829332828522,0.647302295267582,1.0755480527877808,0.0001,2,1938.6551666752569,0.4074592590332031,,,,,,,,,,,,,,,,,,,,,,,,,,,,,,,,,,,,,,,,,,,,,,,,,,,,,
btm,4400,0.03875265615060926,0.009012987231835723,0.73028185069561,0.10024829232133925,0.8297080948948861,0.8314314395189285,0.6915291905403137,0.8259654641151428,0.0001,2,1759.8754474009047,0.4074592590332031,,,,,,,,,,,,,,,,,,,,,,,,,,,,,,,,,,,,,,,,,,,,,,,,,,,,,
btm,4410,0.020902013406157494,0.008537411375436932,0.7588683605194092,0.08912828769534827,0.858173993229866,0.8488503903150558,0.7379663482308387,0.6511572599411011,0.0001,2,1973.5340955854745,0.4074592590332031,,,,,,,,,,,,,,,,,,,,,,,,,,,,,,,,,,,,,,,,,,,,,,,,,,,,,
btm,4420,0.04404489528387785,0.008943833247758447,0.6995729714632034,0.1037438846193254,0.8075178816914559,0.804211238026619,0.6555280759930611,0.9082856774330139,0.0001,2,1958.887873647167,0.4074592590332031,,,,,,,,,,,,,,,,,,,,,,,,,,,,,,,,,,,,,,,,,,,,,,,,,,,,,
btm,4430,0.0544481554068625,0.009236331493593753,0.7472048923373222,0.09669115394353867,0.8300611019134522,0.8448196783661842,0.6927567407488823,0.8865284323692322,0.0001,2,2013.8787586463482,0.4074592590332031,,,,,,,,,,,,,,,,,,,,,,,,,,,,,,,,,,,,,,,,,,,,,,,,,,,,,
btm,4440,0.022585388645529746,0.009064717742148787,0.7738990366458893,0.09479831801727415,0.8650993779301643,0.8696038261055946,0.7513136491179466,0.738921582698822,0.0001,2,1995.1593192139394,0.4074592590332031,,,,,,,,,,,,,,,,,,,,,,,,,,,,,,,,,,,,,,,,,,,,,,,,,,,,,
btm,4450,0.031728095607832074,0.008900686143897473,0.7103774562478066,0.1103555222041905,0.821944223344326,0.8216230422258377,0.6786493599414826,0.7118340730667114,0.0001,2,1997.8568268437414,0.4074592590332031,,,,,,,,,,,,,,,,,,,,,,,,,,,,,,,,,,,,,,,,,,,,,,,,,,,,,
btm,4460,0.06147783016785979,0.008354778925422579,0.7597653180360794,0.10375094097107648,0.8329491659998893,0.8643517419695854,0.6982874885201454,0.9068403840065002,0.0001,2,1953.5803302528248,0.4074592590332031,,,,,,,,,,,,,,,,,,,,,,,,,,,,,,,,,,,,,,,,,,,,,,,,,,,,,
btm,4470,0.028645119816064834,0.008835127763450145,0.7689586475491523,0.09279918484389782,0.8588166981935501,0.8626413375139237,0.74031353443861,0.7052292227745056,0.0001,2,2001.3454180801932,0.4074592590332031,,,,,,,,,,,,,,,,,,,,,,,,,,,,,,,,,,,,,,,,,,,,,,,,,,,,,
btm,4480,0.026532716350629926,0.008620134252123535,0.7270360723137855,0.09752927469089627,0.8352765753865242,0.825427359342575,0.7005033612251281,0.6132102608680725,0.0001,2,2021.335016348745,0.4074592590332031,,,,,,,,,,,,,,,,,,,,,,,,,,,,,,,,,,,,,,,,,,,,,,,,,,,,,
btm,4490,0.053521844930946826,0.008455208363011479,0.6823136925697326,0.09340329067781568,0.7911678850650787,0.7765625029802322,0.6287918500602245,0.745248019695282,0.0001,2,2009.9307402484749,0.4074592590332031,,,,,,,,,,,,,,,,,,,,,,,,,,,,,,,,,,,,,,,,,,,,,,,,,,,,,
btm,4500,0.044910038076341155,0.008858804102055728,0.7106902465224266,0.09580491408705712,0.8142800226807594,0.8073810338973999,0.665780209004879,0.7981131672859192,0.0001,2,2008.5123087990303,0.4074592590332031,,,,,,,,,,,,,,,,,,,,,,,,,,,,,,,,,,,,,,,,,,,,,,,,,,,,,
btm,4500,,,,,,,,,,,,,0.029435853590257466,0.007470954820746556,0.5971369110047817,0.07271185622084886,0.7518890500068665,0.6705958619713783,0.5677010584622622,0.40647407062351704,0.2179607949219644,0.0,,,,,,,,,,,,,,,,,,,,,,,,,,,,,,,,,,,,,,,,,,,
btm,4510,0.025726463831961154,0.008842826122418046,0.7205101326107979,0.10350693035870791,0.8318605646491051,0.8249013513326645,0.6947836712002754,0.6631346344947815,0.0001,2,1030.8764834370422,0.4074592590332031,,,,,,,,,,,,,,,,,,,,,,,,,,,,,,,,,,,,,,,,,,,,,,,,,,,,,
btm,4520,0.03175651151686907,0.008607143023982643,0.6918262764811516,0.08983873184770345,0.8110242784023285,0.7825257241725921,0.660069765150547,0.6725213527679443,0.0001,2,2024.8641281662478,0.4074592590332031,,,,,,,,,,,,,,,,,,,,,,,,,,,,,,,,,,,,,,,,,,,,,,,,,,,,,
btm,4530,0.04506753273308277,0.008740723191294819,0.7047550827264786,0.09490621648728848,0.8110432520508766,0.8005353718996048,0.659687553346157,0.8420973420143127,0.0001,2,1862.4658992892787,0.4074592590332031,,,,,,,,,,,,,,,,,,,,,,,,,,,,,,,,,,,,,,,,,,,,,,,,,,,,,
btm,4540,0.030174529040232302,0.00895204603439197,0.7158405259251595,0.0914908692240715,0.8263718143105507,0.8082265943288803,0.6856659963726998,0.6181163191795349,0.0001,2,1826.7151262720465,0.4074592590332031,,,,,,,,,,,,,,,,,,,,,,,,,,,,,,,,,,,,,,,,,,,,,,,,,,,,,
btm,4550,0.025835805293172597,0.009452067676465958,0.7296586588025094,0.10020762244239449,0.837767916917801,0.8308114871382714,0.7038228541612626,0.8416316509246826,0.0001,2,1921.1158265625902,0.4074592590332031,,,,,,,,,,,,,,,,,,,,,,,,,,,,,,,,,,,,,,,,,,,,,,,,,,,,,
btm,4560,0.04489457923918962,0.008939450932666659,0.7057744428515434,0.10249790251255035,0.8099573120474816,0.8091662839055062,0.6608798645436764,0.7696248292922974,0.0001,2,2004.527405934108,0.4074592590332031,,,,,,,,,,,,,,,,,,,,,,,,,,,,,,,,,,,,,,,,,,,,,,,,,,,,,
btm,4570,0.03903041458688676,0.009035258670337498,0.7189350694417953,0.1017159997485578,0.8228483378887177,0.8215545982122421,0.6799046605825424,0.6563711762428284,0.0001,2,1919.7333843247307,0.4074592590332031,,,,,,,,,,,,,,,,,,,,,,,,,,,,,,,,,,,,,,,,,,,,,,,,,,,,,
btm,4580,0.024859640607610346,0.008367568056564778,0.703618860244751,0.09347450695931911,0.8227248176932335,0.7979301303625107,0.6787592217326164,0.6529129147529602,0.0001,2,1873.0385733453707,0.4074592590332031,,,,,,,,,,,,,,,,,,,,,,,,,,,,,,,,,,,,,,,,,,,,,,,,,,,,,
btm,4590,0.03505701217800379,0.008822076534852386,0.7032284386456013,0.1036554173566401,0.8148518085479737,0.8077660664916039,0.6681714303791523,1.356130838394165,0.0001,2,1922.0673546923986,0.4074592590332031,,,,,,,,,,,,,,,,,,,,,,,,,,,,,,,,,,,,,,,,,,,,,,,,,,,,,
btm,4600,0.038531252276152374,0.008528833230957388,0.6909549459815025,0.09613292952999472,0.8052428916096688,0.7879407525062561,0.652423694729805,0.8922805190086365,0.0001,2,1781.387797153372,0.4074592590332031,,,,,,,,,,,,,,,,,,,,,,,,,,,,,,,,,,,,,,,,,,,,,,,,,,,,,
btm,4610,0.02461110772565007,0.008253131050150842,0.69523995667696,0.09494394157081842,0.8173850238323211,0.7910092130303383,0.6706288501620292,0.6929382085800171,0.0001,2,1693.412597408991,0.4074592590332031,,,,,,,,,,,,,,,,,,,,,,,,,,,,,,,,,,,,,,,,,,,,,,,,,,,,,
btm,4620,0.03287707562558353,0.009013557876460253,0.6573502197861671,0.10772496480494738,0.7892156675457954,0.7659765392541885,0.6244731441140174,0.7256516218185425,0.0001,2,1910.3935942836317,0.4074592590332031,,,,,,,,,,,,,,,,,,,,,,,,,,,,,,,,,,,,,,,,,,,,,,,,,,,,,
btm,4630,0.04486881149932742,0.0089474345324561,0.7140513867139816,0.09806239251047373,0.8154303431510925,0.8130085200071335,0.6691825777292252,0.8393096923828125,0.0001,2,2008.2216770284865,0.4074592590332031,,,,,,,,,,,,,,,,,,,,,,,,,,,,,,,,,,,,,,,,,,,,,,,,,,,,,
btm,4640,0.022248323634266855,0.009124159871134907,0.7316958636045456,0.10527858594432474,0.8405790820717811,0.8378868654370308,0.7094475373625755,0.6547032594680786,0.0001,2,1993.1860691359486,0.4074592590332031,,,,,,,,,,,,,,,,,,,,,,,,,,,,,,,,,,,,,,,,,,,,,,,,,,,,,
btm,4650,0.024680122407153247,0.008650555717758834,0.7217156127095222,0.10961073394864798,0.8329084560275077,0.8321913957595826,0.6970354899764061,0.824593186378479,0.0001,2,2000.4896968246715,0.4074592590332031,,,,,,,,,,,,,,,,,,,,,,,,,,,,,,,,,,,,,,,,,,,,,,,,,,,,,
btm,4660,0.049770119786262515,0.009046256018336862,0.6671819880604744,0.09796686908230186,0.7837330415844918,0.7660534739494324,0.6174118742346764,0.805424690246582,0.0001,2,1980.6149392183931,0.4074592590332031,,,,,,,,,,,,,,,,,,,,,,,,,,,,,,,,,,,,,,,,,,,,,,,,,,,,,
btm,4670,0.03766582538373768,0.008406599820591509,0.6939069330692291,0.099942678026855,0.8085426971316337,0.7946902677416802,0.6562411047518253,0.7736920118331909,0.0001,2,2015.1636511701581,0.4074592590332031,,,,,,,,,,,,,,,,,,,,,,,,,,,,,,,,,,,,,,,,,,,,,,,,,,,,,
btm,4680,0.01808058056049049,0.008790923969354481,0.7397800356149673,0.10409515257924795,0.8480437457561493,0.8447542801499367,0.721699458360672,0.6825652718544006,0.0001,2,2044.0938657430115,0.4074592590332031,,,,,,,,,,,,,,,,,,,,,,,,,,,,,,,,,,,,,,,,,,,,,,,,,,,,,
btm,4690,0.03715443606488407,0.00841740908799693,0.6784843698143959,0.09066811297088861,0.7990844756364822,0.7699942216277122,0.641329936683178,0.8592752814292908,0.0001,2,2047.6421950911738,0.4074592590332031,,,,,,,,,,,,,,,,,,,,,,,,,,,,,,,,,,,,,,,,,,,,,,,,,,,,,
btm,4700,0.049807728920131925,0.008524874469731002,0.6870892360806465,0.09399540089070797,0.7966121703386306,0.7819371193647384,0.6372815035283566,0.7576767206192017,0.0001,2,1955.3113193023255,0.4074592590332031,,,,,,,,,,,,,,,,,,,,,,,,,,,,,,,,,,,,,,,,,,,,,,,,,,,,,
btm,4710,0.02170304455794394,0.009296826249919832,0.7560703217983246,0.10187291167676449,0.8554641470313072,0.85887291431427,0.7343672782182693,0.772779107093811,0.0001,2,1999.5725135144648,0.4074592590332031,,,,,,,,,,,,,,,,,,,,,,,,,,,,,,,,,,,,,,,,,,,,,,,,,,,,,
btm,4720,0.027187382476404308,0.008569352072663605,0.7391841322183609,0.10291633130982518,0.842292757332325,0.8429573953151703,0.7119967520236969,0.641207754611969,0.0001,2,2017.435547514966,0.4074592590332031,,,,,,,,,,,,,,,,,,,,,,,,,,,,,,,,,,,,,,,,,,,,,,,,,,,,,
btm,4730,0.06313528725877404,0.009280854125972838,0.6846734747290611,0.10668240953236818,0.7862110182642936,0.7922839671373367,0.6215381868183613,0.7846314311027527,0.0001,2,1976.3518763477175,0.4074592590332031,,,,,,,,,,,,,,,,,,,,,,,,,,,,,,,,,,,,,,,,,,,,,,,,,,,,,
btm,4740,0.04338520849123597,0.009030915040057153,0.6884798422455788,0.10556703498587013,0.7995418682694435,0.7949499681591987,0.6450946360826493,0.8647277355194092,0.0001,2,2031.6747943639423,0.4074592590332031,,,,,,,,,,,,,,,,,,,,,,,,,,,,,,,,,,,,,,,,,,,,,,,,,,,,,
btm,4750,0.020170215889811514,0.00880339213181287,0.7105860248208046,0.10330178793519736,0.8295447275042533,0.8147681534290314,0.6904158070683479,0.8029230237007141,0.0001,2,2021.1393056668333,0.4074592590332031,,,,,,,,,,,,,,,,,,,,,,,,,,,,,,,,,,,,,,,,,,,,,,,,,,,,,
btm,4760,0.036572853988036516,0.009197428938932717,0.6831061542034149,0.0976154944859445,0.8014532551169395,0.7816413894295693,0.6465332999825477,0.7154377698898315,0.0001,2,1988.8012312926562,0.4074592590332031,,,,,,,,,,,,,,,,,,,,,,,,,,,,,,,,,,,,,,,,,,,,,,,,,,,,,
btm,4766,,,,,,,,,,,,,,,,,,,,,,,0.05,1,20,0.008881219432873136,0.23613589351256675,60.897812182083726,1127.8904675506055,1143.1666980497537,0.1720030360063538,0.29393124928697945,0.29038781391886564,665600,1,40,0.1,2,20,0.027865893984153206,0.30103820641179335,61.287728471681476,1137.5172154512256,1149.5707282796502,0.20755609816405923,0.36277114160358903,0.3509287461829491,665600,1,40,0.05,1,20,0.008881219432873136,0.23613589351256675,60.99053428694606,1122.994752600789,1147.3782958462834,0.5380637056595878,0.5265859058871866,0.3813893498518528,665600,1,40,0.06666666666666667
btm,4770,0.04904933050274849,0.008938644360750914,0.6816798374056816,0.09199674548581242,0.7931773006916046,0.7745704486966133,0.6326305128633976,0.7216852307319641,0.0001,3,6.297050642758137,0.4074592590332031,,,,,,,,,,,,,,,,,,,,,,,,,,,,,,,,,,,,,,,,,,,,,,,,,,,,,
btm,4780,0.028522530337795615,0.008735217258799822,0.703363886475563,0.09665151117369533,0.8200294226408005,0.8008889228105545,0.6748413577675819,0.623732328414917,0.0001,3,1908.9326875791558,0.4074592590332031,,,,,,,,,,,,,,,,,,,,,,,,,,,,,,,,,,,,,,,,,,,,,,,,,,,,,
btm,4790,0.027328348020091653,0.009148235607426614,0.6978175863623619,0.10305695994757116,0.8174754500389099,0.8017893686890603,0.670489239692688,0.6707993149757385,0.0001,3,1894.061206238095,0.4074592590332031,,,,,,,,,,,,,,,,,,,,,,,,,,,,,,,,,,,,,,,,,,,,,,,,,,,,,
btm,4800,0.04230580562725663,0.008957037446089089,0.6505645222961902,0.097340221516788,0.7778203696012497,0.748800452053547,0.6082587152719497,0.8728286623954773,0.0001,3,1906.9307252301464,0.4074592590332031,,,,,,,,,,,,,,,,,,,,,,,,,,,,,,,,,,,,,,,,,,,,,,,,,,,,,
btm,4810,0.03196191326715052,0.008910442236810923,0.6646310716867447,0.09608172047883272,0.793517792224884,0.7616038411855698,0.6326691597700119,0.6714967489242554,0.0001,3,1997.5519958066902,0.4074592590332031,,,,,,,,,,,,,,,,,,,,,,,,,,,,,,,,,,,,,,,,,,,,,,,,,,,,,
btm,4820,0.022994740307331084,0.008876138203777372,0.6922772772610187,0.10989111885428429,0.8166004553437233,0.8030560135841369,0.6692825391888618,0.6605896353721619,0.0001,3,2020.0294599671147,0.4074592590332031,,,,,,,,,,,,,,,,,,,,,,,,,,,,,,,,,,,,,,,,,,,,,,,,,,,,,
btm,4830,0.034940878534689544,0.008901159395463765,0.6502944856882096,0.09234885750338435,0.7822473004460335,0.7435334637761116,0.6153536073863506,0.7351313233375549,0.0001,3,1972.1527652299128,0.4074592590332031,,,,,,,,,,,,,,,,,,,,,,,,,,,,,,,,,,,,,,,,,,,,,,,,,,,,,
btm,4840,0.0366548637393862,0.008984546619467437,0.6678267695009709,0.09455858012661338,0.7930146500468254,0.7632838070392609,0.6311719126999378,0.7264737486839294,0.0001,3,2009.2311170659239,0.4074592590332031,,,,,,,,,,,,,,,,,,,,,,,,,,,,,,,,,,,,,,,,,,,,,,,,,,,,,
btm,4850,0.023848862294107674,0.008493520261254162,0.6924756169319153,0.09974710121750832,0.8162697598338127,0.7930720672011375,0.6686267554759979,0.7678459286689758,0.0001,3,1969.7226539447145,0.4074592590332031,,,,,,,,,,,,,,,,,,,,,,,,,,,,,,,,,,,,,,,,,,,,,,,,,,,,,
btm,4860,0.027796136448159814,0.00864082338521257,0.6482660949230195,0.09265170749276877,0.7864194467663765,0.7417818829417229,0.6204699568450451,0.6416799426078796,0.0001,3,1803.8934947761004,0.4074592590332031,,,,,,,,,,,,,,,,,,,,,,,,,,,,,,,,,,,,,,,,,,,,,,,,,,,,,
btm,4870,0.03863085024058819,0.008596193010453135,0.6533166572451592,0.09907308910042048,0.7796212285757065,0.753249354660511,0.614685806632042,0.8144620060920715,0.0001,3,1948.9299697703402,0.4074592590332031,,,,,,,,,,,,,,,,,,,,,,,,,,,,,,,,,,,,,,,,,,,,,,,,,,,,,
btm,4880,0.023833289090543986,0.009116360871121287,0.6935874566435813,0.10557214161381126,0.8158564552664757,0.8000712350010872,0.6697541698813438,0.8409180641174316,0.0001,3,2014.595354228585,0.4074592590332031,,,,,,,,,,,,,,,,,,,,,,,,,,,,,,,,,,,,,,,,,,,,,,,,,,,,,
btm,4890,0.020213290629908443,0.009110653994139285,0.6903491884469986,0.1044845555908978,0.8178386017680168,0.7957448154687882,0.6701358988881111,0.6669460535049438,0.0001,3,2017.566074426853,0.4074592590332031,,,,,,,,,,,,,,,,,,,,,,,,,,,,,,,,,,,,,,,,,,,,,,,,,,,,,
btm,4900,0.04436111077666283,0.008419360744301229,0.6875926494598389,0.09057826418429613,0.7997810125350953,0.7790128499269485,0.6432315379381179,0.7488328814506531,0.0001,3,1903.7299044569638,0.4074592590332031,,,,,,,,,,,,,,,,,,,,,,,,,,,,,,,,,,,,,,,,,,,,,,,,,,,,,
btm,4910,0.039901737309992316,0.00863167569041252,0.6503858655691147,0.09432990243658423,0.7789727285504341,0.7455789268016815,0.6104841262102128,0.752642035484314,0.0001,3,1821.1537677875367,0.4074592590332031,,,,,,,,,,,,,,,,,,,,,,,,,,,,,,,,,,,,,,,,,,,,,,,,,,,,,
btm,4920,0.02056315019726753,0.00897129876539111,0.6913805961608886,0.10187862506136298,0.8163245901465416,0.7941563487052917,0.670817443728447,0.6438652276992798,0.0001,3,1931.0485683966047,0.4074592590332031,,,,,,,,,,,,,,,,,,,,,,,,,,,,,,,,,,,,,,,,,,,,,,,,,,,,,
btm,4930,0.031243622256442904,0.008371724572498351,0.6472904965281486,0.09334468822926283,0.7829038187861442,0.7414723590016365,0.6160468779504299,0.6823804974555969,0.0001,3,1957.8375430788794,0.4074592590332031,,,,,,,,,,,,,,,,,,,,,,,,,,,,,,,,,,,,,,,,,,,,,,,,,,,,,
btm,4940,0.040978010790422556,0.008583160804118962,0.656634034216404,0.09628083654679358,0.7822408676147461,0.7537731871008873,0.6156560249626637,0.7308383584022522,0.0001,3,1976.2057931015952,0.4074592590332031,,,,,,,,,,,,,,,,,,,,,,,,,,,,,,,,,,,,,,,,,,,,,,,,,,,,,
btm,4950,0.02594205169007182,0.008332962275017054,0.7008792385458946,0.09511403553187847,0.8197229519486428,0.7968265697360039,0.6749371871352196,0.7159479260444641,0.0001,3,1982.2264051338232,0.4074592590332031,,,,,,,,,,,,,,,,,,,,,,,,,,,,,,,,,,,,,,,,,,,,,,,,,,,,,
btm,4960,0.023087066924199463,0.009161367709748448,0.6898610353469848,0.09765642443671822,0.8145884841680526,0.7884335979819298,0.666773970425129,0.8070138096809387,0.0001,3,2000.093163838195,0.4074592590332031,,,,,,,,,,,,,,,,,,,,,,,,,,,,,,,,,,,,,,,,,,,,,,,,,,,,,
btm,4970,0.03857371211051941,0.00881124879233539,0.627343836426735,0.09950992884114385,0.7653468996286392,0.7277348950505257,0.5887701272964477,0.8071075677871704,0.0001,3,1988.4853073544584,0.4074592590332031,,,,,,,,,,,,,,,,,,,,,,,,,,,,,,,,,,,,,,,,,,,,,,,,,,,,,
btm,4980,0.03368780808523297,0.008750062715262175,0.6457455791532993,0.09192188270390034,0.7798320949077606,0.7385424703359604,0.6120577730238438,0.6329834461212158,0.0001,3,1920.039302319126,0.4074592590332031,,,,,,,,,,,,,,,,,,,,,,,,,,,,,,,,,,,,,,,,,,,,,,,,,,,,,
btm,4990,0.01887965006753802,0.00859624338336289,0.6962912812829017,0.09629252282902598,0.8209142744541168,0.7934434309601783,0.6774116322398186,0.7067628502845764,0.0001,3,1935.9698108113187,0.4074592590332031,,,,,,,,,,,,,,,,,,,,,,,,,,,,,,,,,,,,,,,,,,,,,,,,,,,,,
btm,5000,0.028043270437046887,0.009087878349237143,0.6827576383948326,0.09974868455901742,0.8064279615879059,0.7834151104092598,0.6547143682837486,0.7978131175041199,0.0001,3,2004.2146205886672,0.4074592590332031,,,,,,,,,,,,,,,,,,,,,,,,,,,,,,,,,,,,,,,,,,,,,,,,,,,,,
btm,5000,,,,,,,,,,,,,0.044889833545312285,0.007445146009558812,0.5517895985394716,0.07087048853281885,0.7108557410538197,0.6234045960009098,0.5068997628986835,0.34739432064816356,0.18398731807246804,0.0,,,,,,,,,,,,,,,,,,,,,,,,,,,,,,,,,,,,,,,,,,,
btm,5000,,,,,,,,,,,,,,,,,,,,,,,0.2,4,20,0.0806563532712,0.41602172202575993,61.16111450456083,1136.8867674376816,1157.5538997538388,0.13518500098376535,0.2660690836235881,0.26928736185416197,665600,1,40,0.1,2,20,0.027865893984153206,0.30103820641179335,60.3074567168951,1112.887165788561,1125.6602166220546,0.22257137578912078,0.3536814192682505,0.352863659346715,665600,1,40,0.05,1,20,0.008881219432873136,0.23613589351256675,60.5460679885,1119.8582894634455,1172.6082487963138,0.5724540690955473,0.5373730648122728,0.38244034682328887,665600,1,40,0.11666666666666668
btm,5010,0.048796845320612195,0.009162542317062617,0.6769110858440399,0.09242701353505253,0.7896139025688171,0.7702543511986732,0.6281142435967922,0.8097606301307678,0.0001,3,6.322872989388853,0.4074592590332031,,,,,,,,,,,,,,,,,,,,,,,,,,,,,,,,,,,,,,,,,,,,,,,,,,,,,
btm,5020,0.028482432663440704,0.009071938728448003,0.6866213455796242,0.09943536082282663,0.8094215795397759,0.7869638979434967,0.6581389129161834,0.8120210766792297,0.0001,3,1966.8368556195062,0.4074592590332031,,,,,,,,,,,,,,,,,,,,,,,,,,,,,,,,,,,,,,,,,,,,,,,,,,,,,
btm,5030,0.019088940974324942,0.008758239052258431,0.6939780995249748,0.09835044639185071,0.8204040125012397,0.7932043701410294,0.6748891577124596,0.584627628326416,0.0001,3,1895.8981318010829,0.4074592590332031,,,,,,,,,,,,,,,,,,,,,,,,,,,,,,,,,,,,,,,,,,,,,,,,,,,,,
btm,5040,0.040674969321116805,0.008798377285711468,0.6282253310084343,0.09096334213390947,0.7653187558054924,0.7200685068964958,0.5875503569841385,0.7096735239028931,0.0001,3,1800.2053951497696,0.4074592590332031,,,,,,,,,,,,,,,,,,,,,,,,,,,,,,,,,,,,,,,,,,,,,,,,,,,,,
btm,5050,0.041781705850735304,0.009269628836773337,0.6395674452185631,0.09896934637799859,0.7701233789324761,0.7394637539982796,0.5977857403457165,0.6648268699645996,0.0001,3,1896.5982999135422,0.4074592590332031,,,,,,,,,,,,,,,,,,,,,,,,,,,,,,,,,,,,,,,,,,,,,,,,,,,,,
btm,5060,0.02386704939417541,0.009238495444878935,0.6694845378398895,0.09695495506748557,0.8010307997465134,0.7673633381724357,0.6456174932420253,0.5914133191108704,0.0001,3,1867.2596914124442,0.4074592590332031,,,,,,,,,,,,,,,,,,,,,,,,,,,,,,,,,,,,,,,,,,,,,,,,,,,,,
btm,5070,0.024681793106719852,0.008800038194749504,0.657417717576027,0.08739156504161656,0.7934390932321549,0.7456892907619477,0.6327359266579151,0.7079847455024719,0.0001,3,1813.3959682396055,0.4074592590332031,,,,,,,,,,,,,,,,,,,,,,,,,,,,,,,,,,,,,,,,,,,,,,,,,,,,,
btm,5080,0.03937073145061731,0.008602875913493336,0.6378555841743946,0.08805103581398725,0.770692989230156,0.7267669036984443,0.598484855890274,2.083131790161133,0.0001,3,1956.2706397375953,0.4074592590332031,,,,,,,,,,,,,,,,,,,,,,,,,,,,,,,,,,,,,,,,,,,,,,,,,,,,,
btm,5090,0.027457452611997724,0.009428485331591218,0.6631914719939231,0.09762057727202773,0.7953544929623604,0.7617549002170563,0.6357340209186078,0.664365828037262,0.0001,3,1737.0541536367443,0.4074592590332031,,,,,,,,,,,,,,,,,,,,,,,,,,,,,,,,,,,,,,,,,,,,,,,,,,,,,
btm,5100,0.01919174534268677,0.008895060420036316,0.6877001628279686,0.09257011990994216,0.8163860023021698,0.7811597943305969,0.6685084149241447,0.6655975580215454,0.0001,3,1868.5564998007085,0.4074592590332031,,,,,,,,,,,,,,,,,,,,,,,,,,,,,,,,,,,,,,,,,,,,,,,,,,,,,
btm,5110,0.037314895261079076,0.008166339551098644,0.6295181803405285,0.09609249457716942,0.7673686429858207,0.7264273136854171,0.5922032877802849,0.9643570780754089,0.0001,3,1902.5782203772967,0.4074592590332031,,,,,,,,,,,,,,,,,,,,,,,,,,,,,,,,,,,,,,,,,,,,,,,,,,,,,
btm,5120,0.039033370977267626,0.008700292336288839,0.630981159210205,0.09837237847968935,0.7682590663433075,0.7302235662937164,0.591947790980339,0.7867317199707031,0.0001,3,1962.0395318686499,0.4074592590332031,,,,,,,,,,,,,,,,,,,,,,,,,,,,,,,,,,,,,,,,,,,,,,,,,,,,,
btm,5130,0.01973184635862708,0.00870849888306111,0.6775026433169842,0.09155195048078894,0.8082390293478966,0.7699254378676414,0.6577707916498184,0.6858792304992676,0.0001,3,1851.5528641349665,0.4074592590332031,,,,,,,,,,,,,,,,,,,,,,,,,,,,,,,,,,,,,,,,,,,,,,,,,,,,,
btm,5140,0.024902119720354676,0.00865503870882094,0.6776487268507481,0.09142797719687223,0.805182471871376,0.7699422121047974,0.6527466095983983,0.6853129267692566,0.0001,3,1954.641530505757,0.4074592590332031,,,,,,,,,,,,,,,,,,,,,,,,,,,,,,,,,,,,,,,,,,,,,,,,,,,,,
btm,5150,0.053063398227095604,0.008294025948271156,0.6218151323497295,0.09605187848210335,0.7524282336235046,0.7186964079737663,0.5687517367303372,0.8297160267829895,0.0001,3,1997.3703377567624,0.4074592590332031,,,,,,,,,,,,,,,,,,,,,,,,,,,,,,,,,,,,,,,,,,,,,,,,,,,,,
btm,5160,0.03110263328999281,0.008830799674615263,0.6749987557530404,0.09790231436491012,0.8005151331424714,0.7737841516733169,0.6438961237668991,0.7161693572998047,0.0001,3,2039.939582300251,0.4074592590332031,,,,,,,,,,,,,,,,,,,,,,,,,,,,,,,,,,,,,,,,,,,,,,,,,,,,,
btm,5170,0.017748303711414337,0.009041079855524003,0.7380722656846046,0.09208602560684084,0.8468735843896866,0.8310624018311501,0.7203239649534225,0.651284396648407,0.0001,3,2044.3035526996925,0.4074592590332031,,,,,,,,,,,,,,,,,,,,,,,,,,,,,,,,,,,,,,,,,,,,,,,,,,,,,
btm,5180,0.035250515677034855,0.008848339098040014,0.6354361839592457,0.09524171743541957,0.7731350958347321,0.7315627366304398,0.6001856736838818,0.6610291004180908,0.0001,3,2011.472998257393,0.4074592590332031,,,,,,,,,,,,,,,,,,,,,,,,,,,,,,,,,,,,,,,,,,,,,,,,,,,,,
btm,5190,0.0546652470715344,0.008291810157243163,0.6360830053687095,0.09459988540038466,0.7613120704889298,0.7315120682120323,0.5814177550375461,0.7090258002281189,0.0001,3,1965.748154770023,0.4074592590332031,,,,,,,,,,,,,,,,,,,,,,,,,,,,,,,,,,,,,,,,,,,,,,,,,,,,,
btm,5200,0.028059492353349924,0.008367100567556917,0.6711359858512879,0.09402968231588602,0.7998071029782295,0.7660023719072342,0.643076491355896,0.6640810370445251,0.0001,3,2044.6880307169229,0.4074592590332031,,,,,,,,,,,,,,,,,,,,,,,,,,,,,,,,,,,,,,,,,,,,,,,,,,,,,
btm,5210,0.02265472966246307,0.008302114845719188,0.6753586426377296,0.08971042139455676,0.8065366432070732,0.7658992782235146,0.6527039140462876,0.6695572137832642,0.0001,3,1992.687440691942,0.4074592590332031,,,,,,,,,,,,,,,,,,,,,,,,,,,,,,,,,,,,,,,,,,,,,,,,,,,,,
btm,5220,0.037341008754447104,0.008700667344965041,0.6551344826817512,0.08672415856271982,0.7834570273756981,0.7427287071943283,0.6177934810519219,0.6367635726928711,0.0001,3,1997.6475467550179,0.4074592590332031,,,,,,,,,,,,,,,,,,,,,,,,,,,,,,,,,,,,,,,,,,,,,,,,,,,,,
btm,5230,0.033638178883120415,0.008541543362662196,0.6306180402636528,0.09051233544014395,0.7702253043651581,0.7219845294952393,0.5969798654317856,0.6495295763015747,0.0001,3,2039.094714575811,0.4074592590332031,,,,,,,,,,,,,,,,,,,,,,,,,,,,,,,,,,,,,,,,,,,,,,,,,,,,,
btm,5240,0.02099526678211987,0.00854290759889409,0.6796913504600525,0.08670115293934941,0.8099981054663659,0.7672467961907387,0.6586960807442666,0.6190313100814819,0.0001,3,2008.6454822287392,0.4074592590332031,,,,,,,,,,,,,,,,,,,,,,,,,,,,,,,,,,,,,,,,,,,,,,,,,,,,,
btm,5250,0.03106644665822387,0.008438160573132337,0.6363921910524368,0.09668478220701218,0.776193930208683,0.7339207857847214,0.6053257390856743,0.7307789325714111,0.0001,3,2031.3689003826723,0.4074592590332031,,,,,,,,,,,,,,,,,,,,,,,,,,,,,,,,,,,,,,,,,,,,,,,,,,,,,
btm,5260,0.04383865967392921,0.008330573642160744,0.6413407117128372,0.09768729619681835,0.7708682864904404,0.7398610636591911,0.5975020550191402,0.8556844592094421,0.0001,3,2006.330064397671,0.4074592590332031,,,,,,,,,,,,,,,,,,,,,,,,,,,,,,,,,,,,,,,,,,,,,,,,,,,,,
btm,5270,0.025655474374070765,0.008851943002082408,0.6650211051106453,0.09469619328156113,0.7976181149482727,0.76060249209404,0.639365628361702,0.6897635459899902,0.0001,3,1923.9564245525173,0.4074592590332031,,,,,,,,,,,,,,,,,,,,,,,,,,,,,,,,,,,,,,,,,,,,,,,,,,,,,
btm,5280,0.018524761777371168,0.00947572806617245,0.7060906574130058,0.10101248882710934,0.8279242381453514,0.8080507189035415,0.6875658929347992,0.6305160522460938,0.0001,3,1936.926794599382,0.4074592590332031,,,,,,,,,,,,,,,,,,,,,,,,,,,,,,,,,,,,,,,,,,,,,,,,,,,,,
btm,5290,0.04151469012722373,0.00914980280213058,0.6444047167897224,0.09148584203794599,0.7737456247210502,0.7368055433034897,0.6028900243341923,0.7211605906486511,0.0001,3,1844.7692971183249,0.4074592590332031,,,,,,,,,,,,,,,,,,,,,,,,,,,,,,,,,,,,,,,,,,,,,,,,,,,,,
btm,5300,0.04450884964317083,0.008867659932002425,0.6128129579126835,0.09972116192802787,0.7517853602766991,0.7134208872914314,0.5683041028678417,0.7282139658927917,0.0001,3,1856.2457494464654,0.4074592590332031,,,,,,,,,,,,,,,,,,,,,,,,,,,,,,,,,,,,,,,,,,,,,,,,,,,,,
btm,5310,0.02095031291246414,0.008719900716096162,0.6848732069134712,0.09476966876536608,0.8116933315992355,0.7805148676037789,0.6639228954911232,0.6566424369812012,0.0001,3,1898.587810295452,0.4074592590332031,,,,,,,,,,,,,,,,,,,,,,,,,,,,,,,,,,,,,,,,,,,,,,,,,,,,,
btm,5320,0.02469001398421824,0.008756613917648792,0.6381997972726822,0.09324827492237091,0.7815809443593025,0.7323237285017967,0.6135097824037075,0.5602983236312866,0.0001,3,1948.9385923882926,0.4074592590332031,,,,,,,,,,,,,,,,,,,,,,,,,,,,,,,,,,,,,,,,,,,,,,,,,,,,,
btm,5330,0.04534788811579347,0.008480484574101865,0.6125839821994304,0.10112635316327215,0.7515569254755974,0.7145583763718605,0.5672360956668854,0.8451918959617615,0.0001,3,1903.596568837457,0.4074592590332031,,,,,,,,,,,,,,,,,,,,,,,,,,,,,,,,,,,,,,,,,,,,,,,,,,,,,
btm,5340,0.028191369958221912,0.008611049852333963,0.6535218209028244,0.0973290242254734,0.7892120912671089,0.7517119467258453,0.6253304496407509,0.6828440427780151,0.0001,3,1938.2318579905145,0.4074592590332031,,,,,,,,,,,,,,,,,,,,,,,,,,,,,,,,,,,,,,,,,,,,,,,,,,,,,
btm,5350,0.019539844384416936,0.008883244136814027,0.6810940697789192,0.10411939015612007,0.81211077272892,0.7861017808318138,0.6615542247891426,0.6419374942779541,0.0001,3,1997.697744425093,0.4074592590332031,,,,,,,,,,,,,,,,,,,,,,,,,,,,,,,,,,,,,,,,,,,,,,,,,,,,,
btm,5360,0.035754226008430125,0.008757418836466968,0.6371098518371582,0.09712513945996762,0.7730958059430122,0.7351107373833656,0.6013556309044361,0.7501423358917236,0.0001,3,1986.5872119395171,0.4074592590332031,,,,,,,,,,,,,,,,,,,,,,,,,,,,,,,,,,,,,,,,,,,,,,,,,,,,,
btm,5370,0.048336658906191585,0.008893638092558831,0.6088640704751015,0.10294939652085304,0.7470018863677979,0.7127028316259384,0.5605274148285389,0.7130059003829956,0.0001,3,1944.0477505215983,0.4074592590332031,,,,,,,,,,,,,,,,,,,,,,,,,,,,,,,,,,,,,,,,,,,,,,,,,,,,,
btm,5380,0.021772968862205744,0.0086824681609869,0.6996045231819152,0.08895250260829926,0.8208590433001518,0.7894252806901931,0.6778315514326095,0.6467909216880798,0.0001,3,1994.8390153817656,0.4074592590332031,,,,,,,,,,,,,,,,,,,,,,,,,,,,,,,,,,,,,,,,,,,,,,,,,,,,,
btm,5390,0.020882674073800445,0.008644979970995337,0.6879550099372864,0.09476834535598755,0.8153992161154747,0.7835878595709801,0.6670723408460617,0.8734782934188843,0.0001,3,2035.4010877092078,0.4074592590332031,,,,,,,,,,,,,,,,,,,,,,,,,,,,,,,,,,,,,,,,,,,,,,,,,,,,,
btm,5400,0.04861871143803,0.008831298362929374,0.6255134418606758,0.09601949155330658,0.7570018157362938,0.7224160566926002,0.5768947280943394,0.7771246433258057,0.0001,3,2037.104756455276,0.4074592590332031,,,,,,,,,,,,,,,,,,,,,,,,,,,,,,,,,,,,,,,,,,,,,,,,,,,,,
btm,5410,0.03662530086003244,0.009361875511240214,0.6775765731930733,0.0962459001224488,0.7977320656180382,0.7747586622834206,0.6409512721002102,0.7190832495689392,0.0001,3,2002.6904082021217,0.4074592590332031,,,,,,,,,,,,,,,,,,,,,,,,,,,,,,,,,,,,,,,,,,,,,,,,,,,,,
btm,5420,0.019505180604755878,0.008338427217677236,0.6994213208556175,0.09260748801752924,0.8223746433854103,0.7928626522421837,0.6799161389470101,0.7383493185043335,0.0001,3,2036.5513469181035,0.4074592590332031,,,,,,,,,,,,,,,,,,,,,,,,,,,,,,,,,,,,,,,,,,,,,,,,,,,,,
btm,5430,0.03036590781994164,0.008759362832643091,0.6402866616845131,0.09301463449373841,0.7788592606782914,0.7341772243380547,0.6099207542836667,0.7903528809547424,0.0001,3,2038.1472756149,0.4074592590332031,,,,,,,,,,,,,,,,,,,,,,,,,,,,,,,,,,,,,,,,,,,,,,,,,,,,,
btm,5440,0.04914851495996118,0.009020560188218951,0.6934568859636784,0.09253560518845916,0.7990356549620629,0.7868945524096489,0.6443083733320236,1.0365686416625977,0.0001,3,1982.587611003032,0.4074592590332031,,,,,,,,,,,,,,,,,,,,,,,,,,,,,,,,,,,,,,,,,,,,,,,,,,,,,
btm,5450,0.024477434158325196,0.008349616988562047,0.6893464401364326,0.09254246028140187,0.8131052508950234,0.78272385597229,0.6648690029978752,0.647750735282898,0.0001,3,1932.410854968708,0.4074592590332031,,,,,,,,,,,,,,,,,,,,,,,,,,,,,,,,,,,,,,,,,,,,,,,,,,,,,
btm,5460,0.019292842550203203,0.009377794142346829,0.7107018500566482,0.10174752799794078,0.8292392700910568,0.8133871540427208,0.6914090104401112,0.6912891268730164,0.0001,3,2041.6052106534908,0.4074592590332031,,,,,,,,,,,,,,,,,,,,,,,,,,,,,,,,,,,,,,,,,,,,,,,,,,,,,
btm,5470,0.04747631559148431,0.008857412729412317,0.6494144350290298,0.08897336209192871,0.77304407954216,0.7392735406756401,0.6019381172955036,1.126570701599121,0.0001,3,1989.3688078705518,0.4074592590332031,,,,,,,,,,,,,,,,,,,,,,,,,,,,,,,,,,,,,,,,,,,,,,,,,,,,,
btm,5480,0.049336761329323055,0.008817420224659145,0.6590819671750069,0.09654437117278576,0.778491660952568,0.7565080776810647,0.6097452037036419,0.9332401156425476,0.0001,3,2034.694341207545,0.4074592590332031,,,,,,,,,,,,,,,,,,,,,,,,,,,,,,,,,,,,,,,,,,,,,,,,,,,,,
btm,5490,0.02159528946503997,0.009015701420139521,0.6768095836043357,0.09674790212884546,0.808036008477211,0.7744590535759925,0.6552142970263958,0.6540549397468567,0.0001,3,1931.6657126511586,0.4074592590332031,,,,,,,,,,,,,,,,,,,,,,,,,,,,,,,,,,,,,,,,,,,,,,,,,,,,,
btm,5500,0.02177508482709527,0.00854951108340174,0.6679287031292915,0.09681186191737652,0.8020534574985504,0.7655955106019974,0.6461536183953285,0.6532686948776245,0.0001,3,1981.335154138078,0.4074592590332031,,,,,,,,,,,,,,,,,,,,,,,,,,,,,,,,,,,,,,,,,,,,,,,,,,,,,
btm,5500,,,,,,,,,,,,,0.03149055864196271,0.007676079432712868,0.5192408170551062,0.07322790694888681,0.6974898837506771,0.5932363383471966,0.48775025829672813,0.3287854287773371,0.1733927228488028,0.0,,,,,,,,,,,,,,,,,,,,,,,,,,,,,,,,,,,,,,,,,,,
btm,5510,0.03977556182071566,0.00846873183036223,0.6200696676969528,0.09248624695464969,0.7600901976227761,0.7134027883410454,0.5802941039204598,0.780228853225708,0.0001,3,1022.5559729334516,0.4074592590332031,,,,,,,,,,,,,,,,,,,,,,,,,,,,,,,,,,,,,,,,,,,,,,,,,,,,,
btm,5520,0.03835845086723566,0.008871087722945958,0.6193057000637054,0.1017081213183701,0.760793137550354,0.7219009310007095,0.5809472471475601,0.6713605523109436,0.0001,3,1974.4946996567553,0.4074592590332031,,,,,,,,,,,,,,,,,,,,,,,,,,,,,,,,,,,,,,,,,,,,,,,,,,,,,
btm,5530,0.02167989583685994,0.00824601718923077,0.6544853739440442,0.08368826303631068,0.7934912800788879,0.738998244702816,0.6328054800629616,0.5907351970672607,0.0001,3,1929.5141847804794,0.4074592590332031,,,,,,,,,,,,,,,,,,,,,,,,,,,,,,,,,,,,,,,,,,,,,,,,,,,,,
btm,5540,0.022256304137408735,0.008872835093643516,0.6389247253537178,0.0937035171315074,0.7841121152043342,0.7335155248641968,0.6166684262454509,0.6387577652931213,0.0001,3,1952.790158019522,0.4074592590332031,,,,,,,,,,,,,,,,,,,,,,,,,,,,,,,,,,,,,,,,,,,,,,,,,,,,,
btm,5550,0.041904107108712195,0.008362803654745222,0.6030545778572559,0.09436995778232812,0.7462799087166786,0.6982608154416085,0.5611504718661309,0.9982688426971436,0.0001,3,1957.8497086310265,0.4074592590332031,,,,,,,,,,,,,,,,,,,,,,,,,,,,,,,,,,,,,,,,,,,,,,,,,,,,,
btm,5560,0.03613762017339468,0.008836640790104867,0.6181761756539345,0.09867335595190525,0.7608960047364235,0.7177331924438477,0.5820385538041591,0.8070372343063354,0.0001,3,1924.4522063612087,0.4074592590332031,,,,,,,,,,,,,,,,,,,,,,,,,,,,,,,,,,,,,,,,,,,,,,,,,,,,,
btm,5570,0.019066089997068048,0.008865422604139894,0.653481787443161,0.10017509199678898,0.7949834108352661,0.7545434191823006,0.6344156965613366,0.653030514717102,0.0001,3,1975.7094658237784,0.4074592590332031,,,,,,,,,,,,,,,,,,,,,,,,,,,,,,,,,,,,,,,,,,,,,,,,,,,,,
btm,5580,0.02594600706361234,0.009058231930248439,0.6146407082676888,0.09656528774648905,0.7651143476366997,0.7121118187904358,0.5886947028338909,0.7390770316123962,0.0001,3,1945.890664328167,0.4074592590332031,,,,,,,,,,,,,,,,,,,,,,,,,,,,,,,,,,,,,,,,,,,,,,,,,,,,,
btm,5590,0.03948751697316766,0.008524914283771067,0.5991373836994172,0.09981612414121628,0.7464197769761085,0.6998059958219528,0.5596498727798462,0.7713558673858643,0.0001,3,1844.323957905551,0.4074592590332031,,,,,,,,,,,,,,,,,,,,,,,,,,,,,,,,,,,,,,,,,,,,,,,,,,,,,
btm,5600,0.02548356568440795,0.009226593188941479,0.6412803322076798,0.10271183047443629,0.7835177510976792,0.7449148193001747,0.6157967686653137,0.6293566823005676,0.0001,3,1842.4236201278784,0.4074592590332031,,,,,,,,,,,,,,,,,,,,,,,,,,,,,,,,,,,,,,,,,,,,,,,,,,,,,
btm,5610,0.01913797063753009,0.00872230774257332,0.6434386178851128,0.08720211815088988,0.7891973376274108,0.7315129622817039,0.624300641566515,0.5735001564025879,0.0001,3,1906.3240998736903,0.4074592590332031,,,,,,,,,,,,,,,,,,,,,,,,,,,,,,,,,,,,,,,,,,,,,,,,,,,,,
btm,5620,0.03381928079761565,0.00866823117248714,0.6012508682906628,0.09153276113793254,0.7515883684158325,0.6936504498124123,0.5674315869808197,0.6478355526924133,0.0001,3,1815.1701239550605,0.4074592590332031,,,,,,,,,,,,,,,,,,,,,,,,,,,,,,,,,,,,,,,,,,,,,,,,,,,,,
btm,5630,0.03947428958490491,0.008546955697238446,0.6197171330451965,0.09274313542991877,0.7580733880400657,0.7133149638772011,0.5802428506314754,0.8599123358726501,0.0001,3,1893.6765004770368,0.4074592590332031,,,,,,,,,,,,,,,,,,,,,,,,,,,,,,,,,,,,,,,,,,,,,,,,,,,,,
btm,5640,0.01957637444138527,0.008455207338556647,0.6639093920588494,0.0861962053924799,0.7996620610356331,0.7509511202573776,0.6443330176174641,0.6436156630516052,0.0001,3,1762.2911740477814,0.4074592590332031,,,,,,,,,,,,,,,,,,,,,,,,,,,,,,,,,,,,,,,,,,,,,,,,,,,,,
btm,5650,0.017700076778419317,0.008599509461782872,0.6475201636552811,0.10097462888807059,0.7922517895698548,0.749354736506939,0.6298200905323028,0.6072187423706055,0.0001,3,1892.7067006725927,0.4074592590332031,,,,,,,,,,,,,,,,,,,,,,,,,,,,,,,,,,,,,,,,,,,,,,,,,,,,,
btm,5660,0.03551385775208473,0.008297871961258352,0.6220622204244137,0.08697745744138956,0.7630633145570755,0.7098694652318954,0.5865483649075032,0.7314501404762268,0.0001,3,1890.9217587604903,0.4074592590332031,,,,,,,,,,,,,,,,,,,,,,,,,,,,,,,,,,,,,,,,,,,,,,,,,,,,,
btm,5670,0.03886290276423097,0.008688181487377733,0.6512513414025307,0.09699903214350343,0.7797347366809845,0.749119195342064,0.61238843947649,0.8000416159629822,0.0001,3,1958.7616572324962,0.4074592590332031,,,,,,,,,,,,,,,,,,,,,,,,,,,,,,,,,,,,,,,,,,,,,,,,,,,,,
btm,5680,0.021210734406486152,0.00872964272275567,0.6270909272134304,0.0973122606985271,0.7766606763005257,0.7252761512994766,0.6058801963925362,0.6605908274650574,0.0001,3,1972.7468101888028,0.4074592590332031,,,,,,,,,,,,,,,,,,,,,,,,,,,,,,,,,,,,,,,,,,,,,,,,,,,,,
btm,5690,0.023363666515797375,0.0090683743939735,0.6353699758648872,0.09391640624962747,0.7800715744495392,0.7301932290196419,0.6120063096284867,0.7967806458473206,0.0001,3,1925.6540700722214,0.4074592590332031,,,,,,,,,,,,,,,,,,,,,,,,,,,,,,,,,,,,,,,,,,,,,,,,,,,,,
btm,5700,0.03743386184796691,0.008786043606232852,0.6125908508896828,0.10334367956966162,0.7568039491772651,0.7168131306767463,0.5751569904386997,1.0534605979919434,0.0001,3,1975.9332242658961,0.4074592590332031,,,,,,,,,,,,,,,,,,,,,,,,,,,,,,,,,,,,,,,,,,,,,,,,,,,,,
btm,5710,0.026492338441312314,0.008380836492870003,0.6313816800713539,0.09475628919899463,0.7756224036216736,0.7269760519266129,0.6048893421888352,0.6689123511314392,0.0001,3,1932.2500547547656,0.4074592590332031,,,,,,,,,,,,,,,,,,,,,,,,,,,,,,,,,,,,,,,,,,,,,,,,,,,,,
btm,5720,0.018502597650513052,0.009088941582012922,0.6622943624854087,0.09179427782073617,0.8012220293283463,0.7549975320696831,0.643791763484478,0.621268630027771,0.0001,3,1960.8773662180374,0.4074592590332031,,,,,,,,,,,,,,,,,,,,,,,,,,,,,,,,,,,,,,,,,,,,,,,,,,,,,
btm,5730,0.03450870141386986,0.00922475754050538,0.6413823336362838,0.10892445407807827,0.7775732517242432,0.7512292638421059,0.6068736337125301,0.8227627277374268,0.0001,3,1563.3807773416825,0.4074592590332031,,,,,,,,,,,,,,,,,,,,,,,,,,,,,,,,,,,,,,,,,,,,,,,,,,,,,
btm,5740,0.04907093672081828,0.008783452655188739,0.6063955187797546,0.0947750024497509,0.7446254447102547,0.7020488649606704,0.5573245860636235,0.7507362365722656,0.0001,3,1968.2944513929765,0.4074592590332031,,,,,,,,,,,,,,,,,,,,,,,,,,,,,,,,,,,,,,,,,,,,,,,,,,,,,
btm,5750,0.024904697318561375,0.009041229065041989,0.6436345160007477,0.09428137438371778,0.7846722096204758,0.7388200178742409,0.618729816377163,0.629010021686554,0.0001,3,1917.035402465301,0.4074592590332031,,,,,,,,,,,,,,,,,,,,,,,,,,,,,,,,,,,,,,,,,,,,,,,,,,,,,
btm,5760,0.01586486988235265,0.009042627550661564,0.7109589070081711,0.1012999378144741,0.831818999350071,0.8131631121039391,0.6950940370559693,0.6949140429496765,0.0001,3,1995.2164592907125,0.4074592590332031,,,,,,,,,,,,,,,,,,,,,,,,,,,,,,,,,,,,,,,,,,,,,,,,,,,,,
btm,5770,0.03236068096011877,0.008759585407096893,0.6227884724736213,0.09848340684548021,0.7662048816680909,0.722147835791111,0.5904277928173542,0.6852380037307739,0.0001,3,1993.3760680988862,0.4074592590332031,,,,,,,,,,,,,,,,,,,,,,,,,,,,,,,,,,,,,,,,,,,,,,,,,,,,,
btm,5780,0.049981366563588384,0.008756030607037247,0.622089983522892,0.09981387136504054,0.7533120974898339,0.7227794617414475,0.572108618170023,0.7934829592704773,0.0001,3,1625.1817745127878,0.4074592590332031,,,,,,,,,,,,,,,,,,,,,,,,,,,,,,,,,,,,,,,,,,,,,,,,,,,,,
btm,5790,0.026452055433765054,0.0090089455479756,0.6353230021893979,0.09561927439644932,0.7781603559851646,0.7318431735038757,0.608870942890644,0.7338981032371521,0.0001,3,1876.2125217722648,0.4074592590332031,,,,,,,,,,,,,,,,,,,,,,,,,,,,,,,,,,,,,,,,,,,,,,,,,,,,,
btm,5800,0.017809874471277,0.00855668819276616,0.652889508008957,0.0894232077524066,0.7951944813132286,0.7431683883070945,0.6350796364247799,0.7259702682495117,0.0001,3,1938.9262018527834,0.4074592590332031,,,,,,,,,,,,,,,,,,,,,,,,,,,,,,,,,,,,,,,,,,,,,,,,,,,,,
btm,5810,0.031114042410627006,0.008993135951459407,0.6223696604371071,0.09407806601375342,0.7673404574394226,0.7173470303416252,0.5912556171417236,0.630918562412262,0.0001,3,1559.429003733177,0.4074592590332031,,,,,,,,,,,,,,,,,,,,,,,,,,,,,,,,,,,,,,,,,,,,,,,,,,,,,
btm,5820,0.04444004409015179,0.008679688000120223,0.615848496556282,0.08674617875367403,0.7527790918946267,0.7034626409411431,0.571408449113369,0.6713371276855469,0.0001,3,1668.0683710506723,0.4074592590332031,,,,,,,,,,,,,,,,,,,,,,,,,,,,,,,,,,,,,,,,,,,,,,,,,,,,,
btm,5830,0.02343096653930843,0.009075207263231277,0.6423638068139553,0.09483223864808679,0.7829097464680672,0.7381035700440407,0.6189328417181968,0.6988782286643982,0.0001,3,1806.5647671203299,0.4074592590332031,,,,,,,,,,,,,,,,,,,,,,,,,,,,,,,,,,,,,,,,,,,,,,,,,,,,,
btm,5840,0.01696320911869407,0.00844394793966785,0.6443806394934655,0.10156234176829457,0.7908750787377358,0.7467873722314835,0.6274174273014068,0.7145617604255676,0.0001,3,1834.6540607815214,0.4074592590332031,,,,,,,,,,,,,,,,,,,,,,,,,,,,,,,,,,,,,,,,,,,,,,,,,,,,,
btm,5850,0.03622410851530731,0.008343198825605214,0.5983984187245369,0.08420550972223281,0.7483590185642243,0.6834382459521293,0.5621743120253087,0.6322929263114929,0.0001,3,1967.0964696214774,0.4074592590332031,,,,,,,,,,,,,,,,,,,,,,,,,,,,,,,,,,,,,,,,,,,,,,,,,,,,,
btm,5860,0.0402695307508111,0.008814214810263366,0.6032739534974099,0.09264205815270543,0.7482068508863449,0.6967974349856376,0.5630044236779213,0.8008121252059937,0.0001,3,1855.5284619995828,0.4074592590332031,,,,,,,,,,,,,,,,,,,,,,,,,,,,,,,,,,,,,,,,,,,,,,,,,,,,,
btm,5870,0.021952889673411847,0.008388367027509957,0.6507194690406323,0.09312445549294353,0.7911085158586502,0.7446827664971352,0.6287665821611881,0.6115883588790894,0.0001,3,1861.620862453144,0.4074592590332031,,,,,,,,,,,,,,,,,,,,,,,,,,,,,,,,,,,,,,,,,,,,,,,,,,,,,
btm,5880,0.019476560689508916,0.008693328534718603,0.6612751811742783,0.09462022613734007,0.7994877904653549,0.7567647397518158,0.6417986243963242,0.6689224243164062,0.0001,3,1800.5880488653133,0.4074592590332031,,,,,,,,,,,,,,,,,,,,,,,,,,,,,,,,,,,,,,,,,,,,,,,,,,,,,
btm,5890,0.04172675632871688,0.008662244211882353,0.5859012097120285,0.09721995573490858,0.7364171862602233,0.6839873880147934,0.5441744528710842,0.7864777445793152,0.0001,3,1844.1794575141118,0.4074592590332031,,,,,,,,,,,,,,,,,,,,,,,,,,,,,,,,,,,,,,,,,,,,,,,,,,,,,
btm,5900,0.044713683798909186,0.00892091419082135,0.6163929551839828,0.09506020760163665,0.7536020606756211,0.7123452499508858,0.5716792732477188,0.951149582862854,0.0001,3,1844.615769729556,0.4074592590332031,,,,,,,,,,,,,,,,,,,,,,,,,,,,,,,,,,,,,,,,,,,,,,,,,,,,,
btm,5910,0.01883066857699305,0.00906007073353976,0.6710864260792733,0.0961709395982325,0.8058562144637108,0.7681633785367012,0.6522557571530342,0.7379431128501892,0.0001,3,1840.5179713391835,0.4074592590332031,,,,,,,,,,,,,,,,,,,,,,,,,,,,,,,,,,,,,,,,,,,,,,,,,,,,,
btm,5920,0.019738105009309947,0.008772211812902242,0.682176499068737,0.09585931291803718,0.8119652003049851,0.7789130374789238,0.6624383896589279,0.6835248470306396,0.0001,3,1925.3673607883657,0.4074592590332031,,,,,,,,,,,,,,,,,,,,,,,,,,,,,,,,,,,,,,,,,,,,,,,,,,,,,
btm,5930,0.04690381912514567,0.008638014923781157,0.619662418961525,0.09047577362507582,0.753614903986454,0.711001992225647,0.5727586023509502,0.9144280552864075,0.0001,3,1995.889462698893,0.4074592590332031,,,,,,,,,,,,,,,,,,,,,,,,,,,,,,,,,,,,,,,,,,,,,,,,,,,,,
btm,5940,0.0431494188029319,0.008653885743115097,0.6163569666445256,0.09697024831548333,0.7547706425189972,0.7141926020383835,0.5732075527310372,0.5893657803535461,0.0001,3,1867.73828956139,0.4074592590332031,,,,,,,,,,,,,,,,,,,,,,,,,,,,,,,,,,,,,,,,,,,,,,,,,,,,,
btm,5950,0.02398144085891545,0.00842246162937954,0.6281440369784832,0.09190955013036728,0.775364738702774,0.7208958357572556,0.604162598401308,0.7095532417297363,0.0001,3,1988.552774527827,0.4074592590332031,,,,,,,,,,,,,,,,,,,,,,,,,,,,,,,,,,,,,,,,,,,,,,,,,,,,,
btm,5960,0.026978570315986872,0.008388906181789935,0.5889203675091267,0.09171294672414661,0.7473311334848404,0.6814722061157227,0.5619417935609817,0.9161774516105652,0.0001,3,1994.2637820427442,0.4074592590332031,,,,,,,,,,,,,,,,,,,,,,,,,,,,,,,,,,,,,,,,,,,,,,,,,,,,,
btm,5970,0.033321692142635584,0.00874855713918805,0.5891603097319603,0.0903598458506167,0.7441216498613358,0.6803950116038322,0.5558386154472827,0.7607234716415405,0.0001,3,1971.0569518870514,0.4074592590332031,,,,,,,,,,,,,,,,,,,,,,,,,,,,,,,,,,,,,,,,,,,,,,,,,,,,,
btm,5980,0.022806824650615454,0.008694470627233386,0.6260612167418003,0.08781328499317169,0.7751137763261795,0.7147439479827881,0.6032543905079365,0.7051444053649902,0.0001,3,2018.6799684197558,0.4074592590332031,,,,,,,,,,,,,,,,,,,,,,,,,,,,,,,,,,,,,,,,,,,,,,,,,,,,,
btm,5990,0.021374698588624598,0.008108921791426837,0.6402998402714729,0.09298158641904593,0.7846904307603836,0.734092316031456,0.6189251467585564,0.6397421956062317,0.0001,3,1998.1666836932777,0.4074592590332031,,,,,,,,,,,,,,,,,,,,,,,,,,,,,,,,,,,,,,,,,,,,,,,,,,,,,
btm,6000,0.039257684629410504,0.008794075937476008,0.5877780079841614,0.10086288414895535,0.7377499237656593,0.689520300924778,0.5485203243792057,0.6293647289276123,0.0001,3,1925.2391647684108,0.4074592590332031,,,,,,,,,,,,,,,,,,,,,,,,,,,,,,,,,,,,,,,,,,,,,,,,,,,,,
btm,6000,,,,,,,,,,,,,0.04710559081286192,0.007126228883862495,0.49884664826095104,0.07045550877228379,0.6711316294968128,0.5700147822499275,0.45174106396734715,0.3124743620865047,0.1598099023103714,0.0,,,,,,,,,,,,,,,,,,,,,,,,,,,,,,,,,,,,,,,,,,,
btm,6000,,,,,,,,,,,,,,,,,,,,,,,0.2,4,20,0.0806563532712,0.41602172202575993,60.54964405670762,1120.5056997016072,1162.8580070100725,0.08873897053010296,0.21381140632554888,0.22586181389215665,665600,1,40,0.2,4,20,0.0806563532712,0.41602172202575993,60.16004982218146,1107.0371706038713,1123.4174160286782,0.20366005339950788,0.30264296303503213,0.28617941772517486,665600,1,40,0.1,2,20,0.027865893984153206,0.30103820641179335,61.45269207470119,1137.3835966922343,1149.8802684247494,0.4788572138757445,0.46535322120413186,0.3315780971581355,665600,1,40,0.16666666666666666
btm,6010,0.037168001476675275,0.008407199732027948,0.6172762177884579,0.09298955854028464,0.759068189561367,0.7111065030097962,0.580108217149973,0.9890166521072388,0.0001,3,6.327760603114811,0.4074592590332031,,,,,,,,,,,,,,,,,,,,,,,,,,,,,,,,,,,,,,,,,,,,,,,,,,,,,
btm,6020,0.021714841155335306,0.009537076053675264,0.6234181851148606,0.10168526535853743,0.7742406442761421,0.7260571584105492,0.6017033457756042,0.678654134273529,0.0001,3,1876.716601081085,0.4074592590332031,,,,,,,,,,,,,,,,,,,,,,,,,,,,,,,,,,,,,,,,,,,,,,,,,,,,,
btm,6030,0.02008575820364058,0.009406851942185313,0.6185672245919704,0.09540035957470536,0.770426045358181,0.7149082735180855,0.5984814673662185,0.5903298854827881,0.0001,3,1904.600699626249,0.4074592590332031,,,,,,,,,,,,,,,,,,,,,,,,,,,,,,,,,,,,,,,,,,,,,,,,,,,,,
btm,6040,0.031879765121266244,0.009183734096586705,0.5764192797243595,0.10063524004071951,0.7364869803190232,0.6779728934168816,0.5445395179092885,0.648729145526886,0.0001,3,1955.0202053957819,0.4074592590332031,,,,,,,,,,,,,,,,,,,,,,,,,,,,,,,,,,,,,,,,,,,,,,,,,,,,,
btm,6050,0.03271558615379035,0.008465656125918031,0.6058147966861724,0.09655521307140588,0.7543557390570641,0.7032165750861168,0.5730992123484612,0.7523787617683411,0.0001,3,1862.7698176621252,0.4074592590332031,,,,,,,,,,,,,,,,,,,,,,,,,,,,,,,,,,,,,,,,,,,,,,,,,,,,,
btm,6060,0.021039583813399078,0.008523579291068017,0.6725280776619911,0.0928654482588172,0.8044151738286018,0.7662458807229996,0.6514884911477565,0.7500947117805481,0.0001,3,1939.3507060273835,0.4074592590332031,,,,,,,,,,,,,,,,,,,,,,,,,,,,,,,,,,,,,,,,,,,,,,,,,,,,,
btm,6070,0.020381018100306392,0.008906378224492074,0.6333554834127426,0.09219722906127573,0.7810959905385971,0.7264433562755584,0.6129744663834572,0.7547709941864014,0.0001,3,1952.3110234692044,0.4074592590332031,,,,,,,,,,,,,,,,,,,,,,,,,,,,,,,,,,,,,,,,,,,,,,,,,,,,,
btm,6080,0.0354798898100853,0.00884551355848089,0.5817232213914394,0.09041714128106833,0.7375989273190499,0.6730249151587486,0.5462433338165283,0.792036235332489,0.0001,3,1812.2511004940366,0.4074592590332031,,,,,,,,,,,,,,,,,,,,,,,,,,,,,,,,,,,,,,,,,,,,,,,,,,,,,
btm,6090,0.03464447548612952,0.008583199314307422,0.6089692309498786,0.09993734955787659,0.7553825065493583,0.709764902293682,0.5743247501552105,0.7128384709358215,0.0001,3,1971.4369695746693,0.4074592590332031,,,,,,,,,,,,,,,,,,,,,,,,,,,,,,,,,,,,,,,,,,,,,,,,,,,,,
btm,6100,0.018152217846363783,0.008524048107210547,0.6417640738189221,0.08359051728621125,0.787986233830452,0.7262069940567016,0.623611856997013,0.6199203133583069,0.0001,3,1959.8150757800838,0.4074592590332031,,,,,,,,,,,,,,,,,,,,,,,,,,,,,,,,,,,,,,,,,,,,,,,,,,,,,
btm,6110,0.02301624696701765,0.009186097956262528,0.5964801251888275,0.09024190716445446,0.7559825092554092,0.6876406356692314,0.5734638832509518,0.6416894793510437,0.0001,3,1887.235982264691,0.4074592590332031,,,,,,,,,,,,,,,,,,,,,,,,,,,,,,,,,,,,,,,,,,,,,,,,,,,,,
btm,6120,0.04298373395577073,0.00858433460816741,0.6239548332989215,0.09815509179607033,0.7586197480559349,0.7229683607816696,0.5809711009263993,0.9153422117233276,0.0001,3,1844.528004585201,0.4074592590332031,,,,,,,,,,,,,,,,,,,,,,,,,,,,,,,,,,,,,,,,,,,,,,,,,,,,,
btm,6130,0.02945939884521067,0.008588344533927738,0.610004623234272,0.09452561372891069,0.7604418113827706,0.7053890734910965,0.580545224249363,0.6275993585586548,0.0001,3,1904.8365553247775,0.4074592590332031,,,,,,,,,,,,,,,,,,,,,,,,,,,,,,,,,,,,,,,,,,,,,,,,,,,,,
btm,6140,0.018302588211372494,0.008723543502856045,0.6409831009805202,0.09691751962527632,0.7876095533370971,0.7387729689478875,0.6226805128157139,0.8034399151802063,0.0001,3,1884.6133233682092,0.4074592590332031,,,,,,,,,,,,,,,,,,,,,,,,,,,,,,,,,,,,,,,,,,,,,,,,,,,,,
btm,6150,0.02539789043366909,0.008793339075054973,0.5956465780735016,0.09850174589082598,0.7540161818265915,0.6950276598334313,0.5702486880123615,0.6563596725463867,0.0001,3,1792.665827286414,0.4074592590332031,,,,,,,,,,,,,,,,,,,,,,,,,,,,,,,,,,,,,,,,,,,,,,,,,,,,,
btm,6160,0.04003035733476281,0.008231257507577538,0.5948419913649559,0.09437100160866976,0.7420526415109634,0.6900361180305481,0.5548116356134415,1.2764123678207397,0.0001,3,1892.3299287262769,0.4074592590332031,,,,,,,,,,,,,,,,,,,,,,,,,,,,,,,,,,,,,,,,,,,,,,,,,,,,,
btm,6170,0.028817349532619118,0.008300926198717206,0.5956164136528969,0.09413754465058446,0.7513762980699539,0.6905840560793877,0.5667990654706955,0.6348844766616821,0.0001,3,1805.4853800128494,0.4074592590332031,,,,,,,,,,,,,,,,,,,,,,,,,,,,,,,,,,,,,,,,,,,,,,,,,,,,,
btm,6180,0.018237434094771743,0.008505861915182322,0.6268780313432216,0.09598783245310187,0.7786185175180436,0.7237164467573166,0.6086405947804451,0.7383349537849426,0.0001,3,1952.8189755023302,0.4074592590332031,,,,,,,,,,,,,,,,,,,,,,,,,,,,,,,,,,,,,,,,,,,,,,,,,,,,,
btm,6190,0.028344254940748215,0.00854386230930686,0.5936776928603649,0.09035006971098483,0.7499546155333519,0.6848821446299553,0.5653334401547909,0.7384452223777771,0.0001,3,1989.0409013716603,0.4074592590332031,,,,,,,,,,,,,,,,,,,,,,,,,,,,,,,,,,,,,,,,,,,,,,,,,,,,,
btm,6200,0.036097533581778404,0.008557333785574883,0.6169046826660634,0.09091329928487539,0.7594511166214943,0.7086737111210824,0.5808071509003639,0.7352026700973511,0.0001,3,1823.3281090463795,0.4074592590332031,,,,,,,,,,,,,,,,,,,,,,,,,,,,,,,,,,,,,,,,,,,,,,,,,,,,,
btm,6210,0.022728600772097707,0.00864179601194337,0.6169200576841831,0.09877614160068333,0.7683764338493347,0.7165603771805763,0.5941914610564709,0.6870654225349426,0.0001,3,1946.1774671063554,0.4074592590332031,,,,,,,,,,,,,,,,,,,,,,,,,,,,,,,,,,,,,,,,,,,,,,,,,,,,,
btm,6220,0.017707160208374262,0.008479316160082817,0.6249829553067684,0.09656601408496499,0.7779554352164268,0.7223968967795372,0.6072757981717587,0.6720862984657288,0.0001,3,1975.9137084309928,0.4074592590332031,,,,,,,,,,,,,,,,,,,,,,,,,,,,,,,,,,,,,,,,,,,,,,,,,,,,,
btm,6230,0.03277213121764362,0.008634487621020526,0.5790222659707069,0.09135003183037042,0.7371150344610214,0.6712357461452484,0.5462501391768455,0.5900454521179199,0.0001,3,1996.487286815726,0.4074592590332031,,,,,,,,,,,,,,,,,,,,,,,,,,,,,,,,,,,,,,,,,,,,,,,,,,,,,
btm,6240,0.03950709961354733,0.008699140336830169,0.5975205466151238,0.09612355893477798,0.7439195424318313,0.6945140190422535,0.5580134481191635,0.7122505307197571,0.0001,3,1996.1563396320998,0.4074592590332031,,,,,,,,,,,,,,,,,,,,,,,,,,,,,,,,,,,,,,,,,,,,,,,,,,,,,
btm,6250,0.01897340719588101,0.00860395048512146,0.6156206361949443,0.0914721991866827,0.7710700690746307,0.7079532280564308,0.5966472335159778,0.5678352117538452,0.0001,3,1987.3273180229169,0.4074592590332031,,,,,,,,,,,,,,,,,,,,,,,,,,,,,,,,,,,,,,,,,,,,,,,,,,,,,
btm,6260,0.01984866098500788,0.008982973522506654,0.6198734439909458,0.09047168991528451,0.7718002378940583,0.7112434357404709,0.6000247836112976,0.5630682706832886,0.0001,3,1889.2673535043393,0.4074592590332031,,,,,,,,,,,,,,,,,,,,,,,,,,,,,,,,,,,,,,,,,,,,,,,,,,,,,
btm,6270,0.03768319021910429,0.008788337209261953,0.5495979897677898,0.0922441859729588,0.7135295361280442,0.642721013724804,0.5119148015975952,0.7501139044761658,0.0001,3,1926.3949911375344,0.4074592590332031,,,,,,,,,,,,,,,,,,,,,,,,,,,,,,,,,,,,,,,,,,,,,,,,,,,,,
btm,6280,0.031951611209660766,0.00933754958678037,0.5909334912896156,0.09601209238171578,0.7452981531620025,0.6878793396055698,0.558981878310442,0.8080528974533081,0.0001,3,1900.0367182679777,0.4074592590332031,,,,,,,,,,,,,,,,,,,,,,,,,,,,,,,,,,,,,,,,,,,,,,,,,,,,,
btm,6290,0.018250296683982016,0.008638454170431941,0.6207541480660439,0.0885925498791039,0.7746951922774314,0.7102105364203453,0.6025038510560989,0.7170192003250122,0.0001,3,1904.5738049642373,0.4074592590332031,,,,,,,,,,,,,,,,,,,,,,,,,,,,,,,,,,,,,,,,,,,,,,,,,,,,,
btm,6300,0.027370133297517897,0.008546619245316833,0.6014621168375015,0.09461181387305259,0.755601154267788,0.6969285950064659,0.5740919820964336,0.7301608324050903,0.0001,3,1876.755979429134,0.4074592590332031,,,,,,,,,,,,,,,,,,,,,,,,,,,,,,,,,,,,,,,,,,,,,,,,,,,,,
btm,6310,0.042574658337980506,0.008603530609980226,0.5884279683232307,0.08841431867331266,0.7347984850406647,0.6777026355266571,0.5458533130586147,1.002516269683838,0.0001,3,1985.401901709388,0.4074592590332031,,,,,,,,,,,,,,,,,,,,,,,,,,,,,,,,,,,,,,,,,,,,,,,,,,,,,
btm,6320,0.022331246733665468,0.008611736935563385,0.6248080968856812,0.08841221760958433,0.7738115966320038,0.7140814810991287,0.6024768441915512,0.6943029761314392,0.0001,3,2001.3189216149867,0.4074592590332031,,,,,,,,,,,,,,,,,,,,,,,,,,,,,,,,,,,,,,,,,,,,,,,,,,,,,
btm,6330,0.014406737708486616,0.008521311252843588,0.6773203551769257,0.09036862812936305,0.8128325253725052,0.7685411140322685,0.6629136189818382,0.6830160021781921,0.0001,3,2026.0843880656553,0.4074592590332031,,,,,,,,,,,,,,,,,,,,,,,,,,,,,,,,,,,,,,,,,,,,,,,,,,,,,
btm,6340,0.03189905299805105,0.008265001559630036,0.5663488924503326,0.08071495210751892,0.7292813912034035,0.6478903435170651,0.5344498440623283,0.6551737785339355,0.0001,3,2026.476223633746,0.4074592590332031,,,,,,,,,,,,,,,,,,,,,,,,,,,,,,,,,,,,,,,,,,,,,,,,,,,,,
btm,6350,0.04847816582769156,0.008795993227977306,0.5892594635486603,0.09543020855635405,0.7337052941322326,0.6855692759156227,0.5407812982797623,0.7401530742645264,0.0001,3,1824.5152797481524,0.4074592590332031,,,,,,,,,,,,,,,,,,,,,,,,,,,,,,,,,,,,,,,,,,,,,,,,,,,,,
btm,6360,0.023700518580153585,0.008340628677979111,0.6111036770045757,0.08832979137077927,0.7634077310562134,0.7002675257623195,0.5874031655490398,0.669579803943634,0.0001,3,1978.9401935472386,0.4074592590332031,,,,,,,,,,,,,,,,,,,,,,,,,,,,,,,,,,,,,,,,,,,,,,,,,,,,,
btm,6370,0.01687711770646274,0.00844047941500321,0.5975718192756176,0.09303531730547547,0.7605937018990516,0.6914511829614639,0.5806947074830532,0.588111937046051,0.0001,3,1989.7038163180396,0.4074592590332031,,,,,,,,,,,,,,,,,,,,,,,,,,,,,,,,,,,,,,,,,,,,,,,,,,,,,
btm,6380,0.0384276042226702,0.008932258654385804,0.563159416615963,0.10247016632929444,0.7223996981978417,0.6665228113532067,0.5247318118810653,0.7141068577766418,0.0001,3,2044.4791772658016,0.4074592590332031,,,,,,,,,,,,,,,,,,,,,,,,,,,,,,,,,,,,,,,,,,,,,,,,,,,,,
btm,6390,0.037279787473380566,0.008454555389471352,0.5816297277808189,0.09281018860638142,0.7346661314368248,0.6752853721380234,0.5443499371409416,0.7559028267860413,0.0001,3,2036.8684876658583,0.4074592590332031,,,,,,,,,,,,,,,,,,,,,,,,,,,,,,,,,,,,,,,,,,,,,,,,,,,,,
btm,6400,0.017244301014579834,0.00873696228954941,0.671424774825573,0.09749416997656227,0.8068447455763816,0.7697926387190819,0.6541804738342762,0.613020122051239,0.0001,3,1993.2389971651673,0.4074592590332031,,,,,,,,,,,,,,,,,,,,,,,,,,,,,,,,,,,,,,,,,,,,,,,,,,,,,
btm,6410,0.021375855500809848,0.008092538372147828,0.6432585820555687,0.09292873619124294,0.7869196370244026,0.7369965627789498,0.6218827247619629,0.6093264818191528,0.0001,3,2030.4876477185842,0.4074592590332031,,,,,,,,,,,,,,,,,,,,,,,,,,,,,,,,,,,,,,,,,,,,,,,,,,,,,
btm,6420,0.05118703367188573,0.008879508194513618,0.5798763290047646,0.09905412700027227,0.7238778531551361,0.6798184059560299,0.528689294308424,0.7359466552734375,0.0001,3,2029.4962933767677,0.4074592590332031,,,,,,,,,,,,,,,,,,,,,,,,,,,,,,,,,,,,,,,,,,,,,,,,,,,,,
btm,6430,0.03797571868635714,0.008329355402383953,0.6190862558782101,0.0964318074285984,0.7567200601100922,0.7163510009646415,0.5811105392873287,0.7814069390296936,0.0001,3,2038.7997747109093,0.4074592590332031,,,,,,,,,,,,,,,,,,,,,,,,,,,,,,,,,,,,,,,,,,,,,,,,,,,,,
btm,6440,0.014698999957181514,0.008639661781489848,0.6663962922990322,0.08698762953281403,0.8049902796745301,0.7542478889226913,0.6516972951591015,0.5951066017150879,0.0001,3,1932.869674420419,0.4074592590332031,,,,,,,,,,,,,,,,,,,,,,,,,,,,,,,,,,,,,,,,,,,,,,,,,,,,,
btm,6450,0.020568182808347046,0.008724600297864527,0.6279922500252724,0.09646392967551946,0.7772288545966148,0.7253286391496658,0.6074240677058697,0.5733395218849182,0.0001,3,1981.5761192953203,0.4074592590332031,,,,,,,,,,,,,,,,,,,,,,,,,,,,,,,,,,,,,,,,,,,,,,,,,,,,,
btm,6460,0.04759682938456535,0.009128503955435009,0.5859346568584443,0.09784544184803963,0.7316397920250892,0.6846929535269737,0.5383378282189369,0.8387627601623535,0.0001,3,2012.3404065226223,0.4074592590332031,,,,,,,,,,,,,,,,,,,,,,,,,,,,,,,,,,,,,,,,,,,,,,,,,,,,,
btm,6470,0.04287999989464879,0.008699114026967436,0.5739097177982331,0.0877195809967816,0.727468141913414,0.6624992117285728,0.5310297206044197,0.7736104130744934,0.0001,3,2016.1364119364434,0.4074592590332031,,,,,,,,,,,,,,,,,,,,,,,,,,,,,,,,,,,,,,,,,,,,,,,,,,,,,
btm,6480,0.020491243549622597,0.008498240227345378,0.6210678808391095,0.08957492839545012,0.772772678732872,0.7114926345646382,0.6005766406655312,0.5999172925949097,0.0001,3,1774.7171267627443,0.4074592590332031,,,,,,,,,,,,,,,,,,,,,,,,,,,,,,,,,,,,,,,,,,,,,,,,,,,,,
btm,6490,0.01979150262195617,0.008255644876044244,0.6118729442358017,0.09779710583388805,0.7677970707416535,0.7104956150054932,0.5920814387500286,0.7488128542900085,0.0001,3,1957.653694868308,0.4074592590332031,,,,,,,,,,,,,,,,,,,,,,,,,,,,,,,,,,,,,,,,,,,,,,,,,,,,,
btm,6500,0.03781669158488512,0.009103274741210043,0.5784257151186466,0.08567485380917787,0.7323319926857949,0.6650108888745307,0.5406090259552002,0.7017667889595032,0.0001,3,1975.250365278226,0.4074592590332031,,,,,,,,,,,,,,,,,,,,,,,,,,,,,,,,,,,,,,,,,,,,,,,,,,,,,
btm,6500,,,,,,,,,,,,,0.04585717944428325,0.007541311875684187,0.4842190854251385,0.06978241715114564,0.6606404595077038,0.5547556411474943,0.4383619036525488,0.313845825381577,0.1468864087946713,0.0,,,,,,,,,,,,,,,,,,,,,,,,,,,,,,,,,,,,,,,,,,,
btm,6510,0.03645533886738121,0.00844783369684592,0.5792620047926903,0.0918800882063806,0.7338447913527488,0.6719868808984757,0.5428066685795784,0.697417140007019,0.0001,3,973.320916655238,0.4074592590332031,,,,,,,,,,,,,,,,,,,,,,,,,,,,,,,,,,,,,,,,,,,,,,,,,,,,,
btm,6520,0.01922837784513831,0.008413750980980694,0.593266274780035,0.09299488738179207,0.7560621544718742,0.687102535367012,0.5740378983318806,0.6291942596435547,0.0001,3,1889.8765274750456,0.4074592590332031,,,,,,,,,,,,,,,,,,,,,,,,,,,,,,,,,,,,,,,,,,,,,,,,,,,,,
btm,6530,0.020621907245367766,0.008625944133382291,0.5854791641235352,0.08858280973508954,0.7496171548962594,0.6749245718121528,0.5648572526872158,0.597449779510498,0.0001,3,1964.8103092437693,0.4074592590332031,,,,,,,,,,,,,,,,,,,,,,,,,,,,,,,,,,,,,,,,,,,,,,,,,,,,,
btm,6540,0.03525743540376425,0.009038457658607512,0.5684777908027172,0.10404235552996396,0.7269521430134773,0.6734239906072617,0.5332203544676304,1.300071358680725,0.0001,3,1931.3068204763035,0.4074592590332031,,,,,,,,,,,,,,,,,,,,,,,,,,,,,,,,,,,,,,,,,,,,,,,,,,,,,
btm,6550,0.03205979433842003,0.008600541739724576,0.5924363918602467,0.08229388860054314,0.7456975966691971,0.67559033036232,0.5603765957057476,0.6930640935897827,0.0001,3,1974.9374487541932,0.4074592590332031,,,,,,,,,,,,,,,,,,,,,,,,,,,,,,,,,,,,,,,,,,,,,,,,,,,,,
btm,6560,0.018039455031976105,0.008436379791237413,0.6026066809892654,0.08992517134174705,0.7607082918286323,0.693375489115715,0.5845672242343426,0.7896150946617126,0.0001,3,2002.747536875724,0.4074592590332031,,,,,,,,,,,,,,,,,,,,,,,,,,,,,,,,,,,,,,,,,,,,,,,,,,,,,
btm,6570,0.019977675960399212,0.008122075477149337,0.5858111031353473,0.09092981228604913,0.7495698586106301,0.6775531232357025,0.5658334240317344,0.6716445088386536,0.0001,3,1903.8389166692864,0.4074592590332031,,,,,,,,,,,,,,,,,,,,,,,,,,,,,,,,,,,,,,,,,,,,,,,,,,,,,
btm,6580,0.0324588131159544,0.008910849061794578,0.5592185080051422,0.09135440718382597,0.7228644460439682,0.6514640003442764,0.5267596900463104,0.7718092799186707,0.0001,3,2007.7385158710176,0.4074592590332031,,,,,,,,,,,,,,,,,,,,,,,,,,,,,,,,,,,,,,,,,,,,,,,,,,,,,
btm,6590,0.027133981697261333,0.008358406170736998,0.566467072069645,0.09632684038951993,0.7329128593206405,0.6636297538876533,0.5393330886960029,0.6771070957183838,0.0001,3,1787.0735140053969,0.4074592590332031,,,,,,,,,,,,,,,,,,,,,,,,,,,,,,,,,,,,,,,,,,,,,,,,,,,,,
btm,6600,0.017373933177441358,0.008474174735601992,0.6152995750308037,0.08851616038009524,0.7711235582828522,0.7046631529927254,0.5979256421327591,0.591112494468689,0.0001,3,1835.5494557201841,0.4074592590332031,,,,,,,,,,,,,,,,,,,,,,,,,,,,,,,,,,,,,,,,,,,,,,,,,,,,,
btm,6610,0.020354996901005507,0.008424448547884822,0.6020921699702739,0.09608053620904684,0.7611899897456169,0.6990151479840279,0.5817371733486653,0.6147874593734741,0.0001,3,1962.5106250326082,0.4074592590332031,,,,,,,,,,,,,,,,,,,,,,,,,,,,,,,,,,,,,,,,,,,,,,,,,,,,,
btm,6620,0.037872511288151146,0.008452635712455959,0.554151663184166,0.09659037506207824,0.7166072875261307,0.6515872985124588,0.5162791520357132,0.6693664789199829,0.0001,3,2041.2477993297932,0.4074592590332031,,,,,,,,,,,,,,,,,,,,,,,,,,,,,,,,,,,,,,,,,,,,,,,,,,,,,
btm,6630,0.031138568138703703,0.008766251790802926,0.5785145856440067,0.09711667113006114,0.7373818963766098,0.67650788128376,0.5473760165274143,1.1837157011032104,0.0001,3,1966.858326124589,0.4074592590332031,,,,,,,,,,,,,,,,,,,,,,,,,,,,,,,,,,,,,,,,,,,,,,,,,,,,,
btm,6640,0.016622545360587538,0.008684732485562563,0.6011741675436497,0.0894994311966002,0.7626090601086617,0.6915420755743981,0.5845516264438629,0.6034510135650635,0.0001,3,1892.5564117128201,0.4074592590332031,,,,,,,,,,,,,,,,,,,,,,,,,,,,,,,,,,,,,,,,,,,,,,,,,,,,,
btm,6650,0.02164551694877446,0.009143588226288557,0.5855398960411549,0.09738671565428376,0.7495751053094863,0.6838409692049027,0.5638943828642369,0.7013691663742065,0.0001,3,2026.8479329036022,0.4074592590332031,,,,,,,,,,,,,,,,,,,,,,,,,,,,,,,,,,,,,,,,,,,,,,,,,,,,,
btm,6660,0.04092980436980724,0.008532647555693985,0.5797343842685223,0.09107936499640346,0.7301700383424758,0.6716670073568821,0.5388045780360698,0.807847261428833,0.0001,3,1990.4879768831447,0.4074592590332031,,,,,,,,,,,,,,,,,,,,,,,,,,,,,,,,,,,,,,,,,,,,,,,,,,,,,
btm,6670,0.030798516189679503,0.00856217126129195,0.5840341292321682,0.0867307601030916,0.7408134505152703,0.6716211050748825,0.5532356195151806,0.7596371173858643,0.0001,3,2007.68423432477,0.4074592590332031,,,,,,,,,,,,,,,,,,,,,,,,,,,,,,,,,,,,,,,,,,,,,,,,,,,,,
btm,6680,0.015373011073097586,0.008676969923544674,0.6291179165244103,0.09097345015034079,0.7816329523921013,0.7209590658545494,0.6137449063360692,0.6178551316261292,0.0001,3,2018.9574003443324,0.4074592590332031,,,,,,,,,,,,,,,,,,,,,,,,,,,,,,,,,,,,,,,,,,,,,,,,,,,,,
btm,6690,0.023939215810969472,0.00829666598001495,0.5917836703360081,0.08968463325873018,0.7523346170783043,0.6822979673743248,0.5678444549441337,0.6413752436637878,0.0001,3,2003.5321717805996,0.4074592590332031,,,,,,,,,,,,,,,,,,,,,,,,,,,,,,,,,,,,,,,,,,,,,,,,,,,,,
btm,6700,0.040749313589185474,0.008997314085718244,0.538011758774519,0.103793525416404,0.7035836085677147,0.6427050068974495,0.49726244807243347,0.6404885649681091,0.0001,3,2000.4676022663666,0.4074592590332031,,,,,,,,,,,,,,,,,,,,,,,,,,,,,,,,,,,,,,,,,,,,,,,,,,,,,
btm,6710,0.02890777038410306,0.008714578789658844,0.5885390274226665,0.08738133534789086,0.7458646088838577,0.6767918199300766,0.559631259739399,0.9670520424842834,0.0001,3,1967.4377732800322,0.4074592590332031,,,,,,,,,,,,,,,,,,,,,,,,,,,,,,,,,,,,,,,,,,,,,,,,,,,,,
btm,6720,0.015837148716673254,0.008704212040174752,0.626613350957632,0.09749037879519165,0.7795774266123772,0.7249741479754448,0.6107762053608894,0.5872970819473267,0.0001,3,1929.0630271909456,0.4074592590332031,,,,,,,,,,,,,,,,,,,,,,,,,,,,,,,,,,,,,,,,,,,,,,,,,,,,,
btm,6730,0.02564597735181451,0.008174111740663648,0.568721528351307,0.0917826334014535,0.7353913679718971,0.6613215744495392,0.5430755510926246,0.6081149578094482,0.0001,3,1966.7675835047378,0.4074592590332031,,,,,,,,,,,,,,,,,,,,,,,,,,,,,,,,,,,,,,,,,,,,,,,,,,,,,
btm,6740,0.04189532957971096,0.00844883603276685,0.5622613340616226,0.09202629076316952,0.7194196060299873,0.6551325127482415,0.520366008579731,0.6314934492111206,0.0001,3,1543.3302551835159,0.4074592590332031,,,,,,,,,,,,,,,,,,,,,,,,,,,,,,,,,,,,,,,,,,,,,,,,,,,,,
btm,6750,0.023272387217730284,0.008576993900351226,0.5880086705088615,0.09452086742967367,0.7494971811771393,0.6833872362971306,0.56473628282547,0.628962516784668,0.0001,3,2012.9831351855833,0.4074592590332031,,,,,,,,,,,,,,,,,,,,,,,,,,,,,,,,,,,,,,,,,,,,,,,,,,,,,
btm,6760,0.016452012653462588,0.008799913828261197,0.6238901823759079,0.09134197002276778,0.7772404804825783,0.7161121442914009,0.607438163459301,0.617535412311554,0.0001,3,2004.6992274366532,0.4074592590332031,,,,,,,,,,,,,,,,,,,,,,,,,,,,,,,,,,,,,,,,,,,,,,,,,,,,,
btm,6770,0.030087107233703135,0.008369935408700258,0.5844920210540294,0.08612249791622162,0.7410020127892494,0.6714515179395676,0.5544049136340619,0.6466290354728699,0.0001,3,1756.6192935572376,0.4074592590332031,,,,,,,,,,,,,,,,,,,,,,,,,,,,,,,,,,,,,,,,,,,,,,,,,,,,,
btm,6780,0.04371001170948148,0.00846580098150298,0.5614444248378276,0.08588179918006063,0.7173025131225585,0.6481728024780751,0.5177344106137752,0.7643027901649475,0.0001,3,1947.8258773149525,0.4074592590332031,,,,,,,,,,,,,,,,,,,,,,,,,,,,,,,,,,,,,,,,,,,,,,,,,,,,,
btm,6790,0.02324919980019331,0.00859715078258887,0.612063179910183,0.0888585510198027,0.7651124447584152,0.7017814435064793,0.5888139799237251,0.62473464012146,0.0001,3,1967.8273002368187,0.4074592590332031,,,,,,,,,,,,,,,,,,,,,,,,,,,,,,,,,,,,,,,,,,,,,,,,,,,,,
btm,6800,0.012665432854555547,0.008817850460764021,0.6416866615414619,0.0886455754749477,0.7912639200687408,0.7312140226364136,0.629021230340004,0.5900425314903259,0.0001,3,1982.084351604955,0.4074592590332031,,,,,,,,,,,,,,,,,,,,,,,,,,,,,,,,,,,,,,,,,,,,,,,,,,,,,
btm,6810,0.029419166734442115,0.008257052081171423,0.5664865344762802,0.08444541599601507,0.7305760130286216,0.6517576560378074,0.5370673716068268,0.6005032658576965,0.0001,3,1944.2907163414848,0.4074592590332031,,,,,,,,,,,,,,,,,,,,,,,,,,,,,,,,,,,,,,,,,,,,,,,,,,,,,
btm,6820,0.04968669032678008,0.008719058509450405,0.5672062635421753,0.08820093176327645,0.7166403666138649,0.6562791094183922,0.5175195716321468,0.8484646081924438,0.0001,3,1975.3290201423638,0.4074592590332031,,,,,,,,,,,,,,,,,,,,,,,,,,,,,,,,,,,,,,,,,,,,,,,,,,,,,
btm,6830,0.025891476403921844,0.008721948822494597,0.5850165382027626,0.0859343495219946,0.7455075472593308,0.6718230828642845,0.5591250613331795,0.6874621510505676,0.0001,3,1955.3892399232607,0.4074592590332031,,,,,,,,,,,,,,,,,,,,,,,,,,,,,,,,,,,,,,,,,,,,,,,,,,,,,
btm,6840,0.015108600072562695,0.008506210532505065,0.6150670245289802,0.09759404761716724,0.7730518996715545,0.7135116919875145,0.5999584265053273,0.7161065936088562,0.0001,3,1971.0876170261872,0.4074592590332031,,,,,,,,,,,,,,,,,,,,,,,,,,,,,,,,,,,,,,,,,,,,,,,,,,,,,
btm,6850,0.027787453308701516,0.008778544119559228,0.5621568553149701,0.08838674863800407,0.7297863826155663,0.6514214530587197,0.5343694031238556,0.6070502400398254,0.0001,3,1969.4427887774436,0.4074592590332031,,,,,,,,,,,,,,,,,,,,,,,,,,,,,,,,,,,,,,,,,,,,,,,,,,,,,
btm,6860,0.04346385924145579,0.008832308626733721,0.5485026709735393,0.09980758484452963,0.7088117331266404,0.6491934813559055,0.5050388142466545,0.6830971240997314,0.0001,3,1970.7248243155846,0.4074592590332031,,,,,,,,,,,,,,,,,,,,,,,,,,,,,,,,,,,,,,,,,,,,,,,,,,,,,
btm,6870,0.024417225271463394,0.008729004417546093,0.6027221858501435,0.09835791955702007,0.758022366464138,0.701952999830246,0.5783049643039704,0.6886159777641296,0.0001,3,1955.104833266198,0.4074592590332031,,,,,,,,,,,,,,,,,,,,,,,,,,,,,,,,,,,,,,,,,,,,,,,,,,,,,
btm,6880,0.015149031835608184,0.008923728368245065,0.6229621335864067,0.09492250382900239,0.7779604136943817,0.7187770068645477,0.6078131049871445,0.6559847593307495,0.0001,3,1997.60997564717,0.4074592590332031,,,,,,,,,,,,,,,,,,,,,,,,,,,,,,,,,,,,,,,,,,,,,,,,,,,,,
btm,6890,0.03133187969215214,0.008521904714871197,0.5782447777688503,0.08935625739395618,0.7368450462818146,0.6684532269835473,0.5469128996133804,1.0337400436401367,0.0001,3,1844.6419681990053,0.4074592590332031,,,,,,,,,,,,,,,,,,,,,,,,,,,,,,,,,,,,,,,,,,,,,,,,,,,,,
btm,6900,0.04734871592372656,0.00858297002268955,0.552358865737915,0.09909466123208403,0.7085379809141159,0.6523118153214454,0.505010150372982,0.7110793590545654,0.0001,3,1916.1831981230675,0.4074592590332031,,,,,,,,,,,,,,,,,,,,,,,,,,,,,,,,,,,,,,,,,,,,,,,,,,,,,
btm,6910,0.023354745539836585,0.008560158219188452,0.582959695905447,0.09477868219837546,0.7462411791086196,0.6785943880677223,0.5596049457788468,0.625580906867981,0.0001,3,1927.701750917735,0.4074592590332031,,,,,,,,,,,,,,,,,,,,,,,,,,,,,,,,,,,,,,,,,,,,,,,,,,,,,
btm,6920,0.016073726676404478,0.009025261527858675,0.6188901424407959,0.10081165544688701,0.7750760987401009,0.7206043258309365,0.6028164148330688,0.6826300621032715,0.0001,3,1864.3910400504305,0.4074592590332031,,,,,,,,,,,,,,,,,,,,,,,,,,,,,,,,,,,,,,,,,,,,,,,,,,,,,
btm,6930,0.03434630171395838,0.00846204678528011,0.5589430429041385,0.09830475160852074,0.7224328354001045,0.6580940037965775,0.5245967380702495,0.8896186947822571,0.0001,3,1970.6009036197308,0.4074592590332031,,,,,,,,,,,,,,,,,,,,,,,,,,,,,,,,,,,,,,,,,,,,,,,,,,,,,
btm,6940,0.04497881978750229,0.008508263528347016,0.5636297419667244,0.08547996375709772,0.7183265760540962,0.6499605208635331,0.5186509244143963,0.6887992024421692,0.0001,3,1977.700814239324,0.4074592590332031,,,,,,,,,,,,,,,,,,,,,,,,,,,,,,,,,,,,,,,,,,,,,,,,,,,,,
btm,6950,0.023025125823915006,0.008606523100752383,0.6064962826669216,0.09483610456809402,0.761978505551815,0.7021930426359176,0.5834711603820324,0.6556798219680786,0.0001,3,1930.6781130903091,0.4074592590332031,,,,,,,,,,,,,,,,,,,,,,,,,,,,,,,,,,,,,,,,,,,,,,,,,,,,,
btm,6960,0.017937989882193507,0.008363650506362319,0.608086321502924,0.09857602920383216,0.766749419271946,0.7074987158179283,0.5901483334600925,0.6801614165306091,0.0001,3,1801.5291485362602,0.4074592590332031,,,,,,,,,,,,,,,,,,,,,,,,,,,,,,,,,,,,,,,,,,,,,,,,,,,,,
btm,6970,0.03352560717612505,0.00916087389923632,0.5529300689697265,0.09140215087682009,0.7193922713398934,0.6452483043074608,0.519404461234808,0.679032564163208,0.0001,3,1925.9836961940498,0.4074592590332031,,,,,,,,,,,,,,,,,,,,,,,,,,,,,,,,,,,,,,,,,,,,,,,,,,,,,
btm,6980,0.041826562583446504,0.00845424891449511,0.5821602173149586,0.09436743296682834,0.72797189950943,0.677373082190752,0.540333653986454,0.8265595436096191,0.0001,3,1978.1998908890096,0.4074592590332031,,,,,,,,,,,,,,,,,,,,,,,,,,,,,,,,,,,,,,,,,,,,,,,,,,,,,
btm,6990,0.02564066359773278,0.008679740922525525,0.5806311458349228,0.09224871061742305,0.741471242904663,0.6737478263676167,0.5549904830753803,0.731024444103241,0.0001,3,1869.7608931726427,0.4074592590332031,,,,,,,,,,,,,,,,,,,,,,,,,,,,,,,,,,,,,,,,,,,,,,,,,,,,,
btm,7000,0.01754357647150755,0.008721241482999176,0.5823344863951206,0.09406421650201083,0.7504352524876594,0.6772708341479301,0.5647909134626389,0.572532594203949,0.0001,3,1963.7089404108212,0.4074592590332031,,,,,,,,,,,,,,,,,,,,,,,,,,,,,,,,,,,,,,,,,,,,,,,,,,,,,
btm,7000,,,,,,,,,,,,,0.020139528205618262,0.007132757134968415,0.4985134471207857,0.06863868120126426,0.6911388039588928,0.5678653959184885,0.47837391309440136,0.27381989266723394,0.1426497157663107,0.0,,,,,,,,,,,,,,,,,,,,,,,,,,,,,,,,,,,,,,,,,,,
btm,7000,,,,,,,,,,,,,,,,,,,,,,,0.25,5,20,0.11186005278940309,0.4687050099580636,60.63140443339944,1126.6792110633105,1151.9892151467502,0.09701478426053654,0.22193526464514435,0.23112064011586017,665600,1,40,0.1,2,20,0.027865893984153206,0.30103820641179335,60.720555547624826,1123.8773060962558,1144.3279037252069,0.24408482015191113,0.3177750198915601,0.2781929234090524,665600,1,40,0.1,2,20,0.027865893984153206,0.30103820641179335,61.43446537479758,1136.7683809250593,1168.669071048498,0.49763563348155004,0.4642517355736345,0.320591595577888,665600,1,40,0.15
btm,7010,0.02651141076348722,0.008753377781249582,0.5475433520972729,0.09417989747598768,0.7198388189077377,0.6425985902547836,0.5210319474339485,0.6234189867973328,0.0001,3,6.280208895437881,0.4074592590332031,,,,,,,,,,,,,,,,,,,,,,,,,,,,,,,,,,,,,,,,,,,,,,,,,,,,,
btm,7020,0.036981168668717146,0.008846815209835768,0.5279866226017476,0.08962716842070222,0.6990738421678543,0.6184984631836414,0.4910054557025433,0.7158998847007751,0.0001,3,1996.732456577087,0.4074592590332031,,,,,,,,,,,,,,,,,,,,,,,,,,,,,,,,,,,,,,,,,,,,,,,,,,,,,
btm,7030,0.0283250012435019,0.008562085148878396,0.5430098496377468,0.09441562723368406,0.7155338808894157,0.6382816851139068,0.5146848514676094,0.9266343116760254,0.0001,3,2016.9283664650093,0.4074592590332031,,,,,,,,,,,,,,,,,,,,,,,,,,,,,,,,,,,,,,,,,,,,,,,,,,,,,
btm,7040,0.018541206838563085,0.008362313220277428,0.5705947183072567,0.09680094150826335,0.740197268128395,0.6682318866252899,0.5520535133779049,0.688349723815918,0.0001,3,2015.5181217532206,0.4074592590332031,,,,,,,,,,,,,,,,,,,,,,,,,,,,,,,,,,,,,,,,,,,,,,,,,,,,,
btm,7050,0.0225108549464494,0.008920545456930995,0.5480664804577827,0.09761840440332889,0.7232519760727882,0.6465769365429879,0.5255556255578995,0.6517975330352783,0.0001,3,1835.587194056644,0.4074592590332031,,,,,,,,,,,,,,,,,,,,,,,,,,,,,,,,,,,,,,,,,,,,,,,,,,,,,
btm,7060,0.029118443932384254,0.008567066246178002,0.5322519205510616,0.09009091230109334,0.7075004249811172,0.623199536651373,0.5031334728002548,0.6239427924156189,0.0001,3,1915.695170468103,0.4074592590332031,,,,,,,,,,,,,,,,,,,,,,,,,,,,,,,,,,,,,,,,,,,,,,,,,,,,,
btm,7070,0.021784886019304395,0.008466286351904273,0.5513034947216511,0.09160955920815468,0.7261884912848473,0.6437596812844276,0.5295186057686806,0.7463788986206055,0.0001,3,1854.840200143316,0.4074592590332031,,,,,,,,,,,,,,,,,,,,,,,,,,,,,,,,,,,,,,,,,,,,,,,,,,,,,
btm,7080,0.02010977570898831,0.008499430550727993,0.5782099321484566,0.08791694371029735,0.7448905378580093,0.6669768191874027,0.5581001549959183,0.7285369038581848,0.0001,3,1913.7968146163457,0.4074592590332031,,,,,,,,,,,,,,,,,,,,,,,,,,,,,,,,,,,,,,,,,,,,,,,,,,,,,
btm,7090,0.026865698164328933,0.0086551443208009,0.544886925816536,0.09415435958653688,0.717768320441246,0.6399068005383015,0.5180212311446667,0.9773660898208618,0.0001,3,1962.5405932565495,0.4074592590332031,,,,,,,,,,,,,,,,,,,,,,,,,,,,,,,,,,,,,,,,,,,,,,,,,,,,,
btm,7100,0.02609222107566893,0.008651549706701189,0.5577405340969562,0.08857286628335714,0.726601953804493,0.6471785545349121,0.5316483169794083,0.7129756808280945,0.0001,3,1977.8513709360127,0.4074592590332031,,,,,,,,,,,,,,,,,,,,,,,,,,,,,,,,,,,,,,,,,,,,,,,,,,,,,
btm,7110,0.01700884571764618,0.008529732609167695,0.5889920547604561,0.08165055485442281,0.7549916982650757,0.6714955821633339,0.5719832070171833,0.6486539840698242,0.0001,3,1956.033634664336,0.4074592590332031,,,,,,,,,,,,,,,,,,,,,,,,,,,,,,,,,,,,,,,,,,,,,,,,,,,,,
btm,7120,0.0179366250988096,0.008605411055032163,0.5641840621829033,0.09321606364101172,0.7376494094729423,0.6582606688141823,0.5462474383413791,0.6593925952911377,0.0001,3,1977.0685101862298,0.4074592590332031,,,,,,,,,,,,,,,,,,,,,,,,,,,,,,,,,,,,,,,,,,,,,,,,,,,,,
btm,7130,0.029365942068397998,0.008264467096887529,0.5533210091292858,0.08244569902308285,0.7220200181007386,0.6365931518375874,0.5239550650119782,0.7702351808547974,0.0001,3,1868.3505567819493,0.4074592590332031,,,,,,,,,,,,,,,,,,,,,,,,,,,,,,,,,,,,,,,,,,,,,,,,,,,,,
btm,7140,0.033159149810671806,0.00846922640921548,0.554413416236639,0.0912636211141944,0.7198793888092041,0.6465239569544792,0.5212542667984963,0.6840705275535583,0.0001,3,1937.334742911086,0.4074592590332031,,,,,,,,,,,,,,,,,,,,,,,,,,,,,,,,,,,,,,,,,,,,,,,,,,,,,
btm,7149,,,,,,,,,,,,,,,,,,,,,,,0.1,2,20,0.027865893984153206,0.30103820641179335,59.7568727619946,1104.0051330346614,1132.3640605434775,0.22094429476419464,0.28416863299906253,0.23322631266827767,665600,1,40,0.15,3,20,0.05236779195949584,0.36042329588695743,59.73102205619216,1106.9807289168239,1117.5835344940424,0.3711266962054651,0.3830478746257722,0.30976328269029274,665600,1,40,0.1,2,20,0.027865893984153206,0.30103820641179335,60.735476244241,1117.405895004049,1130.8712364174426,0.6456082955107558,0.5477205161564052,0.35525337209304175,665600,1,40,0.11666666666666665
btm,7150,0.01709828481543809,0.008624097239226103,0.571168028563261,0.08639264414086938,0.7426751762628555,0.6584230825304985,0.5540697455406189,0.665266215801239,0.0001,4,6.397858941021715,0.4074592590332031,,,,,,,,,,,,,,,,,,,,,,,,,,,,,,,,,,,,,,,,,,,,,,,,,,,,,
btm,7160,0.01765375058166683,0.0087872916017659,0.5927712768316269,0.08432693500071764,0.7566252708435058,0.6779769465327263,0.5751175247132778,0.8311702013015747,0.0001,4,1847.1296679552438,0.4074592590332031,,,,,,,,,,,,,,,,,,,,,,,,,,,,,,,,,,,,,,,,,,,,,,,,,,,,,
btm,7170,0.03947333837859333,0.008356769557576627,0.5397776454687119,0.0843624941073358,0.7045354306697845,0.6249758131802082,0.5003043055534363,0.8701583743095398,0.0001,4,1935.3176797891076,0.4074592590332031,,,,,,,,,,,,,,,,,,,,,,,,,,,,,,,,,,,,,,,,,,,,,,,,,,,,,
btm,7180,0.03357544895261526,0.00853980565443635,0.586315831542015,0.07552193212322891,0.7408098205924034,0.662691742181778,0.5527403838932514,0.7055789828300476,0.0001,4,1992.9166971790858,0.4074592590332031,,,,,,,,,,,,,,,,,,,,,,,,,,,,,,,,,,,,,,,,,,,,,,,,,,,,,
btm,7190,0.01414194677490741,0.008536208013538271,0.6389486819505692,0.08175049629062414,0.788968312740326,0.7215527996420861,0.6248067349195481,0.5887118577957153,0.0001,4,1896.889081420548,0.4074592590332031,,,,,,,,,,,,,,,,,,,,,,,,,,,,,,,,,,,,,,,,,,,,,,,,,,,,,
btm,7200,0.018911748938262463,0.008274425775744021,0.6285831190645694,0.08047299142926931,0.7786550194025039,0.7098835542798042,0.609671376645565,0.6260784864425659,0.0001,4,1966.1207614700638,0.4074592590332031,,,,,,,,,,,,,,,,,,,,,,,,,,,,,,,,,,,,,,,,,,,,,,,,,,,,,
btm,7210,0.04669375354424119,0.008476426952984183,0.5225304871797561,0.07977873194031418,0.6881790146231651,0.6031568549573422,0.4758367359638214,0.6404870748519897,0.0001,4,1904.5621499668312,0.4074592590332031,,,,,,,,,,,,,,,,,,,,,,,,,,,,,,,,,,,,,,,,,,,,,,,,,,,,,
btm,7220,0.038911958876997235,0.008331440365873277,0.5359093599021435,0.084517429349944,0.7029961585998535,0.6212599255144596,0.49699740037322043,0.5677581429481506,0.0001,4,1976.1584768317034,0.4074592590332031,,,,,,,,,,,,,,,,,,,,,,,,,,,,,,,,,,,,,,,,,,,,,,,,,,,,,
btm,7230,0.02014428870752454,0.00860960641875863,0.5674507737159729,0.08585944408550858,0.7377231612801551,0.6541711777448654,0.5473064854741096,0.6726399660110474,0.0001,4,1987.78451802818,0.4074592590332031,,,,,,,,,,,,,,,,,,,,,,,,,,,,,,,,,,,,,,,,,,,,,,,,,,,,,
btm,7240,0.019903165055438876,0.008595023944508284,0.5417319111526012,0.09510650322772563,0.7207317173480987,0.6376979172229766,0.5218287460505963,0.7118647694587708,0.0001,4,1974.7468398378805,0.4074592590332031,,,,,,,,,,,,,,,,,,,,,,,,,,,,,,,,,,,,,,,,,,,,,,,,,,,,,
btm,7250,0.03265091772191227,0.008377319353166967,0.4986191801726818,0.08781789084896445,0.6814325839281082,0.5872747972607613,0.46596826165914534,0.693949818611145,0.0001,4,1950.0495525779843,0.4074592590332031,,,,,,,,,,,,,,,,,,,,,,,,,,,,,,,,,,,,,,,,,,,,,,,,,,,,,
btm,7260,0.024948684498667717,0.009331301483325661,0.5462882868945599,0.09661986436694861,0.7193784967064858,0.643841278553009,0.5213395997881889,0.6600890755653381,0.0001,4,1947.1039164720967,0.4074592590332031,,,,,,,,,,,,,,,,,,,,,,,,,,,,,,,,,,,,,,,,,,,,,,,,,,,,,
btm,7270,0.016984684276394546,0.008131574897561222,0.6209989160299301,0.08035610974766313,0.7743447586894036,0.7021681755781174,0.6040142379701138,0.5999882221221924,0.0001,4,1963.540600394141,0.4074592590332031,,,,,,,,,,,,,,,,,,,,,,,,,,,,,,,,,,,,,,,,,,,,,,,,,,,,,
btm,7280,0.025020208861678838,0.00872770183486864,0.5474725678563118,0.09565718630328775,0.7200162187218666,0.6440025173127651,0.5224523574113846,0.5750296711921692,0.0001,4,1976.9003629049405,0.4074592590332031,,,,,,,,,,,,,,,,,,,,,,,,,,,,,,,,,,,,,,,,,,,,,,,,,,,,,
btm,7290,0.03866932801902294,0.008422331453766673,0.5423513762652874,0.085869147349149,0.7066890835762024,0.6290627628564834,0.5036820478737354,0.7515215277671814,0.0001,4,1967.357323688407,0.4074592590332031,,,,,,,,,,,,,,,,,,,,,,,,,,,,,,,,,,,,,,,,,,,,,,,,,,,,,
btm,7300,0.025769720878452064,0.008664497802965344,0.5593791775405407,0.09275614279322326,0.7272067576646805,0.6530017673969268,0.5336094535887241,0.7110483050346375,0.0001,4,1990.3734396799427,0.4074592590332031,,,,,,,,,,,,,,,,,,,,,,,,,,,,,,,,,,,,,,,,,,,,,,,,,,,,,
btm,7310,0.014521479490213096,0.008282507781405001,0.588785058259964,0.08697405382990837,0.7547948732972145,0.6765873573720456,0.5742635823786258,0.6646005511283875,0.0001,4,2029.278217213303,0.4074592590332031,,,,,,,,,,,,,,,,,,,,,,,,,,,,,,,,,,,,,,,,,,,,,,,,,,,,,
btm,7320,0.022291995584964752,0.009075473831035196,0.5532766737043857,0.09397626845166088,0.7266618102788925,0.6481604844331741,0.5309846766293049,0.6771806478500366,0.0001,4,1993.5587757776807,0.4074592590332031,,,,,,,,,,,,,,,,,,,,,,,,,,,,,,,,,,,,,,,,,,,,,,,,,,,,,
btm,7330,0.035088619636371735,0.008137463207822293,0.5293492674827576,0.08563269823789596,0.7001967921853065,0.6157957069575787,0.4942606523633003,0.74220210313797,0.0001,4,2011.5074892254884,0.4074592590332031,,,,,,,,,,,,,,,,,,,,,,,,,,,,,,,,,,,,,,,,,,,,,,,,,,,,,
btm,7340,0.025085147004574537,0.00827658127527684,0.5675373703241349,0.083241261029616,0.7336266949772835,0.6516062825918197,0.5424522265791893,0.9166297912597656,0.0001,4,2023.278542629377,0.4074592590332031,,,,,,,,,,,,,,,,,,,,,,,,,,,,,,,,,,,,,,,,,,,,,,,,,,,,,
btm,7350,0.016882749903015793,0.0080578176304698,0.5526055656373501,0.08935120264068246,0.7293237254023552,0.6427625469863415,0.5357228145003319,0.6055961847305298,0.0001,4,2002.079362173679,0.4074592590332031,,,,,,,,,,,,,,,,,,,,,,,,,,,,,,,,,,,,,,,,,,,,,,,,,,,,,
btm,7360,0.025362860551103948,0.00849190978333354,0.4971366673707962,0.08849800890311599,0.6855630308389664,0.5864838734269142,0.47177380621433257,0.6395108103752136,0.0001,4,1868.1191752541179,0.4074592590332031,,,,,,,,,,,,,,,,,,,,,,,,,,,,,,,,,,,,,,,,,,,,,,,,,,,,,
btm,7370,0.028379792161285878,0.008124768966808915,0.5315586872398853,0.09113575406372547,0.7077827528119087,0.6235069192945957,0.5031788937747479,0.7291996479034424,0.0001,4,1963.900898508364,0.4074592590332031,,,,,,,,,,,,,,,,,,,,,,,,,,,,,,,,,,,,,,,,,,,,,,,,,,,,,
btm,7380,0.018318813247606158,0.008541183627676219,0.5543225474655629,0.08832541545853019,0.730581083893776,0.6435020819306374,0.5360037326812744,0.669125497341156,0.0001,4,1855.2740486741927,0.4074592590332031,,,,,,,,,,,,,,,,,,,,,,,,,,,,,,,,,,,,,,,,,,,,,,,,,,,,,
btm,7390,0.019119450077414512,0.008824510045815259,0.5484563671052456,0.08994676377624274,0.7264709040522576,0.6392855837941169,0.5293369203805923,0.7421066761016846,0.0001,4,1928.8886524603797,0.4074592590332031,,,,,,,,,,,,,,,,,,,,,,,,,,,,,,,,,,,,,,,,,,,,,,,,,,,,,
btm,7400,0.030492183612659575,0.008667680155485868,0.4857387326657772,0.08029356026090681,0.6721982762217522,0.5668990634381771,0.455246552079916,0.7502464056015015,0.0001,4,1916.9362314423777,0.4074592590332031,,,,,,,,,,,,,,,,,,,,,,,,,,,,,,,,,,,,,,,,,,,,,,,,,,,,,
btm,7410,0.028999620815739036,0.008892843942157924,0.533388140052557,0.09196685692295432,0.7085403576493263,0.626244280487299,0.5043885171413421,0.7802703976631165,0.0001,4,1791.9120343475647,0.4074592590332031,,,,,,,,,,,,,,,,,,,,,,,,,,,,,,,,,,,,,,,,,,,,,,,,,,,,,
btm,7420,0.014476197306066751,0.008222239138558508,0.5796137444674969,0.09226239593699574,0.7497574523091316,0.6726983666419983,0.5651375442743302,0.6017575263977051,0.0001,4,1959.004746514786,0.4074592590332031,,,,,,,,,,,,,,,,,,,,,,,,,,,,,,,,,,,,,,,,,,,,,,,,,,,,,
btm,7430,0.018185305362567305,0.008660018863156437,0.5523278713226318,0.09283760553225875,0.7297715410590172,0.6460314743220806,0.534142566472292,0.7444748878479004,0.0001,4,1875.335325472027,0.4074592590332031,,,,,,,,,,,,,,,,,,,,,,,,,,,,,,,,,,,,,,,,,,,,,,,,,,,,,
btm,7440,0.03613653443753719,0.008496543194632977,0.5275789231061936,0.09203709727153182,0.6988569542765617,0.6204656727612019,0.4914423875510693,0.6869701743125916,0.0001,4,1848.6659981880407,0.4074592590332031,,,,,,,,,,,,,,,,,,,,,,,,,,,,,,,,,,,,,,,,,,,,,,,,,,,,,
btm,7450,0.026881768088787793,0.008346110279671849,0.560823903977871,0.08924939436838031,0.7274045631289482,0.6509079068899155,0.533942137658596,0.7662389278411865,0.0001,4,1909.6860074637334,0.4074592590332031,,,,,,,,,,,,,,,,,,,,,,,,,,,,,,,,,,,,,,,,,,,,,,,,,,,,,
btm,7460,0.014242645772174,0.009036901465151459,0.6113805055618287,0.10341513818129897,0.7713815093040466,0.7156993374228477,0.5971378587186337,0.6319536566734314,0.0001,4,1963.968661017531,0.4074592590332031,,,,,,,,,,,,,,,,,,,,,,,,,,,,,,,,,,,,,,,,,,,,,,,,,,,,,
btm,7470,0.022940579126589,0.008705046528484672,0.5226537175476551,0.08427778854966164,0.7049341887235642,0.6078020088374615,0.4997131422162056,0.6043570041656494,0.0001,4,1925.0812869381812,0.4074592590332031,,,,,,,,,,,,,,,,,,,,,,,,,,,,,,,,,,,,,,,,,,,,,,,,,,,,,
btm,7480,0.04499845569953322,0.008336796914227307,0.5716592155396938,0.0904424519278109,0.7214378848671913,0.662935346364975,0.5266607582569123,0.9806512594223022,0.0001,4,1945.233424976265,0.4074592590332031,,,,,,,,,,,,,,,,,,,,,,,,,,,,,,,,,,,,,,,,,,,,,,,,,,,,,
btm,7490,0.02718216695357114,0.008838216948788613,0.5632994435727596,0.09215173553675413,0.7296533852815628,0.6563349969685077,0.5361172743141651,0.8827028274536133,0.0001,4,2002.8228865724534,0.4074592590332031,,,,,,,,,,,,,,,,,,,,,,,,,,,,,,,,,,,,,,,,,,,,,,,,,,,,,
btm,7500,0.013122661411762238,0.008559818740468472,0.6350214660167695,0.09101215675473213,0.7869722679257393,0.7268895968794823,0.621898801624775,0.6343685388565063,0.0001,4,1975.686427058545,0.4074592590332031,,,,,,,,,,,,,,,,,,,,,,,,,,,,,,,,,,,,,,,,,,,,,,,,,,,,,
btm,7500,,,,,,,,,,,,,0.014377958257682621,0.007212146418169141,0.5372194871306419,0.06784664955921471,0.7222685255110264,0.6057873517274857,0.5228415280580521,0.3282694686204195,0.17544864024966955,0.0,,,,,,,,,,,,,,,,,,,,,,,,,,,,,,,,,,,,,,,,,,,
btm,7510,0.02244993650820106,0.008825369330588728,0.5647550202906132,0.0885380558669567,0.7350263357162475,0.6541756168007851,0.5423050843179226,0.5608237981796265,0.0001,4,976.0173682420136,0.4074592590332031,,,,,,,,,,,,,,,,,,,,,,,,,,,,,,,,,,,,,,,,,,,,,,,,,,,,,
btm,7520,0.048224765434861185,0.008618722413666546,0.5397234447300434,0.08888336475938559,0.6987608522176743,0.6294686779379844,0.4914986789226532,1.1278061866760254,0.0001,4,2032.7562569672423,0.4074592590332031,,,,,,,,,,,,,,,,,,,,,,,,,,,,,,,,,,,,,,,,,,,,,,,,,,,,,
btm,7530,0.036979152681306006,0.00848111363593489,0.5377627402544022,0.08763378029689192,0.7056340590119362,0.626244629919529,0.5007835865020752,0.656573474407196,0.0001,4,2007.710090135037,0.4074592590332031,,,,,,,,,,,,,,,,,,,,,,,,,,,,,,,,,,,,,,,,,,,,,,,,,,,,,
btm,7540,0.018595156376250088,0.008307974506169557,0.5623339928686619,0.09041609996929764,0.7349281400442124,0.6535808935761451,0.5437388353049755,0.9629210829734802,0.0001,4,1987.0094777979912,0.4074592590332031,,,,,,,,,,,,,,,,,,,,,,,,,,,,,,,,,,,,,,,,,,,,,,,,,,,,,
btm,7550,0.019038397376425563,0.00860488178441301,0.5397873274981976,0.08788954564370215,0.7190532818436622,0.6285373620688915,0.5207489289343357,0.5558461546897888,0.0001,4,2015.7647596346487,0.4074592590332031,,,,,,,,,,,,,,,,,,,,,,,,,,,,,,,,,,,,,,,,,,,,,,,,,,,,,
btm,7560,0.030620848620310427,0.008061778941191733,0.528283990174532,0.09329032329842449,0.7029798045754433,0.6223804913461208,0.4976631410419941,0.6799662709236145,0.0001,4,1986.1920661196582,0.4074592590332031,,,,,,,,,,,,,,,,,,,,,,,,,,,,,,,,,,,,,,,,,,,,,,,,,,,,,
btm,7570,0.028764489898458125,0.008993335720151662,0.5581829659640789,0.08842936642467976,0.7249163597822189,0.64751166254282,0.5294184744358063,0.735704779624939,0.0001,4,2026.516764937308,0.4074592590332031,,,,,,,,,,,,,,,,,,,,,,,,,,,,,,,,,,,,,,,,,,,,,,,,,,,,,
btm,7580,0.018398257181979717,0.008587638416793197,0.5662514008581638,0.08526363829150796,0.737348872423172,0.6523737996816635,0.5478531450033188,0.6233710050582886,0.0001,4,2029.7794763677284,0.4074592590332031,,,,,,,,,,,,,,,,,,,,,,,,,,,,,,,,,,,,,,,,,,,,,,,,,,,,,
btm,7590,0.018423509690910576,0.008985659026075154,0.5678540460765362,0.09080365709960461,0.73685123026371,0.6595562599599362,0.5494305364787578,0.6369560956954956,0.0001,4,1994.534716625672,0.4074592590332031,,,,,,,,,,,,,,,,,,,,,,,,,,,,,,,,,,,,,,,,,,,,,,,,,,,,,
btm,7600,0.02589528956450522,0.00839476966066286,0.5265248969197274,0.09460148140788079,0.705190221965313,0.6219658568501473,0.500629611313343,0.7689613699913025,0.0001,4,2021.4470498283815,0.4074592590332031,,,,,,,,,,,,,,,,,,,,,,,,,,,,,,,,,,,,,,,,,,,,,,,,,,,,,
btm,7610,0.02281122128479183,0.008723868627566845,0.5461067818105221,0.08520245421677827,0.7210071429610252,0.6321816243231296,0.5232955604791641,0.7889876961708069,0.0001,4,2021.4049689253977,0.4074592590332031,,,,,,,,,,,,,,,,,,,,,,,,,,,,,,,,,,,,,,,,,,,,,,,,,,,,,
btm,7620,0.01679371641948819,0.008096006233245134,0.5637948177754879,0.0865409750957042,0.7376259714365005,0.6511453941464425,0.5470011003315449,0.5960474014282227,0.0001,4,2028.1411130298288,0.4074592590332031,,,,,,,,,,,,,,,,,,,,,,,,,,,,,,,,,,,,,,,,,,,,,,,,,,,,,
btm,7630,0.01938617927953601,0.00860584604088217,0.5228255540132523,0.0936194472014904,0.7083013117313385,0.6173055902123451,0.503439374268055,0.6899686455726624,0.0001,4,2002.3052074364364,0.4074592590332031,,,,,,,,,,,,,,,,,,,,,,,,,,,,,,,,,,,,,,,,,,,,,,,,,,,,,
btm,7640,0.0289716231636703,0.008654180180747062,0.5148636691272259,0.08509354367852211,0.6949693724513054,0.6008226320147514,0.4858920454978943,0.753291130065918,0.0001,4,1973.2389301687822,0.4074592590332031,,,,,,,,,,,,,,,,,,,,,,,,,,,,,,,,,,,,,,,,,,,,,,,,,,,,,
btm,7650,0.02716560149565339,0.00880559884244576,0.5519392222166062,0.09239525496959686,0.7214685916900635,0.6452150397002697,0.5247736245393753,0.6421135663986206,0.0001,4,1981.941958318578,0.4074592590332031,,,,,,,,,,,,,,,,,,,,,,,,,,,,,,,,,,,,,,,,,,,,,,,,,,,,,
btm,7660,0.015103979664854706,0.008486422570422291,0.5732470601797104,0.07890309058129788,0.7455452620983124,0.6529987961053848,0.5581430852413177,0.624756395816803,0.0001,4,1948.669702113368,0.4074592590332031,,,,,,,,,,,,,,,,,,,,,,,,,,,,,,,,,,,,,,,,,,,,,,,,,,,,,
btm,7670,0.018897100002504885,0.008649170154239983,0.5739983677864074,0.08689654315821826,0.7427367180585861,0.6617598213255406,0.5551012717187405,0.6083897352218628,0.0001,4,1924.081772328446,0.4074592590332031,,,,,,,,,,,,,,,,,,,,,,,,,,,,,,,,,,,,,,,,,,,,,,,,,,,,,
btm,7680,0.04267100002616644,0.008664586872328073,0.5559500619769097,0.09541116189211607,0.7125128045678139,0.6522276878356934,0.5132790625095367,1.0129252672195435,0.0001,4,1959.434753629157,0.4074592590332031,,,,,,,,,,,,,,,,,,,,,,,,,,,,,,,,,,,,,,,,,,,,,,,,,,,,,
btm,7690,0.033908764366060495,0.00858913738047704,0.5634492203593254,0.0940563096664846,0.723589739203453,0.6583644412457943,0.5295404635369778,0.856977105140686,0.0001,4,1924.877539686154,0.4074592590332031,,,,,,,,,,,,,,,,,,,,,,,,,,,,,,,,,,,,,,,,,,,,,,,,,,,,,
btm,7700,0.013065825449302793,0.008587563794571906,0.6357974149286747,0.09537326330319047,0.7870135560631752,0.7320294260978699,0.6227315910160541,0.6046692132949829,0.0001,4,1968.0832133455478,0.4074592590332031,,,,,,,,,,,,,,,,,,,,,,,,,,,,,,,,,,,,,,,,,,,,,,,,,,,,,
btm,7710,0.015003949659876526,0.008557172864675522,0.6122543506324292,0.09466930953785777,0.7711377337574958,0.7077793821692466,0.5972504079341888,0.704372763633728,0.0001,4,1925.2085881754922,0.4074592590332031,,,,,,,,,,,,,,,,,,,,,,,,,,,,,,,,,,,,,,,,,,,,,,,,,,,,,
btm,7720,0.04090033331885934,0.008416920085437596,0.5363156758248806,0.08911438705399632,0.7016897216439247,0.6262717500329018,0.49541534557938577,0.6722052097320557,0.0001,4,1972.3630832711601,0.4074592590332031,,,,,,,,,,,,,,,,,,,,,,,,,,,,,,,,,,,,,,,,,,,,,,,,,,,,,
btm,7730,0.042401186656206846,0.00838545298902318,0.545630793273449,0.09460520860739052,0.7050173819065094,0.6410745486617089,0.5032296031713486,0.541696310043335,0.0001,4,1955.239802484678,0.4074592590332031,,,,,,,,,,,,,,,,,,,,,,,,,,,,,,,,,,,,,,,,,,,,,,,,,,,,,
btm,7740,0.02082933224737644,0.008091412566136569,0.541579132527113,0.0865062914788723,0.7184478759765625,0.6288945637643337,0.5207498013973236,0.6129118204116821,0.0001,4,1905.9854463423526,0.4074592590332031,,,,,,,,,,,,,,,,,,,,,,,,,,,,,,,,,,,,,,,,,,,,,,,,,,,,,
btm,7750,0.016873617237433792,0.00819738816935569,0.5518436811864376,0.09385331235826015,0.7294773191213608,0.6465167336165905,0.534970062226057,0.5413200855255127,0.0001,4,1877.887401576957,0.4074592590332031,,,,,,,,,,,,,,,,,,,,,,,,,,,,,,,,,,,,,,,,,,,,,,,,,,,,,
btm,7760,0.0301511122379452,0.00844970892649144,0.5159527666866779,0.09042329229414463,0.6952103614807129,0.6072210267186164,0.4858016580343246,0.7349891662597656,0.0001,4,1999.4236523168056,0.4074592590332031,,,,,,,,,,,,,,,,,,,,,,,,,,,,,,,,,,,,,,,,,,,,,,,,,,,,,
btm,7770,0.031923025473952295,0.008793545910157264,0.524655532091856,0.09853198286145926,0.6994039729237557,0.6240668676793575,0.49273250848054884,0.6608541011810303,0.0001,4,2027.1558453587138,0.4074592590332031,,,,,,,,,,,,,,,,,,,,,,,,,,,,,,,,,,,,,,,,,,,,,,,,,,,,,
btm,7780,0.01689928648993373,0.008306828245986253,0.5746482342481614,0.08212899337522686,0.7446006014943123,0.6576079107820988,0.5577489502727986,0.6403581500053406,0.0001,4,2030.5990300340825,0.4074592590332031,,,,,,,,,,,,,,,,,,,,,,,,,,,,,,,,,,,,,,,,,,,,,,,,,,,,,
btm,7790,0.01857184574473649,0.00812635972397402,0.5295718766748905,0.08173366314731538,0.7126641497015953,0.6121181733906269,0.5110000312328339,0.5750067234039307,0.0001,4,2031.2548758395167,0.4074592590332031,,,,,,,,,,,,,,,,,,,,,,,,,,,,,,,,,,,,,,,,,,,,,,,,,,,,,
btm,7800,0.03461124985478818,0.008588015323039145,0.5293565094470978,0.09332932708784938,0.701568777859211,0.6235446408390999,0.494745259732008,0.7090330719947815,0.0001,4,2017.06785061389,0.4074592590332031,,,,,,,,,,,,,,,,,,,,,,,,,,,,,,,,,,,,,,,,,,,,,,,,,,,,,
btm,7810,0.033281895844265816,0.008451431698631495,0.5361684076488018,0.08743038661777973,0.7066554427146912,0.6244439408183098,0.5028865113854408,0.7150672674179077,0.0001,4,2010.852574859561,0.4074592590332031,,,,,,,,,,,,,,,,,,,,,,,,,,,,,,,,,,,,,,,,,,,,,,,,,,,,,
btm,7820,0.01678997727576643,0.008726288820616901,0.5621519729495048,0.08866711407899856,0.7349949449300766,0.6516917139291764,0.5453619927167892,0.7015261650085449,0.0001,4,1946.1497436844347,0.4074592590332031,,,,,,,,,,,,,,,,,,,,,,,,,,,,,,,,,,,,,,,,,,,,,,,,,,,,,
btm,7830,0.014898567809723318,0.009314573486335576,0.5671672560274601,0.0976365864276886,0.7410699933767319,0.6657352901995182,0.5522686883807182,0.6920279860496521,0.0001,4,1927.1570680473517,0.4074592590332031,,,,,,,,,,,,,,,,,,,,,,,,,,,,,,,,,,,,,,,,,,,,,,,,,,,,,
btm,7840,0.032270565954968335,0.008646954712457956,0.5214178577065468,0.08945376914925873,0.6975051492452622,0.6117363199591637,0.48914729356765746,0.7634828090667725,0.0001,4,2019.4537095735504,0.4074592590332031,,,,,,,,,,,,,,,,,,,,,,,,,,,,,,,,,,,,,,,,,,,,,,,,,,,,,
btm,7850,0.040463777352124454,0.008904639596585185,0.5297324851155281,0.10399817889556288,0.6963238105177879,0.634621125459671,0.48926871046423914,0.7021365761756897,0.0001,4,2030.1359112781547,0.4074592590332031,,,,,,,,,,,,,,,,,,,,,,,,,,,,,,,,,,,,,,,,,,,,,,,,,,,,,
btm,7860,0.022076406236737966,0.008757263701409102,0.5553774476051331,0.08616773150861264,0.7277268543839455,0.6424209035933017,0.5333010405302048,0.732416033744812,0.0001,4,2038.1300839787762,0.4074592590332031,,,,,,,,,,,,,,,,,,,,,,,,,,,,,,,,,,,,,,,,,,,,,,,,,,,,,
btm,7870,0.014801330189220608,0.008572324959095568,0.5711063466966152,0.0822103860322386,0.7418286383152009,0.6541739590466022,0.556305019557476,0.8497911095619202,0.0001,4,1961.2992843629058,0.4074592590332031,,,,,,,,,,,,,,,,,,,,,,,,,,,,,,,,,,,,,,,,,,,,,,,,,,,,,
btm,7880,0.02230844502337277,0.008463073789607733,0.51805614605546,0.08477984378114342,0.7027929574251175,0.6036822982132435,0.49574769884347913,0.5652757883071899,0.0001,4,1941.4949199799655,0.4074592590332031,,,,,,,,,,,,,,,,,,,,,,,,,,,,,,,,,,,,,,,,,,,,,,,,,,,,,
btm,7890,0.030932630179449916,0.008517202083021402,0.5062445305287838,0.09384571323171258,0.6866144448518753,0.6009419620037079,0.4753119006752968,0.70452880859375,0.0001,4,1937.1183955454553,0.4074592590332031,,,,,,,,,,,,,,,,,,,,,,,,,,,,,,,,,,,,,,,,,,,,,,,,,,,,,
btm,7900,0.02394991652108729,0.008643029374070466,0.5330079048871994,0.08161922735162079,0.7107295155525207,0.6154914326965809,0.5090579867362977,0.7444459795951843,0.0001,4,1849.096967864998,0.4074592590332031,,,,,,,,,,,,,,,,,,,,,,,,,,,,,,,,,,,,,,,,,,,,,,,,,,,,,
btm,7910,0.015232802950777113,0.008706772257573903,0.5620209679007531,0.08183627333492041,0.7378279522061348,0.6447279162704944,0.546788165718317,0.6597239971160889,0.0001,4,1939.3227881797332,0.4074592590332031,,,,,,,,,,,,,,,,,,,,,,,,,,,,,,,,,,,,,,,,,,,,,,,,,,,,,
btm,7920,0.02071325310971588,0.008849331422243267,0.5258071452379227,0.08999273153021932,0.7080607742071152,0.6166848093271255,0.5050938941538334,0.5879561305046082,0.0001,4,1856.840654843513,0.4074592590332031,,,,,,,,,,,,,,,,,,,,,,,,,,,,,,,,,,,,,,,,,,,,,,,,,,,,,
btm,7930,0.033767806552350524,0.00827982861083001,0.4931676104664803,0.0797721253708005,0.675850884616375,0.5737677171826363,0.4593998081982136,0.6259039044380188,0.0001,4,1955.5981957625218,0.4074592590332031,,,,,,,,,,,,,,,,,,,,,,,,,,,,,,,,,,,,,,,,,,,,,,,,,,,,,
btm,7940,0.024241745052859188,0.008113260753452778,0.5220453381538391,0.08439562199637293,0.7038061305880546,0.6072522893548011,0.4978035897016525,0.5652120113372803,0.0001,4,1950.4049826256107,0.4074592590332031,,,,,,,,,,,,,,,,,,,,,,,,,,,,,,,,,,,,,,,,,,,,,,,,,,,,,
btm,7950,0.014861752255819738,0.008719141012988985,0.5624868050217628,0.09310487834736705,0.7382279023528099,0.6564635992050171,0.5476250499486923,0.6529331207275391,0.0001,4,1958.7678490231358,0.4074592590332031,,,,,,,,,,,,,,,,,,,,,,,,,,,,,,,,,,,,,,,,,,,,,,,,,,,,,
btm,7960,0.018866382422856987,0.008088723197579384,0.5558592177927494,0.08279370637610554,0.7278892084956169,0.6394617974758148,0.5369928352534771,0.6976593136787415,0.0001,4,1935.719328835929,0.4074592590332031,,,,,,,,,,,,,,,,,,,,,,,,,,,,,,,,,,,,,,,,,,,,,,,,,,,,,
btm,7970,0.032237227400764824,0.007969149528071285,0.5095669113099575,0.08196236984804273,0.6881011724472046,0.5923261910676956,0.4773296855390072,0.8204382061958313,0.0001,4,1851.8498825266902,0.4074592590332031,,,,,,,,,,,,,,,,,,,,,,,,,,,,,,,,,,,,,,,,,,,,,,,,,,,,,
btm,7980,0.02570294919423759,0.008642442768905311,0.5222297348082066,0.07767710881307721,0.7026704967021942,0.6007710918784142,0.4965267851948738,0.5721576809883118,0.0001,4,1803.4712008335418,0.4074592590332031,,,,,,,,,,,,,,,,,,,,,,,,,,,,,,,,,,,,,,,,,,,,,,,,,,,,,
btm,7990,0.01565102133899927,0.009005735430400818,0.5499061658978462,0.09112217174842954,0.729364450275898,0.6419289097189903,0.5342551477253437,0.6250410079956055,0.0001,4,1826.7805509615284,0.4074592590332031,,,,,,,,,,,,,,,,,,,,,,,,,,,,,,,,,,,,,,,,,,,,,,,,,,,,,
btm,8000,0.01743915183469653,0.009007114777341485,0.5510008692741394,0.09940437292680145,0.7283287718892097,0.6513059467077256,0.5335617177188396,0.7528144717216492,0.0001,4,1856.8323512614015,0.4074592590332031,,,,,,,,,,,,,,,,,,,,,,,,,,,,,,,,,,,,,,,,,,,,,,,,,,,,,
btm,8000,,,,,,,,,,,,,0.02765263174660504,0.007068547740345821,0.41429444774985313,0.07012963958550245,0.6204286813735962,0.4851309359073639,0.38664181530475616,0.2720533087849617,0.13538622949272394,0.0,,,,,,,,,,,,,,,,,,,,,,,,,,,,,,,,,,,,,,,,,,,
btm,8000,,,,,,,,,,,,,,,,,,,,,,,0.4,8,20,0.21880396741419272,0.613422057684794,60.430376602336764,1119.4757366087288,1139.3429808318615,0.1319983055209741,0.211028457172215,0.21268066469675456,665600,1,40,0.05,1,20,0.008881219432873136,0.23613589351256675,61.57139688171446,1141.8047529179603,1155.9897760860622,0.2869360564654926,0.3116980737634003,0.2591604764453876,665600,1,40,0.1,2,20,0.027865893984153206,0.30103820641179335,60.99593501724303,1130.4929481819272,1141.7420613579452,0.548132391636027,0.45254847935400905,0.28822827451886274,665600,1,40,0.18333333333333335
btm,8010,0.03076223353855312,0.008662130974698812,0.4785738781094551,0.08813832239247858,0.6664056539535522,0.5675784133374691,0.4478116475045681,0.6507200002670288,0.0001,4,6.3042696895842685,0.4074592590332031,,,,,,,,,,,,,,,,,,,,,,,,,,,,,,,,,,,,,,,,,,,,,,,,,,,,,
btm,8020,0.024904448073357344,0.008487464545760303,0.5170534282922745,0.08598616337403656,0.6994948387145996,0.6038883373141288,0.49214897975325583,0.6429179310798645,0.0001,4,1957.7318748009652,0.4074592590332031,,,,,,,,,,,,,,,,,,,,,,,,,,,,,,,,,,,,,,,,,,,,,,,,,,,,,
btm,8030,0.015612173359841108,0.008232262078672647,0.5327734187245369,0.08804294392466545,0.717338751256466,0.6216395780444145,0.5171612411737442,0.6459800004959106,0.0001,4,1966.4676070255498,0.4074592590332031,,,,,,,,,,,,,,,,,,,,,,,,,,,,,,,,,,,,,,,,,,,,,,,,,,,,,
btm,8040,0.020683710533194243,0.008308875234797597,0.4852485075592995,0.08220843775197864,0.6800940722227097,0.5682878345251083,0.464564798027277,0.6119134426116943,0.0001,4,1902.5724577410786,0.4074592590332031,,,,,,,,,,,,,,,,,,,,,,,,,,,,,,,,,,,,,,,,,,,,,,,,,,,,,
btm,8050,0.028662969218567015,0.008489202568307519,0.47302295491099355,0.08792393878102303,0.6654271855950356,0.5617958135902882,0.44435998499393464,0.7242534160614014,0.0001,4,1968.2654459654161,0.4074592590332031,,,,,,,,,,,,,,,,,,,,,,,,,,,,,,,,,,,,,,,,,,,,,,,,,,,,,
btm,8060,0.021728568291291595,0.008445386111270636,0.5349960535764694,0.09052576934918762,0.7139492094516754,0.6263663604855537,0.5132674850523472,0.694445013999939,0.0001,4,1970.9542668014376,0.4074592590332031,,,,,,,,,,,,,,,,,,,,,,,,,,,,,,,,,,,,,,,,,,,,,,,,,,,,,
btm,8070,0.01642453398089856,0.008658894000109284,0.500668740272522,0.0888248817063868,0.6936504513025283,0.5903595104813576,0.484244205057621,0.5716322064399719,0.0001,4,1907.972958453181,0.4074592590332031,,,,,,,,,,,,,,,,,,,,,,,,,,,,,,,,,,,,,,,,,,,,,,,,,,,,,
btm,8080,0.02177315908484161,0.009199028473813087,0.5133699648082256,0.0887371058575809,0.6983242198824883,0.6030269682407379,0.49159680902957914,0.6495679616928101,0.0001,4,1934.3223687110706,0.4074592590332031,,,,,,,,,,,,,,,,,,,,,,,,,,,,,,,,,,,,,,,,,,,,,,,,,,,,,
btm,8090,0.02423748644068837,0.008344191208016128,0.5152335897088051,0.09164680736139416,0.6984823107719421,0.6077148124575615,0.49099610447883607,0.6935739517211914,0.0001,4,1961.2598998929022,0.4074592590332031,,,,,,,,,,,,,,,,,,,,,,,,,,,,,,,,,,,,,,,,,,,,,,,,,,,,,
btm,8100,0.019566510710865258,0.008102352626156061,0.5148405604064464,0.08559894585050642,0.7011902794241905,0.6012497432529926,0.4952740490436554,0.7429124712944031,0.0001,4,1979.851861527104,0.4074592590332031,,,,,,,,,,,,,,,,,,,,,,,,,,,,,,,,,,,,,,,,,,,,,,,,,,,,,
btm,8110,0.01674597985111177,0.008258166955783963,0.5201838687062263,0.08783107614144683,0.7082011580467225,0.608840761333704,0.5034378856420517,0.6120223999023438,0.0001,4,1984.2593196738408,0.4074592590332031,,,,,,,,,,,,,,,,,,,,,,,,,,,,,,,,,,,,,,,,,,,,,,,,,,,,,
btm,8120,0.024374272814020513,0.00857845472637564,0.515409903228283,0.08736491994932294,0.6955109283328056,0.6036326654255391,0.4910356283187866,0.5295475125312805,0.0001,4,1984.5933085525091,0.4074592590332031,,,,,,,,,,,,,,,,,,,,,,,,,,,,,,,,,,,,,,,,,,,,,,,,,,,,,
btm,8130,0.025891628582030535,0.008240726147778332,0.5075490683317184,0.0838226018473506,0.6908081740140914,0.5921957418322563,0.4816574402153492,0.6510419845581055,0.0001,4,1946.988972254921,0.4074592590332031,,,,,,,,,,,,,,,,,,,,,,,,,,,,,,,,,,,,,,,,,,,,,,,,,,,,,
btm,8140,0.015076317451894283,0.009452488610986621,0.5572821415960789,0.09145793430507183,0.7346451789140701,0.6496853262186051,0.5422058284282685,0.6489114165306091,0.0001,4,1982.0546410592563,0.4074592590332031,,,,,,,,,,,,,,,,,,,,,,,,,,,,,,,,,,,,,,,,,,,,,,,,,,,,,
btm,8150,0.014106416166760028,0.008206913608592003,0.5691684938967227,0.08252025013789535,0.7431672587990761,0.6525094360113144,0.5550620786845684,0.6024978756904602,0.0001,4,1921.932663664657,0.4074592590332031,,,,,,,,,,,,,,,,,,,,,,,,,,,,,,,,,,,,,,,,,,,,,,,,,,,,,
btm,8160,0.03148548575118184,0.007992052449844777,0.5197695150971413,0.08814279399812222,0.6953438997268677,0.6087115205824375,0.4882840260863304,0.6153569221496582,0.0001,4,1743.169927816945,0.4074592590332031,,,,,,,,,,,,,,,,,,,,,,,,,,,,,,,,,,,,,,,,,,,,,,,,,,,,,
btm,8170,0.03607152812182903,0.008586127334274352,0.5076662734150886,0.08554249294102192,0.6842707976698875,0.5940673813223839,0.47159474790096284,0.7657433748245239,0.0001,4,1852.0482255900745,0.4074592590332031,,,,,,,,,,,,,,,,,,,,,,,,,,,,,,,,,,,,,,,,,,,,,,,,,,,,,
btm,8180,0.015288910223171115,0.008383283612783999,0.5614381529390812,0.08601741334423423,0.7372285559773445,0.6482938952744007,0.5461492411792278,0.6341487169265747,0.0001,4,1958.9403024902228,0.4074592590332031,,,,,,,,,,,,,,,,,,,,,,,,,,,,,,,,,,,,,,,,,,,,,,,,,,,,,
btm,8190,0.01224519384559244,0.008413107809610664,0.5713352106511593,0.09100026329979301,0.7457536295056343,0.663176779448986,0.559090019762516,0.537186861038208,0.0001,4,1784.3485865339405,0.4074592590332031,,,,,,,,,,,,,,,,,,,,,,,,,,,,,,,,,,,,,,,,,,,,,,,,,,,,,
btm,8200,0.03290242776274681,0.008399544877465814,0.5002153575420379,0.08712707478553057,0.6817012533545495,0.5881823889911175,0.46731293201446533,0.7174509763717651,0.0001,4,1850.7287341892916,0.4074592590332031,,,,,,,,,,,,,,,,,,,,,,,,,,,,,,,,,,,,,,,,,,,,,,,,,,,,,
btm,8210,0.03859946862794459,0.008805942791514098,0.5145268313586712,0.09434173139743507,0.6876403734087944,0.6097491554915905,0.4759273648262024,0.7520405650138855,0.0001,4,1903.264049470707,0.4074592590332031,,,,,,,,,,,,,,,,,,,,,,,,,,,,,,,,,,,,,,,,,,,,,,,,,,,,,
btm,8220,0.015336133469827474,0.008524391322862358,0.600710105895996,0.08771959748119115,0.7628230422735214,0.6892821371555329,0.5853739716112614,0.5921101570129395,0.0001,4,1645.1860378184035,0.4074592590332031,,,,,,,,,,,,,,,,,,,,,,,,,,,,,,,,,,,,,,,,,,,,,,,,,,,,,
btm,8230,0.0166192322736606,0.008944858587346971,0.5884819470345974,0.09372996930032969,0.754451447725296,0.6831064075231552,0.5718627154827118,0.7058757543563843,0.0001,4,1781.596884305541,0.4074592590332031,,,,,,,,,,,,,,,,,,,,,,,,,,,,,,,,,,,,,,,,,,,,,,,,,,,,,
btm,8240,0.0461902832146734,0.008565134205855428,0.5255516842007637,0.09170277928933501,0.687590877711773,0.6181109771132469,0.47936139926314353,0.7561184167861938,0.0001,4,1941.5662028048303,0.4074592590332031,,,,,,,,,,,,,,,,,,,,,,,,,,,,,,,,,,,,,,,,,,,,,,,,,,,,,
btm,8250,0.03956129695288837,0.00821249969303608,0.5295822836458683,0.09599418323487044,0.6957106694579125,0.6263977095484734,0.49002098962664603,0.6727710962295532,0.0001,4,1986.1712851088507,0.4074592590332031,,,,,,,,,,,,,,,,,,,,,,,,,,,,,,,,,,,,,,,,,,,,,,,,,,,,,
btm,8260,0.014907661871984602,0.00806389469653368,0.5964004456996918,0.08605661476030946,0.760908217728138,0.6832634404301643,0.5814927823841571,0.5922845005989075,0.0001,4,1921.2666302801197,0.4074592590332031,,,,,,,,,,,,,,,,,,,,,,,,,,,,,,,,,,,,,,,,,,,,,,,,,,,,,
btm,8270,0.015155902015976608,0.008465862565208227,0.5550242580473423,0.09370699180290103,0.7329104378819465,0.6495778366923333,0.5398683547973633,0.5842594504356384,0.0001,4,1966.9346476006813,0.4074592590332031,,,,,,,,,,,,,,,,,,,,,,,,,,,,,,,,,,,,,,,,,,,,,,,,,,,,,
btm,8280,0.040061899833381175,0.008423141099046915,0.5371816642582417,0.09216355858370662,0.7027714639902115,0.6301875308156013,0.497119764983654,0.87381511926651,0.0001,4,1949.2018842764949,0.4074592590332031,,,,,,,,,,,,,,,,,,,,,,,,,,,,,,,,,,,,,,,,,,,,,,,,,,,,,
btm,8290,0.03915239004418254,0.008717201405670495,0.5101816557347775,0.0935221754014492,0.6840488016605377,0.6045755505561828,0.4710292674601078,0.893285870552063,0.0001,4,2003.0624042258455,0.4074592590332031,,,,,,,,,,,,,,,,,,,,,,,,,,,,,,,,,,,,,,,,,,,,,,,,,,,,,
btm,8300,0.01782761935610324,0.008241465839091688,0.533927933126688,0.08441536454483867,0.7152395769953728,0.6191674448549748,0.5161003157496452,0.6338152885437012,0.0001,4,2003.437026643583,0.4074592590332031,,,,,,,,,,,,,,,,,,,,,,,,,,,,,,,,,,,,,,,,,,,,,,,,,,,,,
btm,8310,0.015247092279605568,0.008411499962676316,0.5446737505495548,0.08154677944257856,0.726013645529747,0.6270616747438907,0.529426658898592,0.6210522055625916,0.0001,4,1944.3673484533851,0.4074592590332031,,,,,,,,,,,,,,,,,,,,,,,,,,,,,,,,,,,,,,,,,,,,,,,,,,,,,
btm,8320,0.023936769226565957,0.008589662506710737,0.5151883997023106,0.09004282373934984,0.6986354663968086,0.6060901880264282,0.4912516325712204,0.6907104849815369,0.0001,4,2031.1478161048844,0.4074592590332031,,,,,,,,,,,,,,,,,,,,,,,,,,,,,,,,,,,,,,,,,,,,,,,,,,,,,
btm,8330,0.034150001546368006,0.0089922214159742,0.5090897358953953,0.09289872497320176,0.6873140230774879,0.6028876811265945,0.47493973299860953,0.6722966432571411,0.0001,4,2020.5477134982189,0.4074592590332031,,,,,,,,,,,,,,,,,,,,,,,,,,,,,,,,,,,,,,,,,,,,,,,,,,,,,
btm,8340,0.023122620675712822,0.008461631229147315,0.49841051250696183,0.07850578147917986,0.686912652850151,0.5777624540030957,0.47528789192438126,0.5513567924499512,0.0001,4,1811.4612250055527,0.4074592590332031,,,,,,,,,,,,,,,,,,,,,,,,,,,,,,,,,,,,,,,,,,,,,,,,,,,,,
btm,8350,0.014710647286847234,0.008359000086784363,0.5335222162306309,0.08696646532043814,0.7183463394641876,0.6213245846331119,0.518811571598053,0.6556431651115417,0.0001,4,2027.4117937719666,0.4074592590332031,,,,,,,,,,,,,,,,,,,,,,,,,,,,,,,,,,,,,,,,,,,,,,,,,,,,,
btm,8360,0.021322874957695602,0.008163486060220748,0.501276434212923,0.08756323158740997,0.6911599487066269,0.5896560095250607,0.4799535572528839,0.7134277820587158,0.0001,4,2027.4231525468133,0.4074592590332031,,,,,,,,,,,,,,,,,,,,,,,,,,,,,,,,,,,,,,,,,,,,,,,,,,,,,
btm,8370,0.032386345649138094,0.008626867493148893,0.5037077367305756,0.09276099749840797,0.683896678686142,0.5973314188420773,0.4713213905692101,0.6441885232925415,0.0001,4,1889.5776352947546,0.4074592590332031,,,,,,,,,,,,,,,,,,,,,,,,,,,,,,,,,,,,,,,,,,,,,,,,,,,,,
btm,8380,0.020683402731083333,0.008653732063248754,0.5351051814854145,0.09096386497840285,0.7149269253015518,0.6269344158470631,0.5144217766821384,0.699877142906189,0.0001,4,1991.176348221588,0.4074592590332031,,,,,,,,,,,,,,,,,,,,,,,,,,,,,,,,,,,,,,,,,,,,,,,,,,,,,
btm,8390,0.013797627808526159,0.00848042209399864,0.5448536112904548,0.09291350287385285,0.726042640209198,0.6386151507496833,0.53105598539114,0.5119118094444275,0.0001,4,2001.6325527957472,0.4074592590332031,,,,,,,,,,,,,,,,,,,,,,,,,,,,,,,,,,,,,,,,,,,,,,,,,,,,,
btm,8400,0.023518784437328577,0.008500663482118398,0.5174720287322998,0.09351642979308963,0.7013425722718238,0.6118385165929794,0.49395324289798737,0.7366729378700256,0.0001,4,2008.8288506150616,0.4074592590332031,,,,,,,,,,,,,,,,,,,,,,,,,,,,,,,,,,,,,,,,,,,,,,,,,,,,,
btm,8410,0.03602490364573896,0.008060220011975617,0.4698830358684063,0.09389036763459443,0.6570402070879936,0.5645794279873371,0.4338581323623657,0.625009298324585,0.0001,4,2039.2468609914774,0.4074592590332031,,,,,,,,,,,,,,,,,,,,,,,,,,,,,,,,,,,,,,,,,,,,,,,,,,,,,
btm,8420,0.02116543296724558,0.008841508172918112,0.5239021845161915,0.0994530625641346,0.7060845628380775,0.6242393985390663,0.5027367495000362,0.6165786385536194,0.0001,4,1984.9928354413648,0.4074592590332031,,,,,,,,,,,,,,,,,,,,,,,,,,,,,,,,,,,,,,,,,,,,,,,,,,,,,
btm,8430,0.011902452097274363,0.008275784773286433,0.5737080998718739,0.09287492139264941,0.747670155763626,0.667410597205162,0.561805646121502,0.7819010615348816,0.0001,4,1998.0649133608526,0.4074592590332031,,,,,,,,,,,,,,,,,,,,,,,,,,,,,,,,,,,,,,,,,,,,,,,,,,,,,
btm,8440,0.022844776418060063,0.008236261946149171,0.5029334530234337,0.09502536673098802,0.6906177580356598,0.59878244176507,0.48008867651224135,0.6706080436706543,0.0001,4,1885.8017837257628,0.4074592590332031,,,,,,,,,,,,,,,,,,,,,,,,,,,,,,,,,,,,,,,,,,,,,,,,,,,,,
btm,8450,0.0384950902312994,0.008320918353274465,0.4972314268350601,0.09183165263384581,0.6752916738390923,0.5898951694369317,0.4587363384664059,1.0096248388290405,0.0001,4,1958.8482341899114,0.4074592590332031,,,,,,,,,,,,,,,,,,,,,,,,,,,,,,,,,,,,,,,,,,,,,,,,,,,,,
btm,8460,0.02276162155903876,0.008440239517949522,0.5196059748530388,0.09871566211804747,0.7027763098478317,0.619165661931038,0.496844357997179,0.6790149211883545,0.0001,4,1892.2985491249387,0.4074592590332031,,,,,,,,,,,,,,,,,,,,,,,,,,,,,,,,,,,,,,,,,,,,,,,,,,,,,
btm,8470,0.012374953576363623,0.008576095360331238,0.5749161094427109,0.08939416902139782,0.7477042689919472,0.6651678942143917,0.5625411562621594,0.6467230916023254,0.0001,4,1907.3326356158248,0.4074592590332031,,,,,,,,,,,,,,,,,,,,,,,,,,,,,,,,,,,,,,,,,,,,,,,,,,,,,
btm,8480,0.02337393332272768,0.008294581330846994,0.5245320834219456,0.08616730337962508,0.7047442555427551,0.6115288443863391,0.5011581495404244,1.4044606685638428,0.0001,4,1844.9858952009533,0.4074592590332031,,,,,,,,,,,,,,,,,,,,,,,,,,,,,,,,,,,,,,,,,,,,,,,,,,,,,
btm,8490,0.04178797220811248,0.008662962715607136,0.5342741645872593,0.0998366336338222,0.6970298886299133,0.6349770985543728,0.49248619228601453,0.9507930278778076,0.0001,4,1912.7299125332736,0.4074592590332031,,,,,,,,,,,,,,,,,,,,,,,,,,,,,,,,,,,,,,,,,,,,,,,,,,,,,
btm,8500,0.024924045149236917,0.008350758429151029,0.5214006632566452,0.08955684704706073,0.7016907811164856,0.6117925807833672,0.49647661969065665,0.6080374121665955,0.0001,4,1887.4916218162887,0.4074592590332031,,,,,,,,,,,,,,,,,,,,,,,,,,,,,,,,,,,,,,,,,,,,,,,,,,,,,
btm,8500,,,,,,,,,,,,,0.01636870898073539,0.007044935482554138,0.4345161784440279,0.067540513118729,0.6457548961043358,0.5027611907571554,0.4181474708020687,0.22684234520420432,0.10811624373309314,0.0,,,,,,,,,,,,,,,,,,,,,,,,,,,,,,,,,,,,,,,,,,,
btm,8510,0.0122940247412771,0.008310042624361812,0.5564895927906036,0.08857834916561842,0.7357546210289001,0.6458989456295967,0.5441955693066121,0.5979245901107788,0.0001,4,1014.3239130780785,0.4074592590332031,,,,,,,,,,,,,,,,,,,,,,,,,,,,,,,,,,,,,,,,,,,,,,,,,,,,,
btm,8520,0.016840772121213377,0.008309735625516623,0.5254122346639634,0.08618044285103679,0.7118921861052513,0.6124236494302749,0.5085714593529701,0.6557313203811646,0.0001,4,1890.7380321816354,0.4074592590332031,,,,,,,,,,,,,,,,,,,,,,,,,,,,,,,,,,,,,,,,,,,,,,,,,,,,,
btm,8530,0.03678505532443523,0.008768138370942324,0.49959783926606177,0.09442115798592568,0.6780052587389946,0.5948958076536656,0.46281278133392334,0.5815354585647583,0.0001,4,1882.9764759124907,0.4074592590332031,,,,,,,,,,,,,,,,,,,,,,,,,,,,,,,,,,,,,,,,,,,,,,,,,,,,,
btm,8540,0.03335909158922732,0.008308190060779453,0.533617352694273,0.08134761126711965,0.7024884894490242,0.6157957844436168,0.5002582609653473,0.641791820526123,0.0001,4,1859.5650423680713,0.4074592590332031,,,,,,,,,,,,,,,,,,,,,,,,,,,,,,,,,,,,,,,,,,,,,,,,,,,,,
btm,8550,0.01462155084591359,0.008351164776831866,0.5424165911972523,0.0888594443909824,0.7246929764747619,0.6321111530065536,0.5277950398623943,0.6810993552207947,0.0001,4,1820.1533740928955,0.4074592590332031,,,,,,,,,,,,,,,,,,,,,,,,,,,,,,,,,,,,,,,,,,,,,,,,,,,,,
btm,8560,0.014481649827212095,0.008799721708055586,0.5479624591767788,0.08159333216026425,0.7282073929905891,0.630435761064291,0.5334808081388474,0.6537392139434814,0.0001,4,1894.3609859757585,0.4074592590332031,,,,,,,,,,,,,,,,,,,,,,,,,,,,,,,,,,,,,,,,,,,,,,,,,,,,,
btm,8570,0.03422617418691516,0.008232260507065802,0.4921622522175312,0.08828440802171826,0.6738175332546235,0.5812698841094971,0.45793607607483866,0.6742455363273621,0.0001,4,1865.333956549266,0.4074592590332031,,,,,,,,,,,,,,,,,,,,,,,,,,,,,,,,,,,,,,,,,,,,,,,,,,,,,
btm,8580,0.03444811152294278,0.0082440240890719,0.5336864836513996,0.07457717685028911,0.7028227880597114,0.6090880677103996,0.49923837259411813,0.6231341361999512,0.0001,4,1923.9780733367568,0.4074592590332031,,,,,,,,,,,,,,,,,,,,,,,,,,,,,,,,,,,,,,,,,,,,,,,,,,,,,
btm,8590,0.016767648328095675,0.00844867512350902,0.552855035662651,0.08696404183283449,0.7283745035529137,0.6406639494001866,0.5360873863101006,0.7848964333534241,0.0001,4,1824.976915499481,0.4074592590332031,,,,,,,,,,,,,,,,,,,,,,,,,,,,,,,,,,,,,,,,,,,,,,,,,,,,,
btm,8600,0.014406353468075395,0.008848888415377587,0.5509199239313602,0.0976867400109768,0.7305629447102546,0.6494915530085563,0.5365135669708252,0.5974617004394531,0.0001,4,1888.0443368058045,0.4074592590332031,,,,,,,,,,,,,,,,,,,,,,,,,,,,,,,,,,,,,,,,,,,,,,,,,,,,,
btm,8610,0.025183461932465435,0.008535646263044327,0.5039511449635029,0.09902197606861592,0.6901858478784562,0.6038266830146313,0.47876768186688423,0.616661787033081,0.0001,4,1845.2696070457978,0.4074592590332031,,,,,,,,,,,,,,,,,,,,,,,,,,,,,,,,,,,,,,,,,,,,,,,,,,,,,
btm,8620,0.03930805278941989,0.00898862505564466,0.5130043618381024,0.09407141990959644,0.6858483612537384,0.6079746462404728,0.4736963078379631,0.6531524062156677,0.0001,4,2010.1524216115029,0.4074592590332031,,,,,,,,,,,,,,,,,,,,,,,,,,,,,,,,,,,,,,,,,,,,,,,,,,,,,
btm,8630,0.02292981240898371,0.008040949655696749,0.5270417593419552,0.07998657235875725,0.7073655560612678,0.6078324228525162,0.5041119463741779,0.5446500182151794,0.0001,4,1754.1099044448756,0.4074592590332031,,,,,,,,,,,,,,,,,,,,,,,,,,,,,,,,,,,,,,,,,,,,,,,,,,,,,
btm,8640,0.012730013951659203,0.008459251292515546,0.5455252476036548,0.09352198829874396,0.727447110414505,0.6398931629955769,0.5327952355146408,0.7488788366317749,0.0001,4,1801.0357616431054,0.4074592590332031,,,,,,,,,,,,,,,,,,,,,,,,,,,,,,,,,,,,,,,,,,,,,,,,,,,,,
btm,8650,0.0206539923325181,0.008358627650886774,0.5043404422700405,0.09575345823541284,0.6942442268133163,0.6009297601878643,0.48368645161390306,0.5559074282646179,0.0001,4,1981.022174347924,0.4074592590332031,,,,,,,,,,,,,,,,,,,,,,,,,,,,,,,,,,,,,,,,,,,,,,,,,,,,,
btm,8660,0.03766412232071161,0.008571811113506555,0.4775842383503914,0.09112397218123078,0.6590481042861939,0.5695653900504112,0.4399201162159443,0.9275124073028564,0.0001,4,1613.6931514169753,0.4074592590332031,,,,,,,,,,,,,,,,,,,,,,,,,,,,,,,,,,,,,,,,,,,,,,,,,,,,,
btm,8670,0.027450267784297468,0.008096017583739012,0.49095582142472266,0.08130952576175332,0.6786660254001617,0.5730749450623989,0.46350555419921874,0.576394259929657,0.0001,4,1961.865227305914,0.4074592590332031,,,,,,,,,,,,,,,,,,,,,,,,,,,,,,,,,,,,,,,,,,,,,,,,,,,,,
btm,8680,0.012424281635321676,0.00798114649951458,0.5424705028533936,0.09039123738184571,0.7262938499450684,0.6336598463356495,0.530046222358942,0.5913097262382507,0.0001,4,1803.067564363259,0.4074592590332031,,,,,,,,,,,,,,,,,,,,,,,,,,,,,,,,,,,,,,,,,,,,,,,,,,,,,
btm,8690,0.015284002432599664,0.008606263645924627,0.5336464777588844,0.09362216279841959,0.7185492992401123,0.6281292617321015,0.5183624744415283,0.7131698131561279,0.0001,4,1820.1407672943938,0.4074592590332031,,,,,,,,,,,,,,,,,,,,,,,,,,,,,,,,,,,,,,,,,,,,,,,,,,,,,
btm,8700,0.03612505537457764,0.008231306634843349,0.48184877038002016,0.08312457879073917,0.6655584186315536,0.5657964803278446,0.4457237146794796,0.6331499218940735,0.0001,4,1848.75260577705,0.4074592590332031,,,,,,,,,,,,,,,,,,,,,,,,,,,,,,,,,,,,,,,,,,,,,,,,,,,,,
btm,8710,0.0376321975607425,0.008695548970717937,0.5105165809392929,0.09067396498285234,0.6838251277804375,0.6020600959658623,0.4728843830525875,0.6321120262145996,0.0001,4,1473.9485858495632,0.4074592590332031,,,,,,,,,,,,,,,,,,,,,,,,,,,,,,,,,,,,,,,,,,,,,,,,,,,,,
btm,8720,0.017571958084590732,0.00840492316056043,0.5033585250377655,0.08630891744978726,0.6949321821331977,0.5905079357326031,0.48578656911849977,0.61897212266922,0.0001,4,1877.6680583019825,0.4074592590332031,,,,,,,,,,,,,,,,,,,,,,,,,,,,,,,,,,,,,,,,,,,,,,,,,,,,,
btm,8730,0.012342585227452218,0.008096848463173956,0.5208838976919651,0.08665094724856318,0.7119820728898049,0.6083445273339748,0.5085413150489331,0.5576789975166321,0.0001,4,1862.3398758917176,0.4074592590332031,,,,,,,,,,,,,,,,,,,,,,,,,,,,,,,,,,,,,,,,,,,,,,,,,,,,,
btm,8740,0.02452521217055619,0.008482807350810617,0.5066008351743221,0.09488905593752861,0.692747101187706,0.602338170260191,0.48207562491297723,0.7424699664115906,0.0001,4,1468.1901760275787,0.4074592590332031,,,,,,,,,,,,,,,,,,,,,,,,,,,,,,,,,,,,,,,,,,,,,,,,,,,,,
btm,8750,0.033836370380595324,0.008330295432824642,0.49205812215805056,0.09528290275484323,0.6738994628190994,0.5881740547716617,0.45822175219655037,0.9886206984519958,0.0001,4,1846.6418514127176,0.4074592590332031,,,,,,,,,,,,,,,,,,,,,,,,,,,,,,,,,,,,,,,,,,,,,,,,,,,,,
btm,8760,0.022243495914153755,0.008210542309097946,0.50815851688385,0.08503895937465131,0.6952853053808212,0.5940185278654099,0.4859150230884552,0.577905535697937,0.0001,4,1928.1086948016605,0.4074592590332031,,,,,,,,,,,,,,,,,,,,,,,,,,,,,,,,,,,,,,,,,,,,,,,,,,,,,
btm,8770,0.014511005696840584,0.008410355797968805,0.5246014967560768,0.09484469965100288,0.71307452917099,0.6202872343361377,0.5100904978811741,0.5365860462188721,0.0001,4,1961.0117010595363,0.4074592590332031,,,,,,,,,,,,,,,,,,,,,,,,,,,,,,,,,,,,,,,,,,,,,,,,,,,,,
btm,8780,0.021448729536496104,0.00849367204355076,0.4995241552591324,0.09286676957271993,0.6896577641367913,0.5932402931153774,0.47807542607188225,0.7024677991867065,0.0001,4,1843.782031204365,0.4074592590332031,,,,,,,,,,,,,,,,,,,,,,,,,,,,,,,,,,,,,,,,,,,,,,,,,,,,,
btm,8790,0.031591932848095895,0.008486907614860683,0.4824023820459843,0.0989246272481978,0.6691296011209488,0.582175700366497,0.4508104473352432,0.5730426907539368,0.0001,4,1970.745040329402,0.4074592590332031,,,,,,,,,,,,,,,,,,,,,,,,,,,,,,,,,,,,,,,,,,,,,,,,,,,,,
btm,8800,0.019391737901605664,0.008704880566801876,0.524421937763691,0.09574410934001207,0.7086760804057122,0.6210365302860736,0.5050302028656006,0.7907586097717285,0.0001,4,1994.0785553554604,0.4074592590332031,,,,,,,,,,,,,,,,,,,,,,,,,,,,,,,,,,,,,,,,,,,,,,,,,,,,,
btm,8810,0.010869994456879795,0.008772333152592182,0.581706041842699,0.0930749491788447,0.7531420335173606,0.6756582252681256,0.5708360455930233,0.7493817210197449,0.0001,4,1874.7361326585174,0.4074592590332031,,,,,,,,,,,,,,,,,,,,,,,,,,,,,,,,,,,,,,,,,,,,,,,,,,,,,
btm,8820,0.021450544032268225,0.008899939816910774,0.5198253005743027,0.09245629701763391,0.7047029957175255,0.6131715916097165,0.4983747564256191,0.598484456539154,0.0001,4,1994.8465839389864,0.4074592590332031,,,,,,,,,,,,,,,,,,,,,,,,,,,,,,,,,,,,,,,,,,,,,,,,,,,,,
btm,8830,0.04282380407676101,0.00899126441217959,0.47114928513765336,0.08393081203103066,0.6524346590042114,0.5559792190790176,0.4283254832029343,0.6382845044136047,0.0001,4,2009.4493124803384,0.4074592590332031,,,,,,,,,,,,,,,,,,,,,,,,,,,,,,,,,,,,,,,,,,,,,,,,,,,,,
btm,8840,0.028647448960691692,0.008547410205937921,0.4984904617071152,0.08871832164004445,0.6829757079482078,0.5880635268986225,0.469843015819788,0.7336643934249878,0.0001,4,1912.6628660626839,0.4074592590332031,,,,,,,,,,,,,,,,,,,,,,,,,,,,,,,,,,,,,,,,,,,,,,,,,,,,,
btm,8850,0.012443997943773866,0.008549404062796384,0.5309446021914482,0.08697019731625914,0.7184103190898895,0.6187697395682334,0.518500604480505,0.5566186904907227,0.0001,4,1955.4132544132551,0.4074592590332031,,,,,,,,,,,,,,,,,,,,,,,,,,,,,,,,,,,,,,,,,,,,,,,,,,,,,
btm,8860,0.015112042753025889,0.00884406422264874,0.538737141340971,0.09675627257674932,0.7215844616293907,0.6363778218626976,0.5236250966787338,0.5761122107505798,0.0001,4,1855.8131303365094,0.4074592590332031,,,,,,,,,,,,,,,,,,,,,,,,,,,,,,,,,,,,,,,,,,,,,,,,,,,,,
btm,8870,0.032129432912915944,0.008537095645442605,0.4972249045968056,0.09167344830930232,0.6792841464281082,0.5897520549595356,0.46509546861052514,0.7827778458595276,0.0001,4,1945.207991490454,0.4074592590332031,,,,,,,,,,,,,,,,,,,,,,,,,,,,,,,,,,,,,,,,,,,,,,,,,,,,,
btm,8880,0.030084332544356586,0.008552171871997416,0.4901440627872944,0.09156816862523556,0.6764897093176842,0.5825674414634705,0.46005972698330877,0.6609153747558594,0.0001,4,1669.1835346877817,0.4074592590332031,,,,,,,,,,,,,,,,,,,,,,,,,,,,,,,,,,,,,,,,,,,,,,,,,,,,,
btm,8890,0.016055980580858886,0.0081879006116651,0.542362304776907,0.0881908068433404,0.722825376689434,0.6313718996942044,0.526306326687336,0.565861165523529,0.0001,4,1812.0976957826274,0.4074592590332031,,,,,,,,,,,,,,,,,,,,,,,,,,,,,,,,,,,,,,,,,,,,,,,,,,,,,
btm,8900,0.01446486753411591,0.008633408322930336,0.5670263029634952,0.08922625631093979,0.7419299989938736,0.6571159049868583,0.5525614373385906,0.6456435322761536,0.0001,4,1749.1430212138964,0.4074592590332031,,,,,,,,,,,,,,,,,,,,,,,,,,,,,,,,,,,,,,,,,,,,,,,,,,,,,
btm,8910,0.028865466266870497,0.008036045264452696,0.5087938971817494,0.08550582155585289,0.6899752661585807,0.595103320479393,0.47992843240499494,0.7913306355476379,0.0001,4,1791.6870047894672,0.4074592590332031,,,,,,,,,,,,,,,,,,,,,,,,,,,,,,,,,,,,,,,,,,,,,,,,,,,,,
btm,8920,0.039229312492534515,0.00785906685050577,0.4717730313539505,0.08719471590593457,0.65522171407938,0.5597536519169808,0.4325437158346176,0.8465180397033691,0.0001,4,1633.984708178702,0.4074592590332031,,,,,,,,,,,,,,,,,,,,,,,,,,,,,,,,,,,,,,,,,,,,,,,,,,,,,
btm,8930,0.019359674770385027,0.008485520584508776,0.5157817080616951,0.08165222322568297,0.7024255082011223,0.5982824817299843,0.49642203748226166,0.597541332244873,0.0001,4,1588.741619896342,0.4074592590332031,,,,,,,,,,,,,,,,,,,,,,,,,,,,,,,,,,,,,,,,,,,,,,,,,,,,,
btm,8940,0.011574819311499595,0.00869774097809568,0.5534205287694931,0.09008591538295149,0.7335167557001114,0.6443762183189392,0.5418457128107548,0.6514362692832947,0.0001,4,1675.9178034489216,0.4074592590332031,,,,,,,,,,,,,,,,,,,,,,,,,,,,,,,,,,,,,,,,,,,,,,,,,,,,,
btm,8950,0.021755137108266355,0.00834268812322989,0.49844026416540144,0.08358680428937078,0.6888267353177071,0.5828613385558128,0.4766851283609867,0.5992512106895447,0.0001,4,1927.632536875152,0.4074592590332031,,,,,,,,,,,,,,,,,,,,,,,,,,,,,,,,,,,,,,,,,,,,,,,,,,,,,
btm,8960,0.03460792237892747,0.008016756630968302,0.4827867366373539,0.08521882584318519,0.6660540640354157,0.5688072353601455,0.4481788150966167,0.8608776926994324,0.0001,4,1920.4715909282088,0.4074592590332031,,,,,,,,,,,,,,,,,,,,,,,,,,,,,,,,,,,,,,,,,,,,,,,,,,,,,
btm,8970,0.02540272050537169,0.008241984888445585,0.5120860077440739,0.08632433926686645,0.6927072763442993,0.5992345429956913,0.4866832859814167,0.8572448492050171,0.0001,4,1811.6755452098744,0.4074592590332031,,,,,,,,,,,,,,,,,,,,,,,,,,,,,,,,,,,,,,,,,,,,,,,,,,,,,
btm,8980,0.014227087516337633,0.008261691534426064,0.5131767384707928,0.08678415743634105,0.7047523811459542,0.6007870592176914,0.49894965440034866,0.6316145062446594,0.0001,4,1878.3476769084882,0.4074592590332031,,,,,,,,,,,,,,,,,,,,,,,,,,,,,,,,,,,,,,,,,,,,,,,,,,,,,
btm,8990,0.01627275685314089,0.008319227397441864,0.5233176857233047,0.09193627685308456,0.7103978246450424,0.6160858817398548,0.5070449285209179,0.6271221041679382,0.0001,4,1824.4659436890972,0.4074592590332031,,,,,,,,,,,,,,,,,,,,,,,,,,,,,,,,,,,,,,,,,,,,,,,,,,,,,
btm,9000,0.02935221241787076,0.008327153918799013,0.4899663753807545,0.09399540312588214,0.6760936856269837,0.5847944907844067,0.4606141664087772,0.6798165440559387,0.0001,4,1933.9001498249331,0.4074592590332031,,,,,,,,,,,,,,,,,,,,,,,,,,,,,,,,,,,,,,,,,,,,,,,,,,,,,
btm,9000,,,,,,,,,,,,,0.031507023493759334,0.007170690019847825,0.3937043100595474,0.06558692816179246,0.6002292670309544,0.4600083027034998,0.3621972855180502,0.21770917531102896,0.11277254205197096,0.0,,,,,,,,,,,,,,,,,,,,,,,,,,,,,,,,,,,,,,,,,,,
btm,9000,,,,,,,,,,,,,,,,,,,,,,,0.25,5,20,0.11186005278940309,0.4687050099580636,61.12607042491436,1130.7756167836487,1164.9142254143953,0.1173927692649886,0.19565687463618814,0.19609277851115434,665600,1,40,0.05,1,20,0.008881219432873136,0.23613589351256675,60.35608892887831,1117.7024996839464,1125.3411215730011,0.24808152307814452,0.2902660803869367,0.25537417855782385,665600,1,40,0.05,1,20,0.008881219432873136,0.23613589351256675,61.14864785410464,1131.4318326767534,1151.713368948549,0.535465423790738,0.4588812388945371,0.30247755567423806,665600,1,40,0.11666666666666665
btm,9010,0.026494096918031573,0.008460130437742918,0.49097242653369905,0.09343807650730014,0.6800121515989304,0.5852565124630928,0.4644783318042755,0.685178279876709,0.0001,4,6.294917296468164,0.4074592590332031,,,,,,,,,,,,,,,,,,,,,,,,,,,,,,,,,,,,,,,,,,,,,,,,,,,,,
btm,9020,0.014945171028375625,0.008615526044741273,0.5258523464202881,0.0896496488712728,0.7125187188386917,0.6163635417819023,0.5109071724116803,0.5619332790374756,0.0001,4,1915.4366984338446,0.4074592590332031,,,,,,,,,,,,,,,,,,,,,,,,,,,,,,,,,,,,,,,,,,,,,,,,,,,,,
btm,9030,0.01647831709124148,0.008510229247622191,0.49562729224562646,0.09644452081993223,0.688732759654522,0.5929228320717812,0.47914897575974463,0.595798909664154,0.0001,4,1954.3770172476961,0.4074592590332031,,,,,,,,,,,,,,,,,,,,,,,,,,,,,,,,,,,,,,,,,,,,,,,,,,,,,
btm,9040,0.026065910374745725,0.008689225802663713,0.4937283620238304,0.09258454851806164,0.6812297061085701,0.5871818363666534,0.4676624499261379,0.6935666799545288,0.0001,4,1990.0756020477027,0.4074592590332031,,,,,,,,,,,,,,,,,,,,,,,,,,,,,,,,,,,,,,,,,,,,,,,,,,,,,
btm,9050,0.024848664272576572,0.008190356299746782,0.466700068116188,0.09069278743118048,0.6614363014698028,0.5582118913531303,0.44185140207409856,0.6639399528503418,0.0001,4,2018.5832428033566,0.4074592590332031,,,,,,,,,,,,,,,,,,,,,,,,,,,,,,,,,,,,,,,,,,,,,,,,,,,,,
btm,9060,0.015608650422655046,0.008322417095769197,0.495457848161459,0.08856441183015704,0.6900775760412217,0.5848544999957085,0.4798491969704628,0.664430558681488,0.0001,4,1909.2055956452734,0.4074592590332031,,,,,,,,,,,,,,,,,,,,,,,,,,,,,,,,,,,,,,,,,,,,,,,,,,,,,
btm,9070,0.015733312349766493,0.008759025449398905,0.5169142186641693,0.08865744532085955,0.7052011355757714,0.6064475625753403,0.5011809036135674,0.7157760858535767,0.0001,4,1903.0671285760352,0.4074592590332031,,,,,,,,,,,,,,,,,,,,,,,,,,,,,,,,,,,,,,,,,,,,,,,,,,,,,
btm,9080,0.022641184786334635,0.007923772709909826,0.46453589424490926,0.08796006720513105,0.6622876062989235,0.5532883435487748,0.4418947085738182,0.5703567862510681,0.0001,4,1874.3497886714526,0.4074592590332031,,,,,,,,,,,,,,,,,,,,,,,,,,,,,,,,,,,,,,,,,,,,,,,,,,,,,
btm,9090,0.024070977326482536,0.008790603035595267,0.4575375601649284,0.09011667212471366,0.656944316625595,0.5485332950949668,0.43346658274531363,0.5920147895812988,0.0001,4,1943.2483112175457,0.4074592590332031,,,,,,,,,,,,,,,,,,,,,,,,,,,,,,,,,,,,,,,,,,,,,,,,,,,,,
btm,9100,0.01619634109083563,0.008236755628604441,0.499373321980238,0.0757691158913076,0.6930629879236221,0.5759661078453064,0.48317698016762733,1.2373242378234863,0.0001,4,1899.244871016592,0.4074592590332031,,,,,,,,,,,,,,,,,,,,,,,,,,,,,,,,,,,,,,,,,,,,,,,,,,,,,
btm,9110,0.013503402145579458,0.008451100997626781,0.5274246141314507,0.08906201152130962,0.7154739946126938,0.617331737279892,0.5139212146401405,0.7492033243179321,0.0001,4,1985.4400188528095,0.4074592590332031,,,,,,,,,,,,,,,,,,,,,,,,,,,,,,,,,,,,,,,,,,,,,,,,,,,,,
btm,9120,0.021005803300067783,0.008441880764439701,0.4981338568031788,0.09304084004834294,0.6884999424219131,0.5920188836753368,0.47712805271148684,0.6110453605651855,0.0001,4,1930.3239201460487,0.4074592590332031,,,,,,,,,,,,,,,,,,,,,,,,,,,,,,,,,,,,,,,,,,,,,,,,,,,,,
btm,9130,0.03248677514493466,0.008971414889674633,0.45662590861320496,0.07688979073427618,0.6488653808832169,0.5344128347933292,0.42413913309574125,0.6809011697769165,0.0001,4,1900.8043726534106,0.4074592590332031,,,,,,,,,,,,,,,,,,,,,,,,,,,,,,,,,,,,,,,,,,,,,,,,,,,,,
btm,9140,0.018225512001663446,0.008544976718258112,0.5328048758208752,0.08287893058732151,0.7150999411940575,0.6165383040904999,0.5145793624222279,0.638600766658783,0.0001,4,1911.8759246287145,0.4074592590332031,,,,,,,,,,,,,,,,,,,,,,,,,,,,,,,,,,,,,,,,,,,,,,,,,,,,,
btm,9150,0.010695415223017335,0.008374598913360388,0.5895043604075909,0.08644414246082306,0.7590737253427505,0.6767859652638435,0.5788089461624623,0.5778670907020569,0.0001,4,1782.567683322406,0.4074592590332031,,,,,,,,,,,,,,,,,,,,,,,,,,,,,,,,,,,,,,,,,,,,,,,,,,,,,
btm,9160,0.02141827254090458,0.008169738622382284,0.5151052556931972,0.08329006675630808,0.6997215956449508,0.5992122933268547,0.49368698075413703,0.8668954372406006,0.0001,4,1878.854471095117,0.4074592590332031,,,,,,,,,,,,,,,,,,,,,,,,,,,,,,,,,,,,,,,,,,,,,,,,,,,,,
btm,9170,0.04289866890758276,0.008462423318997025,0.4843456156551838,0.08648979384452105,0.6600800126791,0.571681658923626,0.44144694954156877,0.6780440807342529,0.0001,4,1878.5371733859631,0.4074592590332031,,,,,,,,,,,,,,,,,,,,,,,,,,,,,,,,,,,,,,,,,,,,,,,,,,,,,
btm,9180,0.027588130021467806,0.008375405229162424,0.4682891495525837,0.091529162786901,0.661527456343174,0.5606558516621589,0.44070101976394654,0.5645719170570374,0.0001,4,1911.237747904887,0.4074592590332031,,,,,,,,,,,,,,,,,,,,,,,,,,,,,,,,,,,,,,,,,,,,,,,,,,,,,
btm,9190,0.01431694058701396,0.008491600421257317,0.5023011475801468,0.08482418581843376,0.6958843156695366,0.587974487990141,0.4879842042922974,0.5928119421005249,0.0001,4,1815.1658040064237,0.4074592590332031,,,,,,,,,,,,,,,,,,,,,,,,,,,,,,,,,,,,,,,,,,,,,,,,,,,,,
btm,9200,0.016963131702505053,0.008664898213464767,0.5061520308256149,0.08380505284294486,0.6964398086071014,0.5908235780894756,0.4891888968646526,0.535871684551239,0.0001,4,1905.7720269023512,0.4074592590332031,,,,,,,,,,,,,,,,,,,,,,,,,,,,,,,,,,,,,,,,,,,,,,,,,,,,,
btm,9210,0.026187810581177473,0.008207842032425106,0.4665504977107048,0.0811796669382602,0.6618853017687798,0.5485509499907494,0.4403626874089241,0.7934467196464539,0.0001,4,1891.03440870627,0.4074592590332031,,,,,,,,,,,,,,,,,,,,,,,,,,,,,,,,,,,,,,,,,,,,,,,,,,,,,
btm,9220,0.025820374488830566,0.00856654072413221,0.48107282295823095,0.09427522430196404,0.6724740132689476,0.5762047037482262,0.4552524469792843,0.7610588669776917,0.0001,4,1916.4379060271087,0.4074592590332031,,,,,,,,,,,,,,,,,,,,,,,,,,,,,,,,,,,,,,,,,,,,,,,,,,,,,
btm,9230,0.01860058787278831,0.008778716856613755,0.5058188304305077,0.0948464029468596,0.6957826271653176,0.6015431031584739,0.48721824362874033,0.6941596269607544,0.0001,4,1676.082263875601,0.4074592590332031,,,,,,,,,,,,,,,,,,,,,,,,,,,,,,,,,,,,,,,,,,,,,,,,,,,,,
btm,9240,0.015955112269148232,0.008920825214590877,0.4914583832025528,0.09742072010412813,0.6875436767935753,0.5897711850702763,0.4755032740533352,0.6537368893623352,0.0001,4,1871.127638538779,0.4074592590332031,,,,,,,,,,,,,,,,,,,,,,,,,,,,,,,,,,,,,,,,,,,,,,,,,,,,,
btm,9250,0.01983664999715984,0.008367555949371308,0.46238225400447847,0.08857025196775795,0.6638609319925308,0.5517892636358738,0.44254560247063635,0.6284933686256409,0.0001,4,1795.764833459731,0.4074592590332031,,,,,,,,,,,,,,,,,,,,,,,,,,,,,,,,,,,,,,,,,,,,,,,,,,,,,
btm,9260,0.020600724732503295,0.008382610778789967,0.4710062250494957,0.08930750731378793,0.6696278095245362,0.5611519902944565,0.4504054971039295,0.6058959364891052,0.0001,4,1892.661082906733,0.4074592590332031,,,,,,,,,,,,,,,,,,,,,,,,,,,,,,,,,,,,,,,,,,,,,,,,,,,,,
btm,9270,0.01928144539706409,0.008840204030275346,0.4953712083399296,0.09678905997425317,0.6880524083971977,0.5930442914366723,0.4760897606611252,0.643179178237915,0.0001,4,1806.6638424096334,0.4074592590332031,,,,,,,,,,,,,,,,,,,,,,,,,,,,,,,,,,,,,,,,,,,,,,,,,,,,,
btm,9280,0.0168058299459517,0.00848234771983698,0.49993978142738343,0.08731949664652347,0.6937600538134575,0.5881075166165829,0.48313395231962203,0.5504719614982605,0.0001,4,1868.6010036416162,0.4074592590332031,,,,,,,,,,,,,,,,,,,,,,,,,,,,,,,,,,,,,,,,,,,,,,,,,,,,,
btm,9290,0.01921847080811858,0.008941510133445263,0.4741789914667606,0.09065678808838129,0.6720741644501687,0.5657299309968948,0.4549605205655098,1.0640395879745483,0.0001,4,1786.773898739185,0.4074592590332031,,,,,,,,,,,,,,,,,,,,,,,,,,,,,,,,,,,,,,,,,,,,,,,,,,,,,
btm,9300,0.020907625183463098,0.008548210619483142,0.4982528693974018,0.09449230590835214,0.6851050093770027,0.5935999996960163,0.4773452490568161,0.721684992313385,0.0001,4,1985.0826757554873,0.4074592590332031,,,,,,,,,,,,,,,,,,,,,,,,,,,,,,,,,,,,,,,,,,,,,,,,,,,,,
btm,9310,0.017892006877809764,0.008473088685423135,0.49447703585028646,0.08588319104164839,0.6876423612236977,0.5812075331807136,0.47658502906560896,0.5396640300750732,0.0001,4,1952.6321569947756,0.4074592590332031,,,,,,,,,,,,,,,,,,,,,,,,,,,,,,,,,,,,,,,,,,,,,,,,,,,,,
btm,9320,0.014959465060383082,0.008685948944184929,0.5079861246049404,0.08087039138190448,0.6997829437255859,0.589725112169981,0.4930266603827477,0.6932461261749268,0.0001,4,1940.0906111087188,0.4074592590332031,,,,,,,,,,,,,,,,,,,,,,,,,,,,,,,,,,,,,,,,,,,,,,,,,,,,,
btm,9330,0.017931913631036876,0.008613856951706111,0.47182280495762824,0.09803018309175968,0.6716552525758743,0.570714370906353,0.45389089211821554,0.5988441705703735,0.0001,4,2028.9566002671884,0.4074592590332031,,,,,,,,,,,,,,,,,,,,,,,,,,,,,,,,,,,,,,,,,,,,,,,,,,,,,
btm,9340,0.02313833418302238,0.008640901534818113,0.48352762013673783,0.08800183213315904,0.6760468885302544,0.5723935410380363,0.4603892877697945,0.6373890042304993,0.0001,4,2015.5702502135114,0.4074592590332031,,,,,,,,,,,,,,,,,,,,,,,,,,,,,,,,,,,,,,,,,,,,,,,,,,,,,
btm,9350,0.018194459774531425,0.008677084185183048,0.4639163762331009,0.08828066224232316,0.6654324680566788,0.5530647426843643,0.445721922069788,0.7587360143661499,0.0001,4,2029.1476504526554,0.4074592590332031,,,,,,,,,,,,,,,,,,,,,,,,,,,,,,,,,,,,,,,,,,,,,,,,,,,,,
btm,9360,0.0136285780929029,0.007993251970037817,0.4951836705207825,0.08233209950849414,0.6923857346177101,0.5783150918781758,0.4815550930798054,0.5617947578430176,0.0001,4,2035.0430849768118,0.4074592590332031,,,,,,,,,,,,,,,,,,,,,,,,,,,,,,,,,,,,,,,,,,,,,,,,,,,,,
btm,9370,0.016613830253481864,0.00868559058289975,0.47092619240283967,0.08873096336610616,0.6708446338772773,0.5605257160961628,0.4543123610317707,0.6054300665855408,0.0001,4,1930.6791436988458,0.4074592590332031,,,,,,,,,,,,,,,,,,,,,,,,,,,,,,,,,,,,,,,,,,,,,,,,,,,,,
btm,9380,0.021415989426895977,0.008455744327511639,0.4725822418928146,0.08574078911915421,0.6679192781448364,0.5591686055064201,0.4511662535369396,0.6003065705299377,0.0001,4,2031.3867587822836,0.4074592590332031,,,,,,,,,,,,,,,,,,,,,,,,,,,,,,,,,,,,,,,,,,,,,,,,,,,,,
btm,9390,0.01945447870530188,0.008558141568209976,0.4920550212264061,0.08969929544255137,0.6844201907515526,0.582610136270523,0.47260054275393487,0.5645493268966675,0.0001,4,2034.2233430954498,0.4074592590332031,,,,,,,,,,,,,,,,,,,,,,,,,,,,,,,,,,,,,,,,,,,,,,,,,,,,,
btm,9400,0.014608199545182287,0.008299407118465751,0.4893455535173416,0.0869914342649281,0.6875218048691749,0.5771669328212738,0.4747373566031456,0.7327097058296204,0.0001,4,1664.0219744007884,0.4074592590332031,,,,,,,,,,,,,,,,,,,,,,,,,,,,,,,,,,,,,,,,,,,,,,,,,,,,,
btm,9410,0.016081871837377547,0.008079031272791326,0.4927893914282322,0.08801452578045428,0.6885946497321129,0.5816118210554123,0.47670752108097075,0.7291243076324463,0.0001,4,1860.979573486773,0.4074592590332031,,,,,,,,,,,,,,,,,,,,,,,,,,,,,,,,,,,,,,,,,,,,,,,,,,,,,
btm,9420,0.02400748012587428,0.008300323574803769,0.46355403736233713,0.08836486893706023,0.6601763129234314,0.5527489423751831,0.4395465575158596,0.5629523992538452,0.0001,4,1851.8081041910625,0.4074592590332031,,,,,,,,,,,,,,,,,,,,,,,,,,,,,,,,,,,,,,,,,,,,,,,,,,,,,
btm,9430,0.02240810696966946,0.00850525142159313,0.46426462680101394,0.0873567646369338,0.6620260700583458,0.5524719163775444,0.44185651987791064,0.7273741364479065,0.0001,4,1764.8809116862765,0.4074592590332031,,,,,,,,,,,,,,,,,,,,,,,,,,,,,,,,,,,,,,,,,,,,,,,,,,,,,
btm,9440,0.012097315443679691,0.008028902555815875,0.5037746943533421,0.08095249617472292,0.6986123949289322,0.5855300828814507,0.49167737662792205,0.5971674919128418,0.0001,4,1902.9919993503192,0.4074592590332031,,,,,,,,,,,,,,,,,,,,,,,,,,,,,,,,,,,,,,,,,,,,,,,,,,,,,
btm,9450,0.015454796189442278,0.007681347616016865,0.5076336018741131,0.0872705813497305,0.6992678016424179,0.5956723235547543,0.4921788081526756,0.6230825781822205,0.0001,4,1890.868724426645,0.4074592590332031,,,,,,,,,,,,,,,,,,,,,,,,,,,,,,,,,,,,,,,,,,,,,,,,,,,,,
btm,9460,0.030265938304364682,0.008581737196072936,0.473053652793169,0.08779369425028563,0.6622280105948448,0.5617055177688599,0.4427877150475979,0.7067512273788452,0.0001,4,1726.8388020266136,0.4074592590332031,,,,,,,,,,,,,,,,,,,,,,,,,,,,,,,,,,,,,,,,,,,,,,,,,,,,,
btm,9470,0.02714421139098704,0.008217720093671232,0.4688063882291317,0.08912458978593349,0.6607872098684311,0.5587527520954609,0.4416621759533882,0.6611450910568237,0.0001,4,1876.8055288927003,0.4074592590332031,,,,,,,,,,,,,,,,,,,,,,,,,,,,,,,,,,,,,,,,,,,,,,,,,,,,,
btm,9480,0.013228088454343378,0.008333279599901289,0.4985170066356659,0.08854061416350305,0.6945116356015205,0.5878909446299077,0.48528891801834106,0.581461489200592,0.0001,4,1815.064365440531,0.4074592590332031,,,,,,,,,,,,,,,,,,,,,,,,,,,,,,,,,,,,,,,,,,,,,,,,,,,,,
btm,9490,0.013075835886411369,0.00830567218363285,0.5042369872331619,0.0831684097647667,0.6980177789926529,0.5882359646260739,0.4911611534655094,0.7556881904602051,0.0001,4,1775.8207842076026,0.4074592590332031,,,,,,,,,,,,,,,,,,,,,,,,,,,,,,,,,,,,,,,,,,,,,,,,,,,,,
btm,9500,0.027342059183865786,0.008185605134349317,0.4719667546451092,0.08368667657487094,0.6641185134649277,0.5564719937741757,0.44462469443678854,0.8358128070831299,0.0001,4,1827.0609643493158,0.4074592590332031,,,,,,,,,,,,,,,,,,,,,,,,,,,,,,,,,,,,,,,,,,,,,,,,,,,,,
btm,9500,,,,,,,,,,,,,0.03355821990408003,0.0073893639491871,0.38575173169374466,0.06812731071840972,0.5915350094437599,0.45461797527968884,0.35219351202249527,0.23752575041726232,0.11390279186889529,0.0,,,,,,,,,,,,,,,,,,,,,,,,,,,,,,,,,,,,,,,,,,,
btm,9510,0.02657154551707208,0.008191070973407478,0.4923463948071003,0.08987158499658107,0.6792510658502579,0.5830370888113976,0.4657748505473137,0.7559840083122253,0.0001,4,980.6777657211592,0.4074592590332031,,,,,,,,,,,,,,,,,,,,,,,,,,,,,,,,,,,,,,,,,,,,,,,,,,,,,
btm,9520,0.011384053435176612,0.008255499391816556,0.5248164005577565,0.08581235995516182,0.713392698764801,0.6114543132483959,0.5134323455393315,0.5784591436386108,0.0001,4,1869.8321901262243,0.4074592590332031,,,,,,,,,,,,,,,,,,,,,,,,,,,,,,,,,,,,,,,,,,,,,,,,,,,,,
btm,9530,0.014403667277656495,0.008343620086088776,0.5096275478601455,0.08549784692004322,0.7021097898483276,0.595959760248661,0.4952238813042641,0.6616788506507874,0.0001,4,1947.361702126333,0.4074592590332031,,,,,,,,,,,,,,,,,,,,,,,,,,,,,,,,,,,,,,,,,,,,,,,,,,,,,
btm,9532,,,,,,,,,,,,,,,,,,,,,,,0.25,5,20,0.11186005278940309,0.4687050099580636,59.86473927274346,1109.069672646001,1169.626436382532,0.07805920128012075,0.16981191298924386,0.18501502021383018,665600,1,40,0.2,4,20,0.0806563532712,0.41602172202575993,61.7221741694957,1145.0739254709333,1181.8409090861678,0.14958317276556043,0.2366956827417016,0.23974906179385308,665600,1,40,0.15,3,20,0.05236779195949584,0.36042329588695743,60.5450727827847,1117.965067597106,1133.095641992986,0.5415479378495366,0.46264781784266235,0.3125250161267244,665600,1,40,0.19999999999999998
btm,9540,0.0376468010712415,0.008373168203979731,0.45709814727306364,0.08816757695749403,0.6453504994511604,0.5461030423641204,0.4194513462483883,0.5969091057777405,0.0001,5,6.3231241924487644,0.4074592590332031,,,,,,,,,,,,,,,,,,,,,,,,,,,,,,,,,,,,,,,,,,,,,,,,,,,,,
btm,9550,0.029615522408857942,0.008328053343575448,0.4846847116947174,0.08595474772155284,0.6719099968671799,0.5714722663164139,0.45506918951869013,0.7447088360786438,0.0001,5,1942.9347556297048,0.4074592590332031,,,,,,,,,,,,,,,,,,,,,,,,,,,,,,,,,,,,,,,,,,,,,,,,,,,,,
btm,9560,0.010096879070624709,0.008413824124727399,0.5473636172711849,0.08635444780811667,0.7306620627641678,0.6345594495534896,0.5372667364776135,0.6031519174575806,0.0001,5,1965.2696216592665,0.4074592590332031,,,,,,,,,,,,,,,,,,,,,,,,,,,,,,,,,,,,,,,,,,,,,,,,,,,,,
btm,9570,0.012484763003885745,0.008699024969246238,0.5753336519002914,0.08079535569995641,0.7474054098129272,0.6569989077746868,0.5628488875925541,0.5361487865447998,0.0001,5,1962.7495835894515,0.4074592590332031,,,,,,,,,,,,,,,,,,,,,,,,,,,,,,,,,,,,,,,,,,,,,,,,,,,,,
btm,9580,0.03835395132191479,0.008775535528548062,0.4766421765089035,0.08436832195147873,0.6597500935196876,0.5618880487978458,0.4382882259786129,0.63874351978302,0.0001,5,1984.7742778480847,0.4074592590332031,,,,,,,,,,,,,,,,,,,,,,,,,,,,,,,,,,,,,,,,,,,,,,,,,,,,,
btm,9590,0.041757643409073356,0.008269305690191686,0.4821231424808502,0.08466941234655678,0.659610578417778,0.5676194831728936,0.44036550000309943,0.675978422164917,0.0001,5,1914.9972329444754,0.4074592590332031,,,,,,,,,,,,,,,,,,,,,,,,,,,,,,,,,,,,,,,,,,,,,,,,,,,,,
btm,9600,0.014568585227243603,0.008449040004052222,0.5455461151897907,0.08238779390230774,0.726028959453106,0.6287788085639476,0.530977526307106,0.5905023813247681,0.0001,5,1917.7431862061576,0.4074592590332031,,,,,,,,,,,,,,,,,,,,,,,,,,,,,,,,,,,,,,,,,,,,,,,,,,,,,
btm,9610,0.011235206061974168,0.008072518045082688,0.5544581338763237,0.07802393091842533,0.7355379596352577,0.6332893095910549,0.5432229273021221,0.6317681670188904,0.0001,5,1959.7874934222064,0.4074592590332031,,,,,,,,,,,,,,,,,,,,,,,,,,,,,,,,,,,,,,,,,,,,,,,,,,,,,
btm,9620,0.034433312714099884,0.008011314668692648,0.4689991772174835,0.08491812432184816,0.6578633770346641,0.5547184273600578,0.4345658652484417,0.6741831302642822,0.0001,5,1879.413287118814,0.4074592590332031,,,,,,,,,,,,,,,,,,,,,,,,,,,,,,,,,,,,,,,,,,,,,,,,,,,,,
btm,9630,0.04600510187447071,0.008271985466126352,0.47146043106913565,0.08752832487225533,0.6496724471449852,0.5598159566521644,0.42545533180236816,0.8715132474899292,0.0001,5,1870.217238789536,0.4074592590332031,,,,,,,,,,,,,,,,,,,,,,,,,,,,,,,,,,,,,,,,,,,,,,,,,,,,,
btm,9640,0.01715773835312575,0.008665591978933662,0.5041884608566761,0.0937056046910584,0.6951473236083985,0.5987606212496758,0.48703072518110274,0.5716270208358765,0.0001,5,1878.382210119916,0.4074592590332031,,,,,,,,,,,,,,,,,,,,,,,,,,,,,,,,,,,,,,,,,,,,,,,,,,,,,
btm,9650,0.00997394546866417,0.008234722504857928,0.6114611215889454,0.08394916942343116,0.7737580880522728,0.6962337672710419,0.6014871753752231,0.6173874735832214,0.0001,5,1851.7191643331491,0.4074592590332031,,,,,,,,,,,,,,,,,,,,,,,,,,,,,,,,,,,,,,,,,,,,,,,,,,,,,
btm,9660,0.02928446144796908,0.008402696636039764,0.527873270213604,0.08490845020860434,0.704350134730339,0.6136219881474971,0.4985888093709946,0.5747883319854736,0.0001,5,1958.6239349053333,0.4074592590332031,,,,,,,,,,,,,,,,,,,,,,,,,,,,,,,,,,,,,,,,,,,,,,,,,,,,,
btm,9670,0.05413475260138512,0.008266200544312596,0.4715454429388046,0.08423459944315255,0.6436781123280525,0.5566066615283489,0.4174106910824776,0.709015429019928,0.0001,5,1969.1714050763626,0.4074592590332031,,,,,,,,,,,,,,,,,,,,,,,,,,,,,,,,,,,,,,,,,,,,,,,,,,,,,
btm,9680,0.03187548625282943,0.008486984914634376,0.4662302166223526,0.09116671364754439,0.6560495242476463,0.558245626091957,0.43435473144054415,0.6016648411750793,0.0001,5,1959.1428351841948,0.4074592590332031,,,,,,,,,,,,,,,,,,,,,,,,,,,,,,,,,,,,,,,,,,,,,,,,,,,,,
btm,9690,0.015340932621620595,0.008728756173513829,0.49108863100409506,0.08267130758613347,0.688013456761837,0.5746328182518482,0.4757476970553398,0.6300798654556274,0.0001,5,1940.8007964347964,0.4074592590332031,,,,,,,,,,,,,,,,,,,,,,,,,,,,,,,,,,,,,,,,,,,,,,,,,,,,,
btm,9700,0.01723962351679802,0.008029210579115898,0.4642024002969265,0.08331216862425209,0.665808941423893,0.5483174875378609,0.4469627797603607,0.6031139492988586,0.0001,5,1954.5033696398086,0.4074592590332031,,,,,,,,,,,,,,,,,,,,,,,,,,,,,,,,,,,,,,,,,,,,,,,,,,,,,
btm,9710,0.02950983038172126,0.008600858738645911,0.47135050073266027,0.08356413571164012,0.6621498897671699,0.5557747133076191,0.441840672492981,0.6560772657394409,0.0001,5,1984.472411343742,0.4074592590332031,,,,,,,,,,,,,,,,,,,,,,,,,,,,,,,,,,,,,,,,,,,,,,,,,,,,,
btm,9720,0.024429287994280457,0.008585311309434473,0.4675681568682194,0.0946917688474059,0.6641713917255402,0.563118451833725,0.44313887059688567,0.6138767600059509,0.0001,5,1995.475438013388,0.4074592590332031,,,,,,,,,,,,,,,,,,,,,,,,,,,,,,,,,,,,,,,,,,,,,,,,,,,,,
btm,9730,0.015394836291670799,0.00826323798391968,0.5241506665945053,0.08619066998362541,0.7122319623827934,0.6111676640808582,0.5087558306753636,0.506393551826477,0.0001,5,1953.8872316941188,0.4074592590332031,,,,,,,,,,,,,,,,,,,,,,,,,,,,,,,,,,,,,,,,,,,,,,,,,,,,,
btm,9740,0.01873768123332411,0.008380739868152886,0.4835744142532349,0.07720856294035912,0.6798558428883552,0.5616210497915745,0.4648367345333099,0.6633187532424927,0.0001,5,1989.644445340319,0.4074592590332031,,,,,,,,,,,,,,,,,,,,,,,,,,,,,,,,,,,,,,,,,,,,,,,,,,,,,
btm,9750,0.030239810049533845,0.00870766603620723,0.44413681253790854,0.08709998913109303,0.6405203953385353,0.5321075670421124,0.41389700397849083,0.6039186120033264,0.0001,5,1971.1682249852092,0.4074592590332031,,,,,,,,,,,,,,,,,,,,,,,,,,,,,,,,,,,,,,,,,,,,,,,,,,,,,
btm,9760,0.023814409971237183,0.008519504312425851,0.4650770403444767,0.08095784927718341,0.6626844227313995,0.5468868345022202,0.44126263111829755,0.681074857711792,0.0001,5,1961.143076813428,0.4074592590332031,,,,,,,,,,,,,,,,,,,,,,,,,,,,,,,,,,,,,,,,,,,,,,,,,,,,,
btm,9770,0.011135848215781152,0.008461365976836532,0.5561694853007794,0.08428909368813038,0.7363335758447647,0.6413047060370445,0.545033635944128,0.6668096780776978,0.0001,5,2009.7771411875244,0.4074592590332031,,,,,,,,,,,,,,,,,,,,,,,,,,,,,,,,,,,,,,,,,,,,,,,,,,,,,
btm,9780,0.015087776910513639,0.008864318544510752,0.5104436241090298,0.08535687518306076,0.7026052132248879,0.5966869287192822,0.49535584896802903,0.5400904417037964,0.0001,5,1981.8817521609676,0.4074592590332031,,,,,,,,,,,,,,,,,,,,,,,,,,,,,,,,,,,,,,,,,,,,,,,,,,,,,
btm,9790,0.03837163429707289,0.00865481726359576,0.452078565210104,0.08177080135792494,0.6412213653326034,0.5347148478031158,0.41370693072676656,0.6122211217880249,0.0001,5,1951.1583785288174,0.4074592590332031,,,,,,,,,,,,,,,,,,,,,,,,,,,,,,,,,,,,,,,,,,,,,,,,,,,,,
btm,9800,0.03676424366421997,0.008462067344225943,0.4553740225732327,0.08402891755104065,0.6448530033230782,0.5402491472661495,0.41860978603363036,0.7629651427268982,0.0001,5,1967.255502402864,0.4074592590332031,,,,,,,,,,,,,,,,,,,,,,,,,,,,,,,,,,,,,,,,,,,,,,,,,,,,,
btm,9810,0.013406488951295615,0.008205884823109955,0.5122097052633763,0.07900380985811353,0.7034561678767204,0.5920341067016125,0.49880321621894835,0.5830159187316895,0.0001,5,1909.8182071559565,0.4074592590332031,,,,,,,,,,,,,,,,,,,,,,,,,,,,,,,,,,,,,,,,,,,,,,,,,,,,,
btm,9820,0.010827634274028242,0.008215147245209664,0.5381520055234432,0.08308858368545771,0.7244652807712555,0.6220620967447757,0.5273243725299835,0.6871569156646729,0.0001,5,1974.6010675213713,0.4074592590332031,,,,,,,,,,,,,,,,,,,,,,,,,,,,,,,,,,,,,,,,,,,,,,,,,,,,,
btm,9830,0.029059509001672267,0.00892303817672655,0.5025012284517288,0.09287915527820587,0.6857756808400154,0.5962726876139641,0.4734417200088501,0.5956331491470337,0.0001,5,1924.7306214652674,0.4074592590332031,,,,,,,,,,,,,,,,,,,,,,,,,,,,,,,,,,,,,,,,,,,,,,,,,,,,,
btm,9840,0.044013019092381,0.007976151269394905,0.48598171323537825,0.08095595012418925,0.6597128421068191,0.567735281586647,0.4419686906039715,0.8007737398147583,0.0001,5,1964.3370951837592,0.4074592590332031,,,,,,,,,,,,,,,,,,,,,,,,,,,,,,,,,,,,,,,,,,,,,,,,,,,,,
btm,9850,0.023125492641702293,0.008546467497944832,0.49893739372491835,0.08472248688340187,0.6870897591114045,0.5845145218074321,0.47581190392374995,0.7127122282981873,0.0001,5,1949.281453020436,0.4074592590332031,,,,,,,,,,,,,,,,,,,,,,,,,,,,,,,,,,,,,,,,,,,,,,,,,,,,,
btm,9860,0.010811587166972458,0.00801708820508793,0.5229781679809093,0.09027019096538424,0.7140673503279686,0.614050067216158,0.512166577577591,0.580518901348114,0.0001,5,2009.3092584555848,0.4074592590332031,,,,,,,,,,,,,,,,,,,,,,,,,,,,,,,,,,,,,,,,,,,,,,,,,,,,,
btm,9870,0.018162006791681052,0.008423557435162366,0.4914049461483955,0.09276264160871506,0.6853797093033791,0.5850099422037601,0.47324293926358224,0.6055808663368225,0.0001,5,1990.7631171973576,0.4074592590332031,,,,,,,,,,,,,,,,,,,,,,,,,,,,,,,,,,,,,,,,,,,,,,,,,,,,,
btm,9880,0.034646682115271686,0.008329392003361136,0.4664436295628548,0.08364660809747874,0.653982400894165,0.5509231738746166,0.43179694563150406,0.6711130738258362,0.0001,5,2017.8429573160743,0.4074592590332031,,,,,,,,,,,,,,,,,,,,,,,,,,,,,,,,,,,,,,,,,,,,,,,,,,,,,
btm,9890,0.02390017523430288,0.007871620822697878,0.5497352689504623,0.0877424132078886,0.706042717397213,0.6382648460566998,0.5258350946009159,7.122122764587402,0.0001,5,2004.6388120060553,0.4074592590332031,,,,,,,,,,,,,,,,,,,,,,,,,,,,,,,,,,,,,,,,,,,,,,,,,,,,,
btm,9900,0.013504256261512637,0.00874040904454887,0.5532981723546981,0.0924686046782881,0.7316762536764145,0.6466408111155033,0.5397939145565033,0.6026629209518433,0.0001,5,1997.861177268316,0.4074592590332031,,,,,,,,,,,,,,,,,,,,,,,,,,,,,,,,,,,,,,,,,,,,,,,,,,,,,
btm,9910,0.015687712002545595,0.008278742793481796,0.49256014749407767,0.08207246586680413,0.6869788646697998,0.5754604868590831,0.47687243297696114,0.5488003492355347,0.0001,5,1589.862282012738,0.4074592590332031,,,,,,,,,,,,,,,,,,,,,,,,,,,,,,,,,,,,,,,,,,,,,,,,,,,,,
btm,9920,0.030308889877051114,0.00824926927452907,0.4523959316313267,0.07765583349391818,0.6478637844324112,0.5308766923844814,0.4220870405435562,0.5629397034645081,0.0001,5,1939.9597624664918,0.4074592590332031,,,,,,,,,,,,,,,,,,,,,,,,,,,,,,,,,,,,,,,,,,,,,,,,,,,,,
btm,9930,0.02949490682221949,0.008615547581575811,0.4682896718382835,0.08668321007862687,0.6599154621362686,0.5558344379067421,0.4387947663664818,0.7092345356941223,0.0001,5,1951.7232615292419,0.4074592590332031,,,,,,,,,,,,,,,,,,,,,,,,,,,,,,,,,,,,,,,,,,,,,,,,,,,,,
btm,9940,0.015265281382016837,0.00837327791377902,0.4989957377314568,0.08339346423745156,0.6932101830840111,0.583226528018713,0.48373046070337294,0.6179834008216858,0.0001,5,1903.5620356159336,0.4074592590332031,,,,,,,,,,,,,,,,,,,,,,,,,,,,,,,,,,,,,,,,,,,,,,,,,,,,,
btm,9950,0.01357139095198363,0.007922065898310394,0.49207047894597056,0.08273065499961377,0.6890084430575371,0.5755933403968811,0.47849909141659736,0.6390993595123291,0.0001,5,1947.0667716103603,0.4074592590332031,,,,,,,,,,,,,,,,,,,,,,,,,,,,,,,,,,,,,,,,,,,,,,,,,,,,,
btm,9960,0.02422919450327754,0.008117687818594278,0.4574174001812935,0.08588639036752284,0.6551947474479676,0.5441155537962914,0.4331882052123547,0.8133846521377563,0.0001,5,1860.9575352064528,0.4074592590332031,,,,,,,,,,,,,,,,,,,,,,,,,,,,,,,,,,,,,,,,,,,,,,,,,,,,,
btm,9970,0.028512446256354452,0.008175171096809208,0.4621165178716183,0.08968530017882585,0.6562844410538673,0.5526193343102932,0.4336040705442429,0.8160247802734375,0.0001,5,1870.615293118366,0.4074592590332031,,,,,,,,,,,,,,,,,,,,,,,,,,,,,,,,,,,,,,,,,,,,,,,,,,,,,
btm,9980,0.016227876069024205,0.008070626331027597,0.5125124737620353,0.09534835023805499,0.7029635325074196,0.6086678817868233,0.49628459587693213,0.7058491110801697,0.0001,5,1886.5848723221318,0.4074592590332031,,,,,,,,,,,,,,,,,,,,,,,,,,,,,,,,,,,,,,,,,,,,,,,,,,,,,
btm,9990,0.013763777702115476,0.008384690061211586,0.5003793314099312,0.08617928242310882,0.6960497796535492,0.5873970799148083,0.4866155542433262,0.5645550489425659,0.0001,5,1931.3936146724661,0.4074592590332031,,,,,,,,,,,,,,,,,,,,,,,,,,,,,,,,,,,,,,,,,,,,,,,,,,,,,
btm,10000,0.023923595855012535,0.00912960945861414,0.46947248503565786,0.08289292943663895,0.6651157379150391,0.5532783769071102,0.44554888904094697,0.6716881394386292,0.0001,5,1967.1134748382071,0.4074592590332031,,,,,,,,,,,,,,,,,,,,,,,,,,,,,,,,,,,,,,,,,,,,,,,,,,,,,
btm,10000,,,,,,,,,,,,,0.03310252842493355,0.0070416718372143805,0.35835895128548145,0.06850204325746745,0.5688158459961414,0.4275651630014181,0.3252564240247011,0.2072727303020656,0.10239124624058604,0.0,,,,,,,,,,,,,,,,,,,,,,,,,,,,,,,,,,,,,,,,,,,
btm,10000,,,,,,,,,,,,,,,,,,,,,,,0.3,6,20,0.14547527396899385,0.5189767762289793,61.17343798466027,1132.1570699103177,1146.8417472206056,0.0660675103426911,0.16306672532111408,0.17940764817385338,665600,1,40,0.15,3,20,0.05236779195949584,0.36042329588695743,60.361158683896065,1116.9824560172856,1137.2007482685149,0.16087496765481774,0.22561820227187127,0.24023636226088574,665600,1,40,0.1,2,20,0.027865893984153206,0.30103820641179335,61.451037088409066,1134.7046945709735,1179.5276310294867,0.6039102636941243,0.4605557346250862,0.29414200491439074,665600,1,40,0.18333333333333332
btm,10010,0.03271332001313567,0.008352939621545374,0.4842067413032055,0.09251901619136334,0.6653431221842766,0.5775610506534576,0.4514934249222279,0.6435552835464478,0.0001,5,6.266082132729372,0.4074592590332031,,,,,,,,,,,,,,,,,,,,,,,,,,,,,,,,,,,,,,,,,,,,,,,,,,,,,
btm,10020,0.017796297813765703,0.00878215346019715,0.47488204911351206,0.0900284321513027,0.6739034101366996,0.5657886981964111,0.45708575174212457,0.5953437089920044,0.0001,5,1878.081640218364,0.4074592590332031,,,,,,,,,,,,,,,,,,,,,,,,,,,,,,,,,,,,,,,,,,,,,,,,,,,,,
btm,10030,0.01134442847687751,0.008134000061545521,0.49999811947345735,0.08245263723656535,0.6973762348294258,0.5832641571760178,0.4886536918580532,0.552994430065155,0.0001,5,1885.3113760850952,0.4074592590332031,,,,,,,,,,,,,,,,,,,,,,,,,,,,,,,,,,,,,,,,,,,,,,,,,,,,,
btm,10040,0.017711628670804204,0.00844827452674508,0.48201883137226104,0.08774214978329838,0.6783787414431572,0.5706058077514171,0.46430720165371897,0.7794184684753418,0.0001,5,1864.7130183727297,0.4074592590332031,,,,,,,,,,,,,,,,,,,,,,,,,,,,,,,,,,,,,,,,,,,,,,,,,,,,,
btm,10050,0.03180670663714409,0.008406122750602662,0.4664931073784828,0.08428722498938442,0.6570475965738296,0.5516209430992604,0.4346864022314548,0.6612812280654907,0.0001,5,1896.5609842696565,0.4074592590332031,,,,,,,,,,,,,,,,,,,,,,,,,,,,,,,,,,,,,,,,,,,,,,,,,,,,,
btm,10060,0.030362586630508302,0.008586799493059516,0.4448760740458965,0.082332673529163,0.6405873715877533,0.5280674241483212,0.41451349183917047,0.7793468832969666,0.0001,5,1787.2823994353205,0.4074592590332031,,,,,,,,,,,,,,,,,,,,,,,,,,,,,,,,,,,,,,,,,,,,,,,,,,,,,
btm,10070,0.014620201010257006,0.008482989470940084,0.4811545692384243,0.08460489762946963,0.6809295624494552,0.566607765108347,0.4665343664586544,0.5980886816978455,0.0001,5,1813.8533868669806,0.4074592590332031,,,,,,,,,,,,,,,,,,,,,,,,,,,,,,,,,,,,,,,,,,,,,,,,,,,,,
btm,10080,0.011652991850860417,0.00839817845262587,0.4994128689169884,0.08043196182698012,0.6967497661709785,0.580684645473957,0.48775987327098846,0.5722296833992004,0.0001,5,1830.6303497279418,0.4074592590332031,,,,,,,,,,,,,,,,,,,,,,,,,,,,,,,,,,,,,,,,,,,,,,,,,,,,,
btm,10090,0.02487717824988067,0.007772650883998722,0.44140233397483825,0.08889505174010992,0.6434226498007775,0.5310746505856514,0.4165251590311527,0.5714924931526184,0.0001,5,1877.1227340887594,0.4074592590332031,,,,,,,,,,,,,,,,,,,,,,,,,,,,,,,,,,,,,,,,,,,,,,,,,,,,,
btm,10100,0.031369777489453556,0.007997025514487176,0.46593093127012253,0.07918875040486455,0.6559891983866691,0.5459193781018257,0.43456115424633024,0.6788937449455261,0.0001,5,1843.6812224064456,0.4074592590332031,,,,,,,,,,,,,,,,,,,,,,,,,,,,,,,,,,,,,,,,,,,,,,,,,,,,,
btm,10110,0.015913384058512746,0.008316060632932932,0.4820953898131847,0.08332539442926645,0.680583955347538,0.5662523888051509,0.46618200466036797,0.6394979953765869,0.0001,5,1859.9319796692946,0.4074592590332031,,,,,,,,,,,,,,,,,,,,,,,,,,,,,,,,,,,,,,,,,,,,,,,,,,,,,
btm,10120,0.010067313513718545,0.008242343296296894,0.5697761178016663,0.0903085838072002,0.746121023595333,0.6609089337289333,0.5597088009119033,0.7538682222366333,0.0001,5,1782.9537919643794,0.4074592590332031,,,,,,,,,,,,,,,,,,,,,,,,,,,,,,,,,,,,,,,,,,,,,,,,,,,,,
btm,10130,0.02210399678442627,0.008567053568549454,0.46938688308000565,0.08541063372977079,0.6669448211789131,0.5556542180478573,0.4472828894853592,0.7134165167808533,0.0001,5,1786.106938353136,0.4074592590332031,,,,,,,,,,,,,,,,,,,,,,,,,,,,,,,,,,,,,,,,,,,,,,,,,,,,,
btm,10140,0.040414918679744005,0.008659814565908164,0.4471653364598751,0.09027667758055032,0.6352684974670411,0.5383079953491687,0.40675041973590853,0.6127089262008667,0.0001,5,1944.4322896820079,0.4074592590332031,,,,,,,,,,,,,,,,,,,,,,,,,,,,,,,,,,,,,,,,,,,,,,,,,,,,,
btm,10150,0.025440724566578865,0.008555709547363222,0.478067971765995,0.08895548610016704,0.6696997120976448,0.5678790263831616,0.45262724831700324,0.6210973262786865,0.0001,5,1892.4193626520434,0.4074592590332031,,,,,,,,,,,,,,,,,,,,,,,,,,,,,,,,,,,,,,,,,,,,,,,,,,,,,
btm,10160,0.010916773742064834,0.008987680030986666,0.529198644310236,0.10050949919968843,0.7175089329481125,0.6306069143116474,0.5182818695902824,0.6422001123428345,0.0001,5,1887.9547557318779,0.4074592590332031,,,,,,,,,,,,,,,,,,,,,,,,,,,,,,,,,,,,,,,,,,,,,,,,,,,,,
btm,10170,0.014009562926366926,0.007835077715571969,0.5032404579222203,0.08475561910308897,0.6976880759000779,0.5887795858085155,0.4892308920621872,0.6888379454612732,0.0001,5,1978.4823816141134,0.4074592590332031,,,,,,,,,,,,,,,,,,,,,,,,,,,,,,,,,,,,,,,,,,,,,,,,,,,,,
btm,10180,0.032646203367039564,0.008281160157639533,0.4459976702928543,0.08633213629946113,0.6412114754319191,0.5331579238176346,0.4133514679968357,0.626692533493042,0.0001,5,1936.076819289837,0.4074592590332031,,,,,,,,,,,,,,,,,,,,,,,,,,,,,,,,,,,,,,,,,,,,,,,,,,,,,
btm,10190,0.0344545497559011,0.008975271927192807,0.47003045678138733,0.08220130996778607,0.6574858337640762,0.5531292907893658,0.43557590767741206,0.594024121761322,0.0001,5,1954.9480758622694,0.4074592590332031,,,,,,,,,,,,,,,,,,,,,,,,,,,,,,,,,,,,,,,,,,,,,,,,,,,,,
btm,10200,0.016422576014883818,0.008745090721640736,0.49374049007892606,0.08784043956547975,0.689197638630867,0.5824554398655891,0.47731791734695433,0.6326979994773865,0.0001,5,2011.996530954281,0.4074592590332031,,,,,,,,,,,,,,,,,,,,,,,,,,,,,,,,,,,,,,,,,,,,,,,,,,,,,
btm,10210,0.011673691938631237,0.008028605813160538,0.5075786978006362,0.07167281657457351,0.7024110868573189,0.5800543777644634,0.49590500742197036,0.511797308921814,0.0001,5,1996.6936667497775,0.4074592590332031,,,,,,,,,,,,,,,,,,,,,,,,,,,,,,,,,,,,,,,,,,,,,,,,,,,,,
btm,10220,0.02369739629793912,0.008498544292524456,0.44605745151638987,0.0865090735256672,0.647423392534256,0.5334163807332516,0.42236005142331123,0.5672438144683838,0.0001,5,1926.9542914605502,0.4074592590332031,,,,,,,,,,,,,,,,,,,,,,,,,,,,,,,,,,,,,,,,,,,,,,,,,,,,,
btm,10230,0.031098473770543932,0.008570187084842473,0.43761728554964063,0.08843382764607668,0.6344530373811722,0.5269081294536591,0.4065188132226467,0.8285632729530334,0.0001,5,1966.4483227381538,0.4074592590332031,,,,,,,,,,,,,,,,,,,,,,,,,,,,,,,,,,,,,,,,,,,,,,,,,,,,,
btm,10240,0.018636956717818974,0.008114786352962255,0.47173808366060255,0.0824007336050272,0.6706735149025917,0.5549502953886986,0.45310112833976746,0.5089442133903503,0.0001,5,2002.498862993352,0.4074592590332031,,,,,,,,,,,,,,,,,,,,,,,,,,,,,,,,,,,,,,,,,,,,,,,,,,,,,
btm,10250,0.01165180925745517,0.008282372972462326,0.5283184356987476,0.08144300081767142,0.7158718407154083,0.610589674115181,0.5166666276752949,0.5302615761756897,0.0001,5,1959.6935459685083,0.4074592590332031,,,,,,,,,,,,,,,,,,,,,,,,,,,,,,,,,,,,,,,,,,,,,,,,,,,,,
btm,10260,0.017997598648071288,0.008718506526201963,0.4977507792413235,0.09515787083655596,0.6903294965624809,0.5937804944813252,0.4797531820833683,0.6344019174575806,0.0001,5,2010.6242150364694,0.4074592590332031,,,,,,,,,,,,,,,,,,,,,,,,,,,,,,,,,,,,,,,,,,,,,,,,,,,,,
btm,10270,0.03281847075559199,0.008303172804880887,0.4730239897966385,0.07829494141042233,0.6597935065627099,0.5521492503583432,0.44020551815629005,1.1066157817840576,0.0001,5,2026.567467753673,0.4074592590332031,,,,,,,,,,,,,,,,,,,,,,,,,,,,,,,,,,,,,,,,,,,,,,,,,,,,,
btm,10280,0.029977804888039826,0.008487361308652908,0.47911896333098414,0.08622046448290348,0.6675089210271835,0.5661881677806377,0.4491411581635475,0.7320654392242432,0.0001,5,1983.145802777459,0.4074592590332031,,,,,,,,,,,,,,,,,,,,,,,,,,,,,,,,,,,,,,,,,,,,,,,,,,,,,
btm,10290,0.014778691320680081,0.00843136317562312,0.5104081362485886,0.09289282616227865,0.7021431744098663,0.60414410084486,0.4956294484436512,0.8218257427215576,0.0001,5,1900.6214384113798,0.4074592590332031,,,,,,,,,,,,,,,,,,,,,,,,,,,,,,,,,,,,,,,,,,,,,,,,,,,,,
btm,10300,0.012264475529082119,0.00906141409650445,0.49067707136273386,0.08475416800938547,0.6900507390499115,0.5763373866677284,0.4784125968813896,0.5798609852790833,0.0001,5,1899.059408112674,0.4074592590332031,,,,,,,,,,,,,,,,,,,,,,,,,,,,,,,,,,,,,,,,,,,,,,,,,,,,,
btm,10310,0.025916296616196634,0.008691117353737354,0.4637719452381134,0.08068971689790487,0.6595474570989609,0.5453307710587978,0.43785565122962,0.6579385995864868,0.0001,5,1854.7248878742523,0.4074592590332031,,,,,,,,,,,,,,,,,,,,,,,,,,,,,,,,,,,,,,,,,,,,,,,,,,,,,
btm,10320,0.031124233873561023,0.008213853253982962,0.464071586728096,0.07985381139442324,0.654544760286808,0.544746782630682,0.4329473562538624,1.0891783237457275,0.0001,5,1898.3600283727426,0.4074592590332031,,,,,,,,,,,,,,,,,,,,,,,,,,,,,,,,,,,,,,,,,,,,,,,,,,,,,
btm,10330,0.01784979705698788,0.008146070525981486,0.47585276067256926,0.08297480456531048,0.6749245941638946,0.5596421733498573,0.4580029629170895,0.5345580577850342,0.0001,5,1852.4255495216275,0.4074592590332031,,,,,,,,,,,,,,,,,,,,,,,,,,,,,,,,,,,,,,,,,,,,,,,,,,,,,
btm,10340,0.01164700009394437,0.008137953456025571,0.5041311778128147,0.07811850048601628,0.7005690142512322,0.5830634713172913,0.49248417764902114,0.5708958506584167,0.0001,5,1890.3323723382905,0.4074592590332031,,,,,,,,,,,,,,,,,,,,,,,,,,,,,,,,,,,,,,,,,,,,,,,,,,,,,
btm,10350,0.020339317875914274,0.008284735982306302,0.46982515677809716,0.0854762198869139,0.6672324761748314,0.5561298459768296,0.4494858391582966,0.6634113788604736,0.0001,5,1977.165883063903,0.4074592590332031,,,,,,,,,,,,,,,,,,,,,,,,,,,,,,,,,,,,,,,,,,,,,,,,,,,,,
btm,10360,0.027517832862213255,0.007838877697940916,0.44816519170999525,0.08055011657997965,0.6450533390045166,0.529499190300703,0.4206473596394062,0.7503010034561157,0.0001,5,1990.6969762438403,0.4074592590332031,,,,,,,,,,,,,,,,,,,,,,,,,,,,,,,,,,,,,,,,,,,,,,,,,,,,,
btm,10370,0.020177489472553135,0.008424229512456805,0.5078245885670185,0.08890108363702894,0.6951297357678413,0.5975680902600289,0.48764709904789927,0.7582982778549194,0.0001,5,1936.9827116014487,0.4074592590332031,,,,,,,,,,,,,,,,,,,,,,,,,,,,,,,,,,,,,,,,,,,,,,,,,,,,,
btm,10380,0.01532127324026078,0.008176505065057427,0.46569264456629755,0.07870671832934022,0.6689562380313874,0.5452170073986053,0.45037136897444724,0.6400501132011414,0.0001,5,1962.7868863518718,0.4074592590332031,,,,,,,,,,,,,,,,,,,,,,,,,,,,,,,,,,,,,,,,,,,,,,,,,,,,,
btm,10390,0.018046195153146982,0.008133434515912086,0.43984710350632666,0.08521648808382451,0.6469755157828331,0.5258769325911998,0.42180090621113775,0.5932523608207703,0.0001,5,1962.1036365506543,0.4074592590332031,,,,,,,,,,,,,,,,,,,,,,,,,,,,,,,,,,,,,,,,,,,,,,,,,,,,,
btm,10400,0.022662042919546366,0.008920598193071783,0.43346548452973366,0.08791065979748965,0.6390191555023194,0.5222682178020477,0.4108034402132034,0.6578307747840881,0.0001,5,1901.8202910050743,0.4074592590332031,,,,,,,,,,,,,,,,,,,,,,,,,,,,,,,,,,,,,,,,,,,,,,,,,,,,,
btm,10410,0.017122084135189654,0.007990375207737089,0.4520293712615967,0.08133321218192577,0.6571549236774444,0.5341616235673428,0.4349072851240635,0.6056337952613831,0.0001,5,1916.9538403010583,0.4074592590332031,,,,,,,,,,,,,,,,,,,,,,,,,,,,,,,,,,,,,,,,,,,,,,,,,,,,,
btm,10420,0.011106969602406026,0.008659064676612616,0.5103185847401619,0.08048575827851892,0.7041468873620034,0.5916702538728714,0.4992116130888462,0.5705740451812744,0.0001,5,1856.057560089126,0.4074592590332031,,,,,,,,,,,,,,,,,,,,,,,,,,,,,,,,,,,,,,,,,,,,,,,,,,,,,
btm,10430,0.01755113082472235,0.0080519407405518,0.4528635568916798,0.08463925486430526,0.6576208040118218,0.5383080042898655,0.43531242907047274,0.6374044418334961,0.0001,5,1942.9249116117937,0.4074592590332031,,,,,,,,,,,,,,,,,,,,,,,,,,,,,,,,,,,,,,,,,,,,,,,,,,,,,
btm,10440,0.031681241327896716,0.008307317504659295,0.43192501962184904,0.08677977211773395,0.630131283402443,0.5195355221629143,0.4002437800168991,0.7847212553024292,0.0001,5,1908.6905892893756,0.4074592590332031,,,,,,,,,,,,,,,,,,,,,,,,,,,,,,,,,,,,,,,,,,,,,,,,,,,,,
btm,10450,0.02226858304347843,0.008368665690068156,0.4491983525454998,0.09063416328281164,0.6508332207798958,0.5406693808734417,0.42692977041006086,0.5237025022506714,0.0001,5,1839.9207330837646,0.4074592590332031,,,,,,,,,,,,,,,,,,,,,,,,,,,,,,,,,,,,,,,,,,,,,,,,,,,,,
btm,10460,0.010163414664566517,0.008405108936131,0.4889486953616142,0.08446156596764923,0.6899813383817672,0.5742507688701153,0.478785278648138,0.5424026250839233,0.0001,5,1923.4523541143838,0.4074592590332031,,,,,,,,,,,,,,,,,,,,,,,,,,,,,,,,,,,,,,,,,,,,,,,,,,,,,
btm,10470,0.012937816022895277,0.008049561909865588,0.5030563302338124,0.08476433847099543,0.6981446579098701,0.5886256210505962,0.49011851772665976,0.5888354778289795,0.0001,5,1941.7166132990042,0.4074592590332031,,,,,,,,,,,,,,,,,,,,,,,,,,,,,,,,,,,,,,,,,,,,,,,,,,,,,
btm,10480,0.02836051001213491,0.008446240227203815,0.4420610167086124,0.08566548433154822,0.6410525068640709,0.5285711236298084,0.4137005053460598,0.6633849740028381,0.0001,5,1955.4194862586744,0.4074592590332031,,,,,,,,,,,,,,,,,,,,,,,,,,,,,,,,,,,,,,,,,,,,,,,,,,,,,
btm,10490,0.03162769139744341,0.008521285478491337,0.43698579296469686,0.08947593001648783,0.6348351582884788,0.5273138448596001,0.40535809844732285,0.7708092331886292,0.0001,5,1942.975006175962,0.4074592590332031,,,,,,,,,,,,,,,,,,,,,,,,,,,,,,,,,,,,,,,,,,,,,,,,,,,,,
btm,10500,0.01466419044882059,0.009146012563724071,0.49851336106657984,0.08829398807138204,0.6925912529230118,0.5877219505608082,0.4838491722941399,0.5964997410774231,0.0001,5,1980.3542274360318,0.4074592590332031,,,,,,,,,,,,,,,,,,,,,,,,,,,,,,,,,,,,,,,,,,,,,,,,,,,,,
btm,10500,,,,,,,,,,,,,0.008087250869721174,0.007083035365212709,0.4396636802703142,0.06553825899027288,0.6559484824538231,0.5059102457016706,0.4315764307975769,0.238538458943367,0.11885121930390596,0.0,,,,,,,,,,,,,,,,,,,,,,,,,,,,,,,,,,,,,,,,,,,
btm,10510,0.008212064544204622,0.008454741910099983,0.5321185909211635,0.09391634501516818,0.721737690269947,0.6268804095685482,0.5239065282046795,0.5393663048744202,0.0001,5,978.2916307678215,0.4074592590332031,,,,,,,,,,,,,,,,,,,,,,,,,,,,,,,,,,,,,,,,,,,,,,,,,,,,,
btm,10520,0.023162228823639452,0.008995619206689297,0.4669536903500557,0.08574591800570489,0.6628886088728905,0.5535991735756397,0.4437914602458477,0.5220507979393005,0.0001,5,1821.8947936560514,0.4074592590332031,,,,,,,,,,,,,,,,,,,,,,,,,,,,,,,,,,,,,,,,,,,,,,,,,,,,,
btm,10530,0.04128271732479334,0.008322625502478332,0.4490193672478199,0.08585433885455132,0.6350486218929291,0.5357059702277184,0.40773665010929105,0.6492895483970642,0.0001,5,1814.70385600623,0.4074592590332031,,,,,,,,,,,,,,,,,,,,,,,,,,,,,,,,,,,,,,,,,,,,,,,,,,,,,
btm,10540,0.02284668532665819,0.00815779883414507,0.4721650779247284,0.09656049604527653,0.6684528589248657,0.5695413507521152,0.44931839480996133,0.6818860769271851,0.0001,5,1891.3570617498076,0.4074592590332031,,,,,,,,,,,,,,,,,,,,,,,,,,,,,,,,,,,,,,,,,,,,,,,,,,,,,
btm,10550,0.009604426589794457,0.008693141327239574,0.5317799799144268,0.08534767339006066,0.7200851693749428,0.6179969683289528,0.5221755541861057,0.6610466241836548,0.0001,5,1835.3792823073923,0.4074592590332031,,,,,,,,,,,,,,,,,,,,,,,,,,,,,,,,,,,,,,,,,,,,,,,,,,,,,
btm,10560,0.015271989931352436,0.007896032568532973,0.497916703671217,0.08319731811061501,0.6919310390949249,0.581903624534607,0.48264471292495725,0.5932919383049011,0.0001,5,1973.610080146641,0.4074592590332031,,,,,,,,,,,,,,,,,,,,,,,,,,,,,,,,,,,,,,,,,,,,,,,,,,,,,
btm,10570,0.03865531119517982,0.008338304550852627,0.478559423238039,0.08677660552784801,0.6609291404485702,0.5661698587238788,0.439904111623764,0.7705129384994507,0.0001,5,1974.9327662328574,0.4074592590332031,,,,,,,,,,,,,,,,,,,,,,,,,,,,,,,,,,,,,,,,,,,,,,,,,,,,,
btm,10580,0.034395160619169474,0.00837351136142388,0.4557548835873604,0.08135890802368521,0.6464519992470741,0.5379511430859566,0.4213597230613232,0.6091935634613037,0.0001,5,1930.2452137924643,0.4074592590332031,,,,,,,,,,,,,,,,,,,,,,,,,,,,,,,,,,,,,,,,,,,,,,,,,,,,,
btm,10590,0.014605500316247345,0.00830343026900664,0.4653006851673126,0.08748917942866682,0.6695055931806564,0.5536202095448971,0.4506951838731766,0.5536872148513794,0.0001,5,1961.1820480099138,0.4074592590332031,,,,,,,,,,,,,,,,,,,,,,,,,,,,,,,,,,,,,,,,,,,,,,,,,,,,,
btm,10600,0.012117946939542889,0.007945983519311995,0.4771050736308098,0.08372578225098551,0.6795829758048058,0.5616254553198814,0.46498712375760076,0.5917356610298157,0.0001,5,2002.9570579729468,0.4074592590332031,,,,,,,,,,,,,,,,,,,,,,,,,,,,,,,,,,,,,,,,,,,,,,,,,,,,,
btm,10610,0.025487398775294424,0.008196981693617999,0.437792194634676,0.08400787636637688,0.640545666217804,0.5226197689771652,0.41230479776859286,0.5803411602973938,0.0001,5,1890.9238712462663,0.4074592590332031,,,,,,,,,,,,,,,,,,,,,,,,,,,,,,,,,,,,,,,,,,,,,,,,,,,,,
btm,10620,0.03145318608731031,0.007903077104128898,0.44576471447944643,0.08408884536474943,0.6409473150968552,0.530643867701292,0.4143115282058716,0.6704372763633728,0.0001,5,1992.5112072070167,0.4074592590332031,,,,,,,,,,,,,,,,,,,,,,,,,,,,,,,,,,,,,,,,,,,,,,,,,,,,,
btm,10630,0.016416086815297604,0.00883062881184742,0.4688939116895199,0.0870789694134146,0.670521180331707,0.5568559423089028,0.45247782543301585,0.7060449719429016,0.0001,5,2011.6562885059325,0.4074592590332031,,,,,,,,,,,,,,,,,,,,,,,,,,,,,,,,,,,,,,,,,,,,,,,,,,,,,
btm,10640,0.010569269093684852,0.008469048654660583,0.5128092885017395,0.08834571479819715,0.7061543598771095,0.6020019128918648,0.502240015566349,0.5790345668792725,0.0001,5,1930.093181659397,0.4074592590332031,,,,,,,,,,,,,,,,,,,,,,,,,,,,,,,,,,,,,,,,,,,,,,,,,,,,,
btm,10650,0.020196924940682946,0.008069482061546295,0.4769553177058697,0.08115282165817916,0.6726046293973923,0.5589150786399841,0.45675839483737946,0.9280939698219299,0.0001,5,1927.9988329345906,0.4074592590332031,,,,,,,,,,,,,,,,,,,,,,,,,,,,,,,,,,,,,,,,,,,,,,,,,,,,,
btm,10660,0.03730412586592138,0.00859219100093469,0.4225436493754387,0.09261163584887981,0.6192975521087647,0.5160145059227943,0.3852395243942738,0.7481775283813477,0.0001,5,1930.557718464349,0.4074592590332031,,,,,,,,,,,,,,,,,,,,,,,,,,,,,,,,,,,,,,,,,,,,,,,,,,,,,
btm,10670,0.023309093341231345,0.00821518583688885,0.45909891501069067,0.08647561655379832,0.6584188804030419,0.5463960528373718,0.4357898198068142,0.6211273670196533,0.0001,5,1942.7902750155638,0.4074592590332031,,,,,,,,,,,,,,,,,,,,,,,,,,,,,,,,,,,,,,,,,,,,,,,,,,,,,
btm,10680,0.010484087350778281,0.008367301477119327,0.5189981676638127,0.07864307034760713,0.7114574819803238,0.5984779626131058,0.508514080941677,0.5105141401290894,0.0001,5,1966.1595932220584,0.4074592590332031,,,,,,,,,,,,,,,,,,,,,,,,,,,,,,,,,,,,,,,,,,,,,,,,,,,,,
btm,10690,0.014446478756144642,0.008773173636291176,0.4938813216984272,0.0759477929212153,0.6908308133482933,0.5707064300775528,0.4794348478317261,0.5879995822906494,0.0001,5,1973.116692965088,0.4074592590332031,,,,,,,,,,,,,,,,,,,,,,,,,,,,,,,,,,,,,,,,,,,,,,,,,,,,,
btm,10700,0.035105454502627254,0.008266287669539452,0.43118534684181214,0.08260127352550625,0.6269530907273293,0.5146132551133633,0.3960798941552639,0.6678416728973389,0.0001,5,1973.7480417108065,0.4074592590332031,,,,,,,,,,,,,,,,,,,,,,,,,,,,,,,,,,,,,,,,,,,,,,,,,,,,,
btm,10710,0.032710312586277726,0.008263944939244539,0.4390952855348587,0.07993820677511394,0.6333913758397103,0.5198598891496659,0.40638497173786164,0.6131567358970642,0.0001,5,1964.3767156447177,0.4074592590332031,,,,,,,,,,,,,,,,,,,,,,,,,,,,,,,,,,,,,,,,,,,,,,,,,,,,,
btm,10720,0.011969693948049098,0.008363419224042445,0.49357336312532424,0.0878784267231822,0.6925522312521935,0.582288134843111,0.4816036693751812,0.572909414768219,0.0001,5,1999.6442205446635,0.4074592590332031,,,,,,,,,,,,,,,,,,,,,,,,,,,,,,,,,,,,,,,,,,,,,,,,,,,,,
btm,10730,0.008963819243945181,0.008968599699437618,0.5599171079695224,0.08810761808417737,0.7401497587561607,0.6489215835928916,0.5509532868862153,1.018685221672058,0.0001,5,1934.9678194408762,0.4074592590332031,,,,,,,,,,,,,,,,,,,,,,,,,,,,,,,,,,,,,,,,,,,,,,,,,,,,,
btm,10740,0.023666118993423878,0.008269726717844605,0.4794829018414021,0.083683071564883,0.6730497911572456,0.5639929369091987,0.4558167815208435,0.8540366888046265,0.0001,5,1924.6524568071804,0.4074592590332031,,,,,,,,,,,,,,,,,,,,,,,,,,,,,,,,,,,,,,,,,,,,,,,,,,,,,
btm,10750,0.044643125217407945,0.008190158696379513,0.46571904718875884,0.08545842533931136,0.6460171267390251,0.551996485888958,0.4210759222507477,0.6732134222984314,0.0001,5,1949.519490312064,0.4074592590332031,,,,,,,,,,,,,,,,,,,,,,,,,,,,,,,,,,,,,,,,,,,,,,,,,,,,,
btm,10760,0.032490957295522094,0.008327639347407967,0.43208457008004186,0.07652005846612156,0.6292243868112564,0.5094373919069767,0.39959361404180527,0.681187629699707,0.0001,5,1836.3122654720848,0.4074592590332031,,,,,,,,,,,,,,,,,,,,,,,,,,,,,,,,,,,,,,,,,,,,,,,,,,,,,
btm,10770,0.014179526455700397,0.00829982542200014,0.4950027510523796,0.08318551611155271,0.6914188981056213,0.5790182471275329,0.4808232247829437,0.9606397747993469,0.0001,5,1842.1230054567545,0.4074592590332031,,,,,,,,,,,,,,,,,,,,,,,,,,,,,,,,,,,,,,,,,,,,,,,,,,,,,
btm,10780,0.012173407501541078,0.008295777172315865,0.4752001091837883,0.08848978336900473,0.67813081741333,0.5645194679498673,0.46302670165896415,0.5980823636054993,0.0001,5,1882.0607802244256,0.4074592590332031,,,,,,,,,,,,,,,,,,,,,,,,,,,,,,,,,,,,,,,,,,,,,,,,,,,,,
btm,10790,0.02135304743424058,0.008137699135113507,0.46472622379660605,0.08350598942488432,0.6631619229912757,0.5490459851920605,0.44337317943572996,0.5751613974571228,0.0001,5,1799.9437857978921,0.4074592590332031,,,,,,,,,,,,,,,,,,,,,,,,,,,,,,,,,,,,,,,,,,,,,,,,,,,,,
btm,10800,0.028210364887490867,0.008449469169136137,0.45088114589452744,0.08543974673375487,0.6468138217926025,0.5371658414602279,0.4226707823574543,0.6511954069137573,0.0001,5,1893.128348139852,0.4074592590332031,,,,,,,,,,,,,,,,,,,,,,,,,,,,,,,,,,,,,,,,,,,,,,,,,,,,,
btm,10810,0.019379556248895823,0.008478313905652613,0.45504433289170265,0.08974728416651487,0.6579630538821221,0.5456394501030445,0.435664776712656,0.6232979893684387,0.0001,5,1788.7735719957222,0.4074592590332031,,,,,,,,,,,,,,,,,,,,,,,,,,,,,,,,,,,,,,,,,,,,,,,,,,,,,
btm,10820,0.013961607590317726,0.008408640057314187,0.45704865977168085,0.09128502542153001,0.6640119299292564,0.549174553155899,0.44308705255389214,0.5419672131538391,0.0001,5,1877.12672329064,0.4074592590332031,,,,,,,,,,,,,,,,,,,,,,,,,,,,,,,,,,,,,,,,,,,,,,,,,,,,,
btm,10830,0.015715187415480614,0.008542997320182622,0.4698623180389404,0.08895039847120642,0.6710379183292389,0.5596670165657998,0.45414713248610494,1.2448452711105347,0.0001,5,1841.4931081300883,0.4074592590332031,,,,,,,,,,,,,,,,,,,,,,,,,,,,,,,,,,,,,,,,,,,,,,,,,,,,,
btm,10840,0.02539755366742611,0.008442445925902575,0.42021851167082785,0.09327398398891092,0.626783350110054,0.51433674544096,0.3948209576308727,0.5260670781135559,0.0001,5,1903.692850848125,0.4074592590332031,,,,,,,,,,,,,,,,,,,,,,,,,,,,,,,,,,,,,,,,,,,,,,,,,,,,,
btm,10850,0.0238942077383399,0.0082016960834153,0.4329605847597122,0.08572306605055928,0.6375285863876343,0.5195038229227066,0.40906637609004975,0.5856766104698181,0.0001,5,1811.43270406014,0.4074592590332031,,,,,,,,,,,,,,,,,,,,,,,,,,,,,,,,,,,,,,,,,,,,,,,,,,,,,
btm,10860,0.01483383325394243,0.008596314932219684,0.4765809290111065,0.08100393330678343,0.6770976155996322,0.5584444977343083,0.46174709498882294,0.5607659816741943,0.0001,5,1908.9087459503507,0.4074592590332031,,,,,,,,,,,,,,,,,,,,,,,,,,,,,,,,,,,,,,,,,,,,,,,,,,,,,
btm,10870,0.013672594539821148,0.00862198427785188,0.4665343686938286,0.0892961292527616,0.6702151596546173,0.5566927008330822,0.45286177545785905,0.7581334710121155,0.0001,5,1860.3489044341643,0.4074592590332031,,,,,,,,,,,,,,,,,,,,,,,,,,,,,,,,,,,,,,,,,,,,,,,,,,,,,
btm,10880,0.018953566998243333,0.008571022865362465,0.43877481296658516,0.07993904720060527,0.6462831690907478,0.5195709586143493,0.4198212467133999,0.522944986820221,0.0001,5,1849.9914835941186,0.4074592590332031,,,,,,,,,,,,,,,,,,,,,,,,,,,,,,,,,,,,,,,,,,,,,,,,,,,,,
btm,10890,0.02291012448258698,0.008007112075574696,0.430978125333786,0.08285010429099202,0.636414435505867,0.5146289393305779,0.40806800201535226,0.7124122381210327,0.0001,5,1788.3507686456232,0.4074592590332031,,,,,,,,,,,,,,,,,,,,,,,,,,,,,,,,,,,,,,,,,,,,,,,,,,,,,
btm,10900,0.02075323574244976,0.008616928197443485,0.45007568746805193,0.0851408660877496,0.6522575959563255,0.5360782466828823,0.42932245060801505,0.5569279789924622,0.0001,5,1829.7624399631254,0.4074592590332031,,,,,,,,,,,,,,,,,,,,,,,,,,,,,,,,,,,,,,,,,,,,,,,,,,,,,
btm,10910,0.01469498483929783,0.00868809400126338,0.4799593485891819,0.08522494179196656,0.6801255747675896,0.5660530984401703,0.4652643620967865,0.49599096179008484,0.0001,5,1949.030267694879,0.4074592590332031,,,,,,,,,,,,,,,,,,,,,,,,,,,,,,,,,,,,,,,,,,,,,,,,,,,,,
btm,10920,0.01570422810036689,0.008417237829416991,0.47788687273859976,0.0902191129513085,0.6768396124243736,0.5689477100968361,0.4621826454997063,0.7431127429008484,0.0001,5,1971.4931661579317,0.4074592590332031,,,,,,,,,,,,,,,,,,,,,,,,,,,,,,,,,,,,,,,,,,,,,,,,,,,,,
btm,10930,0.02354061705991626,0.00811317515326664,0.450576388835907,0.08675858769565821,0.6508511438965797,0.5381462946534157,0.4270357720553875,0.8219544291496277,0.0001,5,1824.6970638871242,0.4074592590332031,,,,,,,,,,,,,,,,,,,,,,,,,,,,,,,,,,,,,,,,,,,,,,,,,,,,,
btm,10940,0.018311860016547145,0.00829837394412607,0.4548598453402519,0.09032915886491537,0.6590581521391868,0.5460188381373883,0.4365479849278927,0.6368270516395569,0.0001,5,1734.3998039043172,0.4074592590332031,,,,,,,,,,,,,,,,,,,,,,,,,,,,,,,,,,,,,,,,,,,,,,,,,,,,,
btm,10950,0.010562573932111264,0.00828183115227148,0.5131073907017708,0.08169958214275538,0.7071823075413703,0.5956351608037949,0.5025448150932789,0.5506566762924194,0.0001,5,1769.2347627299735,0.4074592590332031,,,,,,,,,,,,,,,,,,,,,,,,,,,,,,,,,,,,,,,,,,,,,,,,,,,,,
btm,10960,0.012556482013314963,0.007927465997636319,0.5029179848730564,0.08608616217970848,0.6982463955879211,0.5897968977689743,0.49036150202155115,0.5522075891494751,0.0001,5,1891.4433425874297,0.4074592590332031,,,,,,,,,,,,,,,,,,,,,,,,,,,,,,,,,,,,,,,,,,,,,,,,,,,,,
btm,10970,0.029406230058521034,0.008074144856072963,0.44471918493509294,0.08725933646783232,0.6416497305035591,0.5327859334647655,0.41531295478343966,0.9975259900093079,0.0001,5,1911.2383485641305,0.4074592590332031,,,,,,,,,,,,,,,,,,,,,,,,,,,,,,,,,,,,,,,,,,,,,,,,,,,,,
btm,10980,0.03563918941654265,0.008761706342920662,0.41488569751381876,0.08684195689857006,0.6135722801089287,0.5026038229465485,0.3792465075850487,0.5965895056724548,0.0001,5,1912.8829913745021,0.4074592590332031,,,,,,,,,,,,,,,,,,,,,,,,,,,,,,,,,,,,,,,,,,,,,,,,,,,,,
btm,10990,0.01589554634410888,0.008050604141317308,0.47552898749709127,0.07749029649421572,0.6759700372815132,0.5538243442773819,0.45963343903422355,0.7340806126594543,0.0001,5,1789.045064542518,0.4074592590332031,,,,,,,,,,,,,,,,,,,,,,,,,,,,,,,,,,,,,,,,,,,,,,,,,,,,,
btm,11000,0.00867021136218682,0.008853410091251134,0.4935606703162193,0.09075044374912977,0.6945145323872566,0.585196453332901,0.48489046171307565,0.652847409248352,0.0001,5,1803.3088727702266,0.4074592590332031,,,,,,,,,,,,,,,,,,,,,,,,,,,,,,,,,,,,,,,,,,,,,,,,,,,,,
btm,11000,,,,,,,,,,,,,0.010317690554074943,0.007092923013260588,0.4219819325953722,0.06566193443723023,0.640641413629055,0.4883531518280506,0.41166424192488194,0.22959554148837924,0.11342753493227065,0.0,,,,,,,,,,,,,,,,,,,,,,,,,,,,,,,,,,,,,,,,,,,
btm,11000,,,,,,,,,,,,,,,,,,,,,,,0.4,8,20,0.21880396741419272,0.613422057684794,60.90792579203844,1130.6733191013336,1149.1571930237114,0.17138740201480687,0.23021266882307828,0.2041505967386258,665600,1,40,0.25,5,20,0.11186005278940309,0.4687050099580636,60.82121127843857,1125.536368880421,1134.9819778464735,0.1822105578047922,0.2674281543400139,0.25253482698821106,665600,1,40,0.1,2,20,0.027865893984153206,0.30103820641179335,60.79409457743168,1120.64438322559,1151.7026715911925,0.6652655991527717,0.5079998690355569,0.308237343109571,665600,1,40,0.25
btm,11010,0.016405264381319284,0.007818044617306442,0.5030293636023998,0.08428004905581474,0.6939861506223679,0.588091216236353,0.48662410154938696,1.3726731538772583,0.0001,5,6.265229606004897,0.4074592590332031,,,,,,,,,,,,,,,,,,,,,,,,,,,,,,,,,,,,,,,,,,,,,,,,,,,,,
btm,11020,0.034188749827444555,0.007937933993525803,0.45605637356638906,0.0834350070450455,0.6475347727537155,0.5402851767838002,0.4218676269054413,0.6446712017059326,0.0001,5,1895.5681812489454,0.4074592590332031,,,,,,,,,,,,,,,,,,,,,,,,,,,,,,,,,,,,,,,,,,,,,,,,,,,,,
btm,11030,0.029100584192201497,0.008347603701986372,0.43727886974811553,0.08195816008374095,0.6362409420311451,0.520071791112423,0.408178286254406,0.7573108673095703,0.0001,5,1843.5520010476778,0.4074592590332031,,,,,,,,,,,,,,,,,,,,,,,,,,,,,,,,,,,,,,,,,,,,,,,,,,,,,
btm,11040,0.014205620298162103,0.008283336111344398,0.4544891111552715,0.08782863910309971,0.6607499584555626,0.5431460827589035,0.440283490717411,0.612665593624115,0.0001,5,1700.259574261905,0.4074592590332031,,,,,,,,,,,,,,,,,,,,,,,,,,,,,,,,,,,,,,,,,,,,,,,,,,,,,
btm,11050,0.009209075849503279,0.008229112054686993,0.5165936999022961,0.08402895769104361,0.7100922033190727,0.6014455661177636,0.5073846235871315,0.5628578662872314,0.0001,5,1798.4160025823692,0.4074592590332031,,,,,,,,,,,,,,,,,,,,,,,,,,,,,,,,,,,,,,,,,,,,,,,,,,,,,
btm,11060,0.02031213401351124,0.008513515314552933,0.43310822248458863,0.08729293597862124,0.6406634241342545,0.5212525084614754,0.4127960905432701,0.75487220287323,0.0001,5,1794.0908014700367,0.4074592590332031,,,,,,,,,,,,,,,,,,,,,,,,,,,,,,,,,,,,,,,,,,,,,,,,,,,,,
btm,11070,0.03171080588363111,0.008080084237735718,0.45633121356368067,0.08717540297657252,0.6496963784098625,0.54431461840868,0.42462041079998014,0.6537595987319946,0.0001,5,1891.1154610706005,0.4074592590332031,,,,,,,,,,,,,,,,,,,,,,,,,,,,,,,,,,,,,,,,,,,,,,,,,,,,,
btm,11080,0.02122195172123611,0.008581091102678328,0.4396184206008911,0.08738184105604888,0.6429426789283752,0.5278583690524101,0.41839647069573405,0.6162735223770142,0.0001,5,1920.8856141726458,0.4074592590332031,,,,,,,,,,,,,,,,,,,,,,,,,,,,,,,,,,,,,,,,,,,,,,,,,,,,,
btm,11090,0.010330935753881932,0.008200241555459797,0.5064786829054355,0.08649361608549952,0.7023261085152626,0.5937923274934291,0.4961477480828762,0.5892271995544434,0.0001,5,1959.348057780736,0.4074592590332031,,,,,,,,,,,,,,,,,,,,,,,,,,,,,,,,,,,,,,,,,,,,,,,,,,,,,
btm,11100,0.013902183901518584,0.00848043808946386,0.468301759660244,0.08178872927092015,0.6717777281999588,0.5509385362267494,0.4543995760381222,0.5562174916267395,0.0001,5,1884.170827806365,0.4074592590332031,,,,,,,,,,,,,,,,,,,,,,,,,,,,,,,,,,,,,,,,,,,,,,,,,,,,,
btm,11110,0.034442390175536276,0.008140920486766845,0.4401367850601673,0.0828554811887443,0.6345894873142243,0.5238063566386699,0.40569439381361005,0.5820683240890503,0.0001,5,1832.8998798662608,0.4074592590332031,,,,,,,,,,,,,,,,,,,,,,,,,,,,,,,,,,,,,,,,,,,,,,,,,,,,,
btm,11120,0.03105646390467882,0.008316822233609855,0.4402029149234295,0.09468180807307362,0.6367764756083488,0.5357164025306702,0.4091464541852474,0.9574083685874939,0.0001,5,1898.311982441718,0.4074592590332031,,,,,,,,,,,,,,,,,,,,,,,,,,,,,,,,,,,,,,,,,,,,,,,,,,,,,
btm,11130,0.013350874022580683,0.008228277403395623,0.48281178921461104,0.0873503283597529,0.6824615627527237,0.5709849447011948,0.46946091279387475,0.5651313662528992,0.0001,5,1860.7501197372846,0.4074592590332031,,,,,,,,,,,,,,,,,,,,,,,,,,,,,,,,,,,,,,,,,,,,,,,,,,,,,
btm,11140,0.010337159666232765,0.008676185784861446,0.5181836456060409,0.09010010231286288,0.7100591406226158,0.6091513618826866,0.5078464865684509,0.5623519420623779,0.0001,5,1904.9027373982324,0.4074592590332031,,,,,,,,,,,,,,,,,,,,,,,,,,,,,,,,,,,,,,,,,,,,,,,,,,,,,
btm,11150,0.023075134493410587,0.008304642385337502,0.4460670068860054,0.08896121010184288,0.6478373929858208,0.5358586847782135,0.4229918733239174,0.6244312524795532,0.0001,5,1759.5466267249956,0.4074592590332031,,,,,,,,,,,,,,,,,,,,,,,,,,,,,,,,,,,,,,,,,,,,,,,,,,,,,
btm,11160,0.03648768439888954,0.008060030243359505,0.4572406142950058,0.08615103596821427,0.6457040056586265,0.5441976502537728,0.42075292989611623,0.8268542885780334,0.0001,5,1936.5237275644536,0.4074592590332031,,,,,,,,,,,,,,,,,,,,,,,,,,,,,,,,,,,,,,,,,,,,,,,,,,,,,
btm,11170,0.023106784978881478,0.008199342270381748,0.44745973870158195,0.08777473270893096,0.6493609786033631,0.5360543981194497,0.424352952092886,0.6426852941513062,0.0001,5,1964.371903380443,0.4074592590332031,,,,,,,,,,,,,,,,,,,,,,,,,,,,,,,,,,,,,,,,,,,,,,,,,,,,,
btm,11180,0.011271031643263995,0.008457884145900606,0.5142347075045108,0.0833388921804726,0.7071870043873787,0.5984193809330464,0.502963675558567,0.5754609704017639,0.0001,5,2010.5391655250996,0.4074592590332031,,,,,,,,,,,,,,,,,,,,,,,,,,,,,,,,,,,,,,,,,,,,,,,,,,,,,
btm,11190,0.014588356390595436,0.008653346810024231,0.4973962396383286,0.09414150267839431,0.6930006265640258,0.5924030758440495,0.4828078828752041,0.5336336493492126,0.0001,5,1932.5422306860266,0.4074592590332031,,,,,,,,,,,,,,,,,,,,,,,,,,,,,,,,,,,,,,,,,,,,,,,,,,,,,
btm,11200,0.0342408996541053,0.008386494009755552,0.4754913911223412,0.08795325122773648,0.659387631714344,0.5642832934856414,0.441250491887331,0.7221431732177734,0.0001,5,1917.1391727036225,0.4074592590332031,,,,,,,,,,,,,,,,,,,,,,,,,,,,,,,,,,,,,,,,,,,,,,,,,,,,,
btm,11210,0.030657393811270594,0.008235228876583279,0.42704139202833175,0.08258288567885756,0.626342636346817,0.510447796434164,0.3963839992880821,0.6180716753005981,0.0001,5,1863.22032674111,0.4074592590332031,,,,,,,,,,,,,,,,,,,,,,,,,,,,,,,,,,,,,,,,,,,,,,,,,,,,,
btm,11220,0.014253227086737753,0.008217902830801904,0.48207164332270624,0.08235863479785621,0.6809281334280968,0.5652520701289176,0.46781841963529586,0.6689311861991882,0.0001,5,1901.9540253747784,0.4074592590332031,,,,,,,,,,,,,,,,,,,,,,,,,,,,,,,,,,,,,,,,,,,,,,,,,,,,,
btm,11230,0.01077722196932882,0.00833285158732906,0.4899341709911823,0.09117471650242806,0.6905554577708244,0.5819421723484993,0.47915695011615755,0.7020100951194763,0.0001,5,1936.9297099344778,0.4074592590332031,,,,,,,,,,,,,,,,,,,,,,,,,,,,,,,,,,,,,,,,,,,,,,,,,,,,,
btm,11240,0.020468088681809604,0.008436367963440716,0.44495091661810876,0.0845701907761395,0.6501585230231285,0.5303647428750992,0.42448282688856126,0.6139578223228455,0.0001,5,2038.1583137169978,0.4074592590332031,,,,,,,,,,,,,,,,,,,,,,,,,,,,,,,,,,,,,,,,,,,,,,,,,,,,,
btm,11250,0.02986065475270152,0.0083371568354778,0.4348332665860653,0.0854747018776834,0.6332910120487213,0.5211416840553283,0.40497261434793475,0.6367087364196777,0.0001,5,2038.7774669762337,0.4074592590332031,,,,,,,,,,,,,,,,,,,,,,,,,,,,,,,,,,,,,,,,,,,,,,,,,,,,,
btm,11260,0.02056600437499583,0.008157936832867562,0.4112718917429447,0.08495167633518577,0.6226212993264199,0.4970393620431423,0.39070588871836665,0.6249953508377075,0.0001,5,2028.4220738195581,0.4074592590332031,,,,,,,,,,,,,,,,,,,,,,,,,,,,,,,,,,,,,,,,,,,,,,,,,,,,,
btm,11270,0.011608303640969098,0.00842588908271864,0.46267237737774847,0.07849157052114605,0.6695205375552178,0.5420065373182297,0.4510640725493431,0.6150729656219482,0.0001,5,1996.3521886998994,0.4074592590332031,,,,,,,,,,,,,,,,,,,,,,,,,,,,,,,,,,,,,,,,,,,,,,,,,,,,,
btm,11280,0.014353304845280945,0.007951071544084698,0.43918798342347143,0.08163796160370111,0.650200167298317,0.5216210514307023,0.424834680557251,0.5411405563354492,0.0001,5,1995.6036486661335,0.4074592590332031,,,,,,,,,,,,,,,,,,,,,,,,,,,,,,,,,,,,,,,,,,,,,,,,,,,,,
btm,11290,0.024914647033438087,0.008192151156254112,0.4359767772257328,0.08554284228011966,0.6375329948961734,0.5223388344049453,0.41106213107705114,0.6748955845832825,0.0001,5,1975.2214780941483,0.4074592590332031,,,,,,,,,,,,,,,,,,,,,,,,,,,,,,,,,,,,,,,,,,,,,,,,,,,,,
btm,11300,0.02275062082335353,0.008586214925162493,0.44058588668704035,0.07814564649015665,0.6445767864584923,0.5195901557803154,0.4178352653980255,0.6866042613983154,0.0001,5,1772.58366062088,0.4074592590332031,,,,,,,,,,,,,,,,,,,,,,,,,,,,,,,,,,,,,,,,,,,,,,,,,,,,,
btm,11310,0.01594449016265571,0.008390481222886593,0.4572301536798477,0.08747040452435613,0.661709851026535,0.5455396011471748,0.44128566384315493,0.5314504504203796,0.0001,5,1716.4936847575846,0.4074592590332031,,,,,,,,,,,,,,,,,,,,,,,,,,,,,,,,,,,,,,,,,,,,,,,,,,,,,
btm,11320,0.014668550994247197,0.008513425081036984,0.449976347386837,0.08965400103479623,0.6577371910214425,0.5404816880822182,0.43530779927968977,0.7537730932235718,0.0001,5,1773.1310411072625,0.4074592590332031,,,,,,,,,,,,,,,,,,,,,,,,,,,,,,,,,,,,,,,,,,,,,,,,,,,,,
btm,11330,0.017143264529295266,0.008405629987828433,0.4200653612613678,0.08536335974931716,0.6325803011655807,0.5062692806124687,0.4029220975935459,0.5812901258468628,0.0001,5,1933.374477948693,0.4074592590332031,,,,,,,,,,,,,,,,,,,,,,,,,,,,,,,,,,,,,,,,,,,,,,,,,,,,,
btm,11340,0.019079257920384406,0.008302581589668989,0.4129524417221546,0.08264521742239594,0.6250658541917801,0.49642791971564293,0.3938731849193573,0.5297262668609619,0.0001,5,1975.9269518856513,0.4074592590332031,,,,,,,,,,,,,,,,,,,,,,,,,,,,,,,,,,,,,,,,,,,,,,,,,,,,,
btm,11350,0.01718262010253966,0.008650783763732761,0.4361805200576782,0.08078817212954163,0.645576287806034,0.5178337685763836,0.41899789944291116,0.6229549050331116,0.0001,5,2014.9846487759278,0.4074592590332031,,,,,,,,,,,,,,,,,,,,,,,,,,,,,,,,,,,,,,,,,,,,,,,,,,,,,
btm,11360,0.015697598410770296,0.008444273157510906,0.4485549971461296,0.08346292339265346,0.6550098642706871,0.5328623466193676,0.4328573986887932,0.5502884984016418,0.0001,5,1928.1195686103763,0.4074592590332031,,,,,,,,,,,,,,,,,,,,,,,,,,,,,,,,,,,,,,,,,,,,,,,,,,,,,
btm,11370,0.014694696664810181,0.007867765775881708,0.4245518334209919,0.08093065191060304,0.6376524850726127,0.5062692642211915,0.40985713675618174,0.6417855024337769,0.0001,5,1973.2005095111272,0.4074592590332031,,,,,,,,,,,,,,,,,,,,,,,,,,,,,,,,,,,,,,,,,,,,,,,,,,,,,
btm,11380,0.017149852681905033,0.008458950684871524,0.43425837978720666,0.08856284394860267,0.6432166337966919,0.5236671268939972,0.4171085268259048,0.5788342356681824,0.0001,5,1788.1570067514265,0.4074592590332031,,,,,,,,,,,,,,,,,,,,,,,,,,,,,,,,,,,,,,,,,,,,,,,,,,,,,
btm,11390,0.01691016193944961,0.008691620826721192,0.4376499243080616,0.09623685358092189,0.6449347257614135,0.5347559437155723,0.42073976173996924,0.5675462484359741,0.0001,5,1910.4180299198372,0.4074592590332031,,,,,,,,,,,,,,,,,,,,,,,,,,,,,,,,,,,,,,,,,,,,,,,,,,,,,
btm,11400,0.014079208811745047,0.00844454555772245,0.45495652332901954,0.08202345347963273,0.6614918380975723,0.5378244310617447,0.4408773146569729,0.5907788276672363,0.0001,5,1958.817563430171,0.4074592590332031,,,,,,,,,,,,,,,,,,,,,,,,,,,,,,,,,,,,,,,,,,,,,,,,,,,,,
btm,11410,0.014674419537186623,0.008317350328434258,0.41683855950832366,0.08822670662775636,0.6321826964616776,0.5058969996869565,0.4021641418337822,0.4819332957267761,0.0001,5,1960.0869558468596,0.4074592590332031,,,,,,,,,,,,,,,,,,,,,,,,,,,,,,,,,,,,,,,,,,,,,,,,,,,,,
btm,11420,0.01820239396765828,0.008425553143024445,0.40600755512714387,0.08159916140139103,0.6212881401181221,0.4884492754936218,0.3878051616251469,0.564207136631012,0.0001,5,1967.156422765676,0.4074592590332031,,,,,,,,,,,,,,,,,,,,,,,,,,,,,,,,,,,,,,,,,,,,,,,,,,,,,
btm,11430,0.02057438576593995,0.008421858446672559,0.42630904242396356,0.09191360278055072,0.6344744443893433,0.5190648242831231,0.4057346574962139,0.6901549100875854,0.0001,5,1906.5230547820072,0.4074592590332031,,,,,,,,,,,,,,,,,,,,,,,,,,,,,,,,,,,,,,,,,,,,,,,,,,,,,
btm,11440,0.014544204156845809,0.008342707890551537,0.46839698776602745,0.08962257271632552,0.6719482257962227,0.5588538318872451,0.45385278165340426,0.7912107706069946,0.0001,5,1952.7955019252347,0.4074592590332031,,,,,,,,,,,,,,,,,,,,,,,,,,,,,,,,,,,,,,,,,,,,,,,,,,,,,
btm,11450,0.009878984675742686,0.008464977506082504,0.4715388506650925,0.08871643878519535,0.677162592113018,0.5611017920076847,0.4616598650813103,0.575433075428009,0.0001,5,1810.5082916378424,0.4074592590332031,,,,,,,,,,,,,,,,,,,,,,,,,,,,,,,,,,,,,,,,,,,,,,,,,,,,,
btm,11460,0.017010933253914118,0.00825329691870138,0.4396148033440113,0.09164907634258271,0.6477473855018616,0.5320892095565796,0.4226038672029972,0.5215283036231995,0.0001,5,1998.262566558905,0.4074592590332031,,,,,,,,,,,,,,,,,,,,,,,,,,,,,,,,,,,,,,,,,,,,,,,,,,,,,
btm,11470,0.02847236776724458,0.00883550535654649,0.43730718791484835,0.08815828114748,0.6361112356185913,0.5263490229845047,0.4088348180055618,1.3537675142288208,0.0001,5,1929.8632299839426,0.4074592590332031,,,,,,,,,,,,,,,,,,,,,,,,,,,,,,,,,,,,,,,,,,,,,,,,,,,,,
btm,11480,0.019085061200894416,0.008473003993276506,0.4539255388081074,0.085884999204427,0.657672980427742,0.5406578332185745,0.4348404794931412,0.6712008118629456,0.0001,5,1932.0903405763074,0.4074592590332031,,,,,,,,,,,,,,,,,,,,,,,,,,,,,,,,,,,,,,,,,,,,,,,,,,,,,
btm,11490,0.008576803107280285,0.008060182386543602,0.49177059903740883,0.08751556081697345,0.6917668804526329,0.5800921708345413,0.48319379687309266,0.7158241868019104,0.0001,5,1938.056576070067,0.4074592590332031,,,,,,,,,,,,,,,,,,,,,,,,,,,,,,,,,,,,,,,,,,,,,,,,,,,,,
btm,11500,0.011428733367938548,0.007481429830659181,0.509343983232975,0.08027793532237411,0.7036223232746124,0.5903700605034828,0.4979152522981167,0.6145246028900146,0.0001,5,1870.0213614830657,0.4074592590332031,,,,,,,,,,,,,,,,,,,,,,,,,,,,,,,,,,,,,,,,,,,,,,,,,,,,,
btm,11500,,,,,,,,,,,,,0.017977990675717592,0.007067948143230751,0.39115787483751774,0.06679180369246751,0.609539620578289,0.45865646563470364,0.3731798864901066,0.23964250972494483,0.1224648728966713,0.0,,,,,,,,,,,,,,,,,,,,,,,,,,,,,,,,,,,,,,,,,,,
btm,11510,0.03217707513831556,0.008289034338667988,0.45441470965743064,0.08895101565867662,0.647030983865261,0.5441946253180504,0.42223763540387155,0.7123785018920898,0.0001,5,1003.9890729216594,0.4074592590332031,,,,,,,,,,,,,,,,,,,,,,,,,,,,,,,,,,,,,,,,,,,,,,,,,,,,,
btm,11520,0.03676421325653791,0.008095726417377592,0.40865622386336325,0.08968104943633079,0.60694495216012,0.4991468518972397,0.3718920093029737,0.6481172442436218,0.0001,5,1943.4263197792823,0.4074592590332031,,,,,,,,,,,,,,,,,,,,,,,,,,,,,,,,,,,,,,,,,,,,,,,,,,,,,
btm,11530,0.016442384594120084,0.008298844483215361,0.4238889954984188,0.08417497305199503,0.6373795732855797,0.508893859386444,0.4074466101825237,0.5664770603179932,0.0001,5,1564.7878041295105,0.4074592590332031,,,,,,,,,,,,,,,,,,,,,,,,,,,,,,,,,,,,,,,,,,,,,,,,,,,,,
btm,11540,0.009810179425403475,0.008679206797387451,0.4604305811226368,0.08681811145506799,0.6699143543839454,0.5481166131794453,0.45062039867043496,0.5395179390907288,0.0001,5,2000.8514729040196,0.4074592590332031,,,,,,,,,,,,,,,,,,,,,,,,,,,,,,,,,,,,,,,,,,,,,,,,,,,,,
btm,11550,0.01770195965655148,0.00832794172456488,0.4649148710072041,0.08054703045636416,0.665792641043663,0.5462946876883507,0.44721291288733483,0.575160562992096,0.0001,5,1977.1100281530585,0.4074592590332031,,,,,,,,,,,,,,,,,,,,,,,,,,,,,,,,,,,,,,,,,,,,,,,,,,,,,
btm,11560,0.027538756560534238,0.007782306964509189,0.4376365840435028,0.08663129163905978,0.6360988318920135,0.5250461138784885,0.41009782925248145,1.3346203565597534,0.0001,5,1877.6514100498941,0.4074592590332031,,,,,,,,,,,,,,,,,,,,,,,,,,,,,,,,,,,,,,,,,,,,,,,,,,,,,
btm,11570,0.019344866368919612,0.00808004264254123,0.4628890812397003,0.08523846827447415,0.6629003271460533,0.5489355526864529,0.4435442127287388,0.5788900852203369,0.0001,5,1988.7208553083549,0.4074592590332031,,,,,,,,,,,,,,,,,,,,,,,,,,,,,,,,,,,,,,,,,,,,,,,,,,,,,
btm,11580,0.012686533713713288,0.008364550920668989,0.48386350274086,0.0812454461120069,0.684577688574791,0.5659454077482223,0.4711769700050354,0.6173598766326904,0.0001,5,1754.1786543835583,0.4074592590332031,,,,,,,,,,,,,,,,,,,,,,,,,,,,,,,,,,,,,,,,,,,,,,,,,,,,,
btm,11590,0.017107645235955714,0.008315240067895502,0.44023905619978904,0.08068751418031753,0.6486524015665054,0.5217580929398536,0.4231314115226269,0.6040048003196716,0.0001,5,1893.879499709511,0.4074592590332031,,,,,,,,,,,,,,,,,,,,,,,,,,,,,,,,,,,,,,,,,,,,,,,,,,,,,
btm,11600,0.02826302908360958,0.008335271792020649,0.4062085717916489,0.08304316215217114,0.6125295177102089,0.4900852687656879,0.3779455430805683,0.5972766280174255,0.0001,5,1880.1027034167603,0.4074592590332031,,,,,,,,,,,,,,,,,,,,,,,,,,,,,,,,,,,,,,,,,,,,,,,,,,,,,
btm,11610,0.017322417651303112,0.008136702387128025,0.41638418659567833,0.08365899827331305,0.6278152525424957,0.5008568599820137,0.3990617699921131,0.6019753813743591,0.0001,5,1886.956225050086,0.4074592590332031,,,,,,,,,,,,,,,,,,,,,,,,,,,,,,,,,,,,,,,,,,,,,,,,,,,,,
btm,11620,0.007390084292273969,0.008059848728589714,0.519886476546526,0.08747401293367148,0.7137512788176537,0.6081664748489857,0.5124963901937007,0.5300902724266052,0.0001,5,1865.3331514854913,0.4074592590332031,,,,,,,,,,,,,,,,,,,,,,,,,,,,,,,,,,,,,,,,,,,,,,,,,,,,,
btm,11630,0.012279977102298289,0.009040655777789652,0.4973671786487103,0.10327619146555662,0.6931807786226273,0.6015474393963813,0.485087201744318,0.8559026718139648,0.0001,5,1765.4978288206362,0.4074592590332031,,,,,,,,,,,,,,,,,,,,,,,,,,,,,,,,,,,,,,,,,,,,,,,,,,,,,
btm,11640,0.03571620685979724,0.008106004691217094,0.42421736046671865,0.08214128226973116,0.6199516996741294,0.507169246673584,0.38850115463137624,0.5256310105323792,0.0001,5,1279.292076372211,0.4074592590332031,,,,,,,,,,,,,,,,,,,,,,,,,,,,,,,,,,,,,,,,,,,,,,,,,,,,,
btm,11650,0.03637128719128668,0.008172918879427015,0.4330316327512264,0.07345643839798868,0.6271109327673912,0.5073053658008575,0.39666034653782845,0.6620833277702332,0.0001,5,1980.695312127734,0.4074592590332031,,,,,,,,,,,,,,,,,,,,,,,,,,,,,,,,,,,,,,,,,,,,,,,,,,,,,
btm,11660,0.014142766292206944,0.008087478496599942,0.4532029189169407,0.07647759662941098,0.6602870985865593,0.5304892592132091,0.439060153067112,0.5818859934806824,0.0001,5,1893.8895211088602,0.4074592590332031,,,,,,,,,,,,,,,,,,,,,,,,,,,,,,,,,,,,,,,,,,,,,,,,,,,,,
btm,11670,0.007875642331782728,0.008207787270657718,0.4763599805533886,0.08122683400288225,0.6822746604681015,0.558407585322857,0.46848433688282964,0.5515713095664978,0.0001,5,1937.2338046478837,0.4074592590332031,,,,,,,,,,,,,,,,,,,,,,,,,,,,,,,,,,,,,,,,,,,,,,,,,,,,,
btm,11680,0.016594273503869772,0.00817962943110615,0.43437091559171676,0.08973809583112598,0.6443270549178124,0.524926970154047,0.4177766412496567,0.559994637966156,0.0001,5,1964.4168824061342,0.4074592590332031,,,,,,,,,,,,,,,,,,,,,,,,,,,,,,,,,,,,,,,,,,,,,,,,,,,,,
btm,11690,0.033849762240424755,0.007866986200679094,0.4223532982170582,0.08337975656613708,0.620577035844326,0.5065197505056858,0.38850353434681895,0.6189056038856506,0.0001,5,1933.0695544200241,0.4074592590332031,,,,,,,,,,,,,,,,,,,,,,,,,,,,,,,,,,,,,,,,,,,,,,,,,,,,,
btm,11700,0.023777819890528917,0.008382165990769862,0.4438371978700161,0.0854695113375783,0.6464184328913689,0.530144926905632,0.4200593777000904,0.5950309038162231,0.0001,5,1962.2697579218286,0.4074592590332031,,,,,,,,,,,,,,,,,,,,,,,,,,,,,,,,,,,,,,,,,,,,,,,,,,,,,
btm,11710,0.010076679359190165,0.008187304914463312,0.4920318484306335,0.0796424727421254,0.692238898575306,0.5724930517375469,0.48195517286658285,0.5428153276443481,0.0001,5,1957.564050505013,0.4074592590332031,,,,,,,,,,,,,,,,,,,,,,,,,,,,,,,,,,,,,,,,,,,,,,,,,,,,,
btm,11720,0.01401872003916651,0.008820843405555934,0.467980295419693,0.0792178625240922,0.6717322990298271,0.5480802439153194,0.4539615772664547,0.6666285395622253,0.0001,5,2015.095973488548,0.4074592590332031,,,,,,,,,,,,,,,,,,,,,,,,,,,,,,,,,,,,,,,,,,,,,,,,,,,,,
btm,11730,0.03138997624628246,0.00808594588888809,0.4378576673567295,0.08405896853655577,0.6344769433140754,0.5227252326905727,0.4064676895737648,0.6541362404823303,0.0001,5,2006.9923168115934,0.4074592590332031,,,,,,,,,,,,,,,,,,,,,,,,,,,,,,,,,,,,,,,,,,,,,,,,,,,,,
btm,11740,0.027272596908733248,0.007708384329453111,0.4140575803816319,0.07629506522789598,0.6198918089270592,0.49112347811460494,0.3867849826812744,0.660066545009613,0.0001,5,1981.7145396446108,0.4074592590332031,,,,,,,,,,,,,,,,,,,,,,,,,,,,,,,,,,,,,,,,,,,,,,,,,,,,,
btm,11750,0.012235189136117697,0.00808232018025592,0.48163486942648887,0.08536981819197535,0.6836282193660737,0.5678129166364669,0.46939968019723893,0.5151424407958984,0.0001,5,2004.6610982152124,0.4074592590332031,,,,,,,,,,,,,,,,,,,,,,,,,,,,,,,,,,,,,,,,,,,,,,,,,,,,,
btm,11760,0.012601687689311802,0.008235344907734542,0.4884765580296516,0.08668613750487567,0.6865360349416733,0.5759862326085567,0.47587486952543256,0.5380593538284302,0.0001,5,2010.4374838016586,0.4074592590332031,,,,,,,,,,,,,,,,,,,,,,,,,,,,,,,,,,,,,,,,,,,,,,,,,,,,,
btm,11770,0.02913218382745981,0.008220245328266174,0.42607003077864647,0.07836456312797964,0.6278225049376488,0.5052566081285477,0.3969378486275673,0.5191441774368286,0.0001,5,1898.1088707854426,0.4074592590332031,,,,,,,,,,,,,,,,,,,,,,,,,,,,,,,,,,,,,,,,,,,,,,,,,,,,,
btm,11780,0.0337531765922904,0.008035285887308419,0.42211228981614113,0.08006487251259387,0.620720261335373,0.5029806904494762,0.3883591160178185,0.546911358833313,0.0001,5,2005.7966544995143,0.4074592590332031,,,,,,,,,,,,,,,,,,,,,,,,,,,,,,,,,,,,,,,,,,,,,,,,,,,,,
btm,11790,0.014646622817963362,0.008397719287313522,0.46609201803803446,0.08525475710630417,0.6700322180986404,0.5521865494549274,0.4514453947544098,0.536495566368103,0.0001,5,1996.5942565681041,0.4074592590332031,,,,,,,,,,,,,,,,,,,,,,,,,,,,,,,,,,,,,,,,,,,,,,,,,,,,,
btm,11800,0.009017756744287907,0.008501521334983409,0.5072695806622505,0.07881586346775293,0.7041290014982223,0.5869355976581574,0.49825182408094404,0.5597875118255615,0.0001,5,2001.2549564672915,0.4074592590332031,,,,,,,,,,,,,,,,,,,,,,,,,,,,,,,,,,,,,,,,,,,,,,,,,,,,,
btm,11810,0.020132642588578165,0.008467265358194708,0.4643422268331051,0.08666214337572456,0.6645321056246758,0.5518510922789573,0.4442095816135406,0.5577055215835571,0.0001,5,2010.7713833346636,0.4074592590332031,,,,,,,,,,,,,,,,,,,,,,,,,,,,,,,,,,,,,,,,,,,,,,,,,,,,,
btm,11820,0.03881101841107011,0.008233956282492728,0.43239644542336464,0.07750141406431794,0.6244356542825699,0.5107212536036968,0.3935854285955429,0.6065923571586609,0.0001,5,1896.4377468209616,0.4074592590332031,,,,,,,,,,,,,,,,,,,,,,,,,,,,,,,,,,,,,,,,,,,,,,,,,,,,,
btm,11830,0.027803958160802722,0.008334660157561301,0.4409532077610493,0.08115728390403092,0.6400236159563064,0.5229439586400986,0.4131492510437965,0.9365400075912476,0.0001,5,1968.911683143587,0.4074592590332031,,,,,,,,,,,,,,,,,,,,,,,,,,,,,,,,,,,,,,,,,,,,,,,,,,,,,
btm,11840,0.01274912382941693,0.008579940570052713,0.4721981182694435,0.0864788613282144,0.6755846753716469,0.5595349699258805,0.45944899320602417,0.6943035125732422,0.0001,5,1992.2405448158386,0.4074592590332031,,,,,,,,,,,,,,,,,,,,,,,,,,,,,,,,,,,,,,,,,,,,,,,,,,,,,
btm,11850,0.012845343095250428,0.008378987526521086,0.47781114354729654,0.09513086024671794,0.675345455110073,0.5737799048423767,0.46496580317616465,2.132791042327881,0.0001,5,2014.2495976746143,0.4074592590332031,,,,,,,,,,,,,,,,,,,,,,,,,,,,,,,,,,,,,,,,,,,,,,,,,,,,,
btm,11860,0.027272244542837144,0.008600736805237829,0.4316603668034077,0.08508328883908689,0.6338794618844986,0.5176037281751633,0.4043881230056286,0.6644874215126038,0.0001,5,1892.612501439713,0.4074592590332031,,,,,,,,,,,,,,,,,,,,,,,,,,,,,,,,,,,,,,,,,,,,,,,,,,,,,
btm,11870,0.028113578679040074,0.00819213935174048,0.42331987917423247,0.08588603688403965,0.6257383599877357,0.5100251384079456,0.3952063016593456,0.6717467308044434,0.0001,5,1997.0048690586746,0.4074592590332031,,,,,,,,,,,,,,,,,,,,,,,,,,,,,,,,,,,,,,,,,,,,,,,,,,,,,
btm,11880,0.015220944979228079,0.008475249086041003,0.4579842619597912,0.0820455807261169,0.662089827656746,0.540877366065979,0.44276331886649134,0.5201659202575684,0.0001,5,1959.6434797348536,0.4074592590332031,,,,,,,,,,,,,,,,,,,,,,,,,,,,,,,,,,,,,,,,,,,,,,,,,,,,,
btm,11890,0.010619443142786622,0.008298601198475808,0.48648757487535477,0.08849365720525385,0.687571419775486,0.5758110970258713,0.4758681274950504,0.7931581735610962,0.0001,5,1886.8040348623088,0.4074592590332031,,,,,,,,,,,,,,,,,,,,,,,,,,,,,,,,,,,,,,,,,,,,,,,,,,,,,
btm,11900,0.01659713250119239,0.008506688848137855,0.4330629251897335,0.08683518078178168,0.6437300905585289,0.5207487747073174,0.4164657935500145,0.6080381870269775,0.0001,5,1911.5888896506187,0.4074592590332031,,,,,,,,,,,,,,,,,,,,,,,,,,,,,,,,,,,,,,,,,,,,,,,,,,,,,
btm,11910,0.029776280233636498,0.008245240966789424,0.4175104059278965,0.07773185111582279,0.6195848777890205,0.49606678187847136,0.3877341255545616,1.2309181690216064,0.0001,5,1926.830519502867,0.4074592590332031,,,,,,,,,,,,,,,,,,,,,,,,,,,,,,,,,,,,,,,,,,,,,,,,,,,,,
btm,11915,,,,,,,,,,,,,,,,,,,,,,,0.2,4,20,0.0806563532712,0.41602172202575993,61.15527409687638,1133.7085486389697,1152.0749687217176,0.07824446474493016,0.1497979782195762,0.15690028978846013,665600,1,40,0.05,1,20,0.008881219432873136,0.23613589351256675,61.26908918656409,1139.2561657354236,1217.7727732807398,0.12584474334085827,0.2001472443062812,0.21405743936029,665600,1,40,0.0,0,20,0,0.16113012549493322,61.07433307543397,1127.2424855735153,1152.784565836191,0.4729976043087663,0.39854434273205697,0.2617343747845063,665600,1,40,0.08333333333333333
btm,11920,0.023436806397512555,0.008458184846676885,0.43393791988492014,0.0865972968749702,0.6380508169531822,0.5213810421526432,0.4105011112987995,0.6227855682373047,0.0001,6,6.281978513463501,0.4074592590332031,,,,,,,,,,,,,,,,,,,,,,,,,,,,,,,,,,,,,,,,,,,,,,,,,,,,,
btm,11930,0.010161776572931557,0.008183226617984474,0.4938772939145565,0.08120948122814298,0.6928991049528122,0.5759050972759724,0.4837155118584633,0.48226746916770935,0.0001,6,1862.9184935398146,0.4074592590332031,,,,,,,,,,,,,,,,,,,,,,,,,,,,,,,,,,,,,,,,,,,,,,,,,,,,,
btm,11940,0.011133408639580011,0.008100171259138733,0.5096314579248429,0.08184243431314826,0.7034064263105393,0.5922838971018791,0.4984980508685112,0.5900989174842834,0.0001,6,1879.2431216313466,0.4074592590332031,,,,,,,,,,,,,,,,,,,,,,,,,,,,,,,,,,,,,,,,,,,,,,,,,,,,,
btm,11950,0.027624854864552618,0.008332743926439434,0.4390673771500587,0.08305461090058089,0.6371280923485756,0.5229552611708641,0.4114425279200077,2.0886244773864746,0.0001,6,1893.9480022648615,0.4074592590332031,,,,,,,,,,,,,,,,,,,,,,,,,,,,,,,,,,,,,,,,,,,,,,,,,,,,,
btm,11960,0.03685993365943432,0.008181214146316052,0.4162414066493511,0.08582162079401315,0.6141025111079216,0.502881146222353,0.3793814741075039,0.5713590383529663,0.0001,6,1894.8321945117632,0.4074592590332031,,,,,,,,,,,,,,,,,,,,,,,,,,,,,,,,,,,,,,,,,,,,,,,,,,,,,
btm,11970,0.01848257633391768,0.007712833222467452,0.4342302031815052,0.08078056704252959,0.6431113585829735,0.515782056003809,0.4157476268708706,0.6843950748443604,0.0001,6,1885.9063974331827,0.4074592590332031,,,,,,,,,,,,,,,,,,,,,,,,,,,,,,,,,,,,,,,,,,,,,,,,,,,,,
btm,11980,0.008360317535698414,0.00853720037266612,0.4885879471898079,0.08705188669264316,0.6903233155608177,0.576493552327156,0.4802276313304901,0.5418487787246704,0.0001,6,1871.909598935139,0.4074592590332031,,,,,,,,,,,,,,,,,,,,,,,,,,,,,,,,,,,,,,,,,,,,,,,,,,,,,
btm,11990,0.016096027102321386,0.008251699828542769,0.4228132091462612,0.08488785177469253,0.6356642410159111,0.5085262313485146,0.40671717971563337,0.5613599419593811,0.0001,6,1836.712481570393,0.4074592590332031,,,,,,,,,,,,,,,,,,,,,,,,,,,,,,,,,,,,,,,,,,,,,,,,,,,,,
btm,12000,0.028806425910443068,0.008357211132533848,0.4117147371172905,0.08808634257875383,0.6174527332186699,0.5006368011236191,0.3829083122313023,0.6379321813583374,0.0001,6,2004.9178493243514,0.4074592590332031,,,,,,,,,,,,,,,,,,,,,,,,,,,,,,,,,,,,,,,,,,,,,,,,,,,,,
btm,12000,,,,,,,,,,,,,0.026302370708435774,0.007013921334873885,0.3423833195120096,0.06614041584543884,0.5606374349445105,0.4092251267284155,0.3160809502005577,0.19282048498280346,0.10120984190143645,0.0,,,,,,,,,,,,,,,,,,,,,,,,,,,,,,,,,,,,,,,,,,,
btm,12000,,,,,,,,,,,,,,,,,,,,,,,0.25,5,20,0.11186005278940309,0.4687050099580636,60.67506171017885,1125.556359020993,1145.0729669071734,0.10805937515920959,0.17072408230043948,0.17761355665249703,665600,1,40,0.2,4,20,0.0806563532712,0.41602172202575993,60.13236733712256,1108.7732483632863,1117.384207714349,0.16212152009189595,0.21765323967672884,0.21118390330901513,665600,1,40,0.05,1,20,0.008881219432873136,0.23613589351256675,60.375411892309785,1114.322961680591,1147.2800247371197,0.5246559943957254,0.41331011783331634,0.26026577199689854,665600,1,40,0.16666666666666666
btm,12010,0.022486774576827885,0.00831747188931331,0.4226528756320477,0.08852275647222996,0.6299766480922699,0.512007375061512,0.40016610100865363,0.6125653982162476,0.0001,6,6.3485926171092615,0.4074592590332031,,,,,,,,,,,,,,,,,,,,,,,,,,,,,,,,,,,,,,,,,,,,,,,,,,,,,
btm,12020,0.012792269932106137,0.00853316915454343,0.4594631142914295,0.08206307692453266,0.6664450883865356,0.5423795104026794,0.4466708429157734,0.6233797073364258,0.0001,6,1811.8232941651347,0.4074592590332031,,,,,,,,,,,,,,,,,,,,,,,,,,,,,,,,,,,,,,,,,,,,,,,,,,,,,
btm,12030,0.01374552962370217,0.008160337852314115,0.454922492057085,0.08912250502035021,0.6600131273269654,0.5448610231280326,0.4411769643425941,0.5436280369758606,0.0001,6,1921.3454333909733,0.4074592590332031,,,,,,,,,,,,,,,,,,,,,,,,,,,,,,,,,,,,,,,,,,,,,,,,,,,,,
btm,12040,0.021962661948055028,0.008627641829662025,0.41725978404283526,0.08473525205627083,0.6273517236113548,0.5028577968478203,0.39529711902141573,0.6078824400901794,0.0001,6,1956.7607685932358,0.4074592590332031,,,,,,,,,,,,,,,,,,,,,,,,,,,,,,,,,,,,,,,,,,,,,,,,,,,,,
btm,12050,0.026027707615867257,0.007927046762779355,0.390325915068388,0.08408389580436051,0.6016386270523071,0.47520251795649526,0.3642982058227062,0.7557990550994873,0.0001,6,1895.0245510545246,0.4074592590332031,,,,,,,,,,,,,,,,,,,,,,,,,,,,,,,,,,,,,,,,,,,,,,,,,,,,,
btm,12060,0.015869189403019845,0.008650338533334434,0.4242199294269085,0.0871452234685421,0.6368235573172569,0.5122301816940308,0.4083507418632507,0.7440583109855652,0.0001,6,1709.3519177916655,0.4074592590332031,,,,,,,,,,,,,,,,,,,,,,,,,,,,,,,,,,,,,,,,,,,,,,,,,,,,,
btm,12070,0.009849024564027786,0.0082637679297477,0.45492359399795534,0.08420100444927811,0.6650389239192009,0.5399509727954864,0.44507456943392754,0.5442112684249878,0.0001,6,1724.739246679662,0.4074592590332031,,,,,,,,,,,,,,,,,,,,,,,,,,,,,,,,,,,,,,,,,,,,,,,,,,,,,
btm,12080,0.015907789836637674,0.0081674876739271,0.42112675234675406,0.08149991482496262,0.6356429934501648,0.5034434199333191,0.40521896481513975,0.6334133744239807,0.0001,6,1857.7278297979624,0.4074592590332031,,,,,,,,,,,,,,,,,,,,,,,,,,,,,,,,,,,,,,,,,,,,,,,,,,,,,
btm,12090,0.027069272380322217,0.00841453269822523,0.4037844605743885,0.09233585670590401,0.6113452479243279,0.49696177169680594,0.37671518623828887,0.6669726371765137,0.0001,6,1877.0401696210427,0.4074592590332031,,,,,,,,,,,,,,,,,,,,,,,,,,,,,,,,,,,,,,,,,,,,,,,,,,,,,
btm,12100,0.022373358206823468,0.007945192244369537,0.4105456158518791,0.08235062537714839,0.6209739968180656,0.4936907634139061,0.3881722554564476,0.7521302700042725,0.0001,6,1906.5161574632205,0.4074592590332031,,,,,,,,,,,,,,,,,,,,,,,,,,,,,,,,,,,,,,,,,,,,,,,,,,,,,
btm,12110,0.010857041529379784,0.008438471215777099,0.46817719787359235,0.08668276723474264,0.6743678331375123,0.5557038150727749,0.45732015669345855,0.5513477325439453,0.0001,6,1887.9198955862457,0.4074592590332031,,,,,,,,,,,,,,,,,,,,,,,,,,,,,,,,,,,,,,,,,,,,,,,,,,,,,
btm,12120,0.011581157310865819,0.008667965314816683,0.45813381522893903,0.09152382509782911,0.6638925537467003,0.5505244396626949,0.44655265659093857,0.5947592258453369,0.0001,6,1993.8902795257577,0.4074592590332031,,,,,,,,,,,,,,,,,,,,,,,,,,,,,,,,,,,,,,,,,,,,,,,,,,,,,
btm,12130,0.023913434823043644,0.008518752083182335,0.42979326769709586,0.08475555190816522,0.6348755538463593,0.5154006965458393,0.4058798305690289,0.6107929348945618,0.0001,6,1906.6959536507318,0.4074592590332031,,,,,,,,,,,,,,,,,,,,,,,,,,,,,,,,,,,,,,,,,,,,,,,,,,,,,
btm,12140,0.030354776978492738,0.008384442934766412,0.41001455634832384,0.07423024252057076,0.6146986275911331,0.48508324697613714,0.379659778624773,0.5413730144500732,0.0001,6,2009.084444330359,0.4074592590332031,,,,,,,,,,,,,,,,,,,,,,,,,,,,,,,,,,,,,,,,,,,,,,,,,,,,,
btm,12150,0.014561987691558897,0.008583972475025802,0.4718596741557121,0.0741287412121892,0.6725054994225502,0.5468468107283115,0.45729768797755244,0.7232746481895447,0.0001,6,1809.9908149114794,0.4074592590332031,,,,,,,,,,,,,,,,,,,,,,,,,,,,,,,,,,,,,,,,,,,,,,,,,,,,,
btm,12160,0.008097293565515428,0.008505570841953159,0.5180926740169525,0.08623577514663339,0.7120270892977715,0.6051790110766888,0.5099953807890415,0.5252249240875244,0.0001,6,1969.2043477279724,0.4074592590332031,,,,,,,,,,,,,,,,,,,,,,,,,,,,,,,,,,,,,,,,,,,,,,,,,,,,,
btm,12170,0.017366988747380675,0.008310751768294721,0.45728438422083856,0.07974443351849914,0.6601446107029915,0.5378598891198635,0.43991739824414255,0.4994620680809021,0.0001,6,1996.7776997424603,0.4074592590332031,,,,,,,,,,,,,,,,,,,,,,,,,,,,,,,,,,,,,,,,,,,,,,,,,,,,,
btm,12180,0.041991902282461524,0.008358517568558455,0.438770392537117,0.07877405933104456,0.6261051937937736,0.5183803036808967,0.3967784881591797,0.6493751406669617,0.0001,6,1963.8606181493835,0.4074592590332031,,,,,,,,,,,,,,,,,,,,,,,,,,,,,,,,,,,,,,,,,,,,,,,,,,,,,
btm,12190,0.03094852981157601,0.008401957922615111,0.409299548715353,0.07863646387122572,0.612559050321579,0.488776209205389,0.37835101783275604,0.550154983997345,0.0001,6,2010.0151738873944,0.4074592590332031,,,,,,,,,,,,,,,,,,,,,,,,,,,,,,,,,,,,,,,,,,,,,,,,,,,,,
btm,12200,0.012448831531219184,0.007694486610125751,0.42087757736444475,0.08967408812604845,0.6374828010797501,0.5113211125135422,0.4084287457168102,0.512687623500824,0.0001,6,1993.7779882234076,0.4074592590332031,,,,,,,,,,,,,,,,,,,,,,,,,,,,,,,,,,,,,,,,,,,,,,,,,,,,,
btm,12210,0.011016278178431094,0.00821744038257748,0.4513775035738945,0.08090161141008138,0.6611071392893791,0.5331008538603783,0.44036122485995294,0.7781748175621033,0.0001,6,1979.2754667582992,0.4074592590332031,,,,,,,,,,,,,,,,,,,,,,,,,,,,,,,,,,,,,,,,,,,,,,,,,,,,,
btm,12220,0.022837067674845456,0.008857277128845454,0.4384544648230076,0.07820355142466724,0.6412696719169617,0.5175437405705452,0.41561739817261695,0.5766797065734863,0.0001,6,1898.4075627807015,0.4074592590332031,,,,,,,,,,,,,,,,,,,,,,,,,,,,,,,,,,,,,,,,,,,,,,,,,,,,,
btm,12230,0.02402538130991161,0.00845543285831809,0.4224565923213959,0.07226003352552653,0.6281706780195236,0.49556216821074484,0.39843121021986005,0.6513796448707581,0.0001,6,1893.9229160999485,0.4074592590332031,,,,,,,,,,,,,,,,,,,,,,,,,,,,,,,,,,,,,,,,,,,,,,,,,,,,,
btm,12240,0.014840989047661424,0.008347562642302363,0.4604374058544636,0.08559202570468187,0.6652482211589813,0.5468641884624958,0.44559641629457475,0.6428359746932983,0.0001,6,1935.782624874409,0.4074592590332031,,,,,,,,,,,,,,,,,,,,,,,,,,,,,,,,,,,,,,,,,,,,,,,,,,,,,
btm,12250,0.011817543581128121,0.008203527331352234,0.4566944926977158,0.08196658147498966,0.6646339550614357,0.5394814297556877,0.44487694799900057,0.7395078539848328,0.0001,6,1979.8637374912794,0.4074592590332031,,,,,,,,,,,,,,,,,,,,,,,,,,,,,,,,,,,,,,,,,,,,,,,,,,,,,
btm,12260,0.018873726460151376,0.008345571986865252,0.44594892039895057,0.07911575799807906,0.6513824060559272,0.5258992359042167,0.42707519307732583,0.6689265966415405,0.0001,6,1938.5327689470728,0.4074592590332031,,,,,,,,,,,,,,,,,,,,,,,,,,,,,,,,,,,,,,,,,,,,,,,,,,,,,
btm,12270,0.029182369587942958,0.008564393850974739,0.4176164008677006,0.08053284315392376,0.6213004097342492,0.4990056805312634,0.38843403086066247,0.5427138209342957,0.0001,6,1838.6642937585032,0.4074592590332031,,,,,,,,,,,,,,,,,,,,,,,,,,,,,,,,,,,,,,,,,,,,,,,,,,,,,
btm,12280,0.018991320743225515,0.008448912343010307,0.4563488207757473,0.08309251312166452,0.6560624465346336,0.5402862258255482,0.4373574979603291,0.6193174719810486,0.0001,6,1898.7894767368568,0.4074592590332031,,,,,,,,,,,,,,,,,,,,,,,,,,,,,,,,,,,,,,,,,,,,,,,,,,,,,
btm,12290,0.008371286652982235,0.008469487365800887,0.4873782217502594,0.08181266980245709,0.6907551094889641,0.570037841796875,0.4790069341659546,0.532758891582489,0.0001,6,1869.1361912529076,0.4074592590332031,,,,,,,,,,,,,,,,,,,,,,,,,,,,,,,,,,,,,,,,,,,,,,,,,,,,,
btm,12300,0.012214142363518476,0.00801196227548644,0.4720473296940327,0.08498154757544399,0.6748093575239181,0.5578300721943379,0.4598331905901432,0.6003368496894836,0.0001,6,1822.681105972168,0.4074592590332031,,,,,,,,,,,,,,,,,,,,,,,,,,,,,,,,,,,,,,,,,,,,,,,,,,,,,
btm,12310,0.03165243659168482,0.007874937588348984,0.4009695641696453,0.07755999816581607,0.605940294265747,0.4793170511722565,0.3693171292543411,0.6784407496452332,0.0001,6,1875.5548918888849,0.4074592590332031,,,,,,,,,,,,,,,,,,,,,,,,,,,,,,,,,,,,,,,,,,,,,,,,,,,,,
btm,12320,0.03307010643184185,0.008075398008804769,0.4191968463361263,0.07909620115533471,0.6178562849760055,0.4991005897521973,0.38612674102187156,0.6340711116790771,0.0001,6,1912.0393471979742,0.4074592590332031,,,,,,,,,,,,,,,,,,,,,,,,,,,,,,,,,,,,,,,,,,,,,,,,,,,,,
btm,12330,0.012450457771774382,0.008115838083904236,0.44512669593095777,0.08268518261611461,0.6553910791873931,0.5286234609782696,0.4326762415468693,0.5303928256034851,0.0001,6,2013.0572225832525,0.4074592590332031,,,,,,,,,,,,,,,,,,,,,,,,,,,,,,,,,,,,,,,,,,,,,,,,,,,,,
btm,12340,0.00888320483500138,0.008149218349717557,0.504538781940937,0.0902114043943584,0.7017818674445152,0.595565102249384,0.49565557613968847,0.5409549474716187,0.0001,6,1985.6867630870179,0.4074592590332031,,,,,,,,,,,,,,,,,,,,,,,,,,,,,,,,,,,,,,,,,,,,,,,,,,,,,
btm,12350,0.022631147294305265,0.008188761374913155,0.44556464701890947,0.07692937646061182,0.6478058010339737,0.523312895745039,0.42293350100517274,0.637877345085144,0.0001,6,2002.3124418605275,0.4074592590332031,,,,,,,,,,,,,,,,,,,,,,,,,,,,,,,,,,,,,,,,,,,,,,,,,,,,,
btm,12360,0.03645976111292839,0.00846352578373626,0.428593085706234,0.08383242832496762,0.623792813718319,0.513271863758564,0.39213332161307335,0.6323744058609009,0.0001,6,2020.825599646628,0.4074592590332031,,,,,,,,,,,,,,,,,,,,,,,,,,,,,,,,,,,,,,,,,,,,,,,,,,,,,
btm,12370,0.022477567824535073,0.007723871804773808,0.420568335801363,0.07564806779846549,0.6292054176330566,0.4969887897372246,0.3980907708406448,0.5460036993026733,0.0001,6,1973.349390102609,0.4074592590332031,,,,,,,,,,,,,,,,,,,,,,,,,,,,,,,,,,,,,,,,,,,,,,,,,,,,,
btm,12380,0.010454105248209089,0.008076551870908588,0.482159099727869,0.07624036315828561,0.6837919652462006,0.5592071153223515,0.47170499712228775,0.6157559752464294,0.0001,6,1902.1801696218417,0.4074592590332031,,,,,,,,,,,,,,,,,,,,,,,,,,,,,,,,,,,,,,,,,,,,,,,,,,,,,
btm,12390,0.012578490818850697,0.00833329752786085,0.42459393590688704,0.09414847483858466,0.6391754120588302,0.5195757389068604,0.4120154447853565,0.5467396974563599,0.0001,6,1934.8148082494251,0.4074592590332031,,,,,,,,,,,,,,,,,,,,,,,,,,,,,,,,,,,,,,,,,,,,,,,,,,,,,
btm,12400,0.02618021904490888,0.00831103785894811,0.41672542244195937,0.08305840161629022,0.6221055760979652,0.5006149299442768,0.3905452035367489,0.8703010678291321,0.0001,6,1998.5487301090648,0.4074592590332031,,,,,,,,,,,,,,,,,,,,,,,,,,,,,,,,,,,,,,,,,,,,,,,,,,,,,
btm,12410,0.02651167372241616,0.007919218682218343,0.40940894559025764,0.08518381058238447,0.6171071767807007,0.49538467898964883,0.38289727345108987,0.7733814716339111,0.0001,6,1974.7681145224797,0.4074592590332031,,,,,,,,,,,,,,,,,,,,,,,,,,,,,,,,,,,,,,,,,,,,,,,,,,,,,
btm,12420,0.014118870813399553,0.008570277609396725,0.43520806059241296,0.08785527357831598,0.6466887950897217,0.5239203631877899,0.42108918726444244,0.4996127486228943,0.0001,6,1955.4823410916908,0.4074592590332031,,,,,,,,,,,,,,,,,,,,,,,,,,,,,,,,,,,,,,,,,,,,,,,,,,,,,
btm,12430,0.00930617011617869,0.00825672724749893,0.4844291850924492,0.08051605788059532,0.686690129339695,0.5657709158957005,0.47512301579117777,0.549395740032196,0.0001,6,1919.7239241658244,0.4074592590332031,,,,,,,,,,,,,,,,,,,,,,,,,,,,,,,,,,,,,,,,,,,,,,,,,,,,,
btm,12440,0.017931702523492278,0.008316591288894415,0.4279012955725193,0.07977897142991423,0.6386016517877579,0.5085119232535362,0.40996959507465364,0.7233564853668213,0.0001,6,1907.4203484397217,0.4074592590332031,,,,,,,,,,,,,,,,,,,,,,,,,,,,,,,,,,,,,,,,,,,,,,,,,,,,,
btm,12450,0.03219068874605,0.008098357159178704,0.4162874959409237,0.08443748056888581,0.6174263879656792,0.501534815132618,0.3840968035161495,0.5997716784477234,0.0001,6,1936.7941615943876,0.4074592590332031,,,,,,,,,,,,,,,,,,,,,,,,,,,,,,,,,,,,,,,,,,,,,,,,,,,,,
btm,12460,0.024650389701128005,0.008327461453154683,0.41400903314352033,0.08225852479226888,0.6210793852806091,0.49710030406713485,0.3893586449325085,0.5357343554496765,0.0001,6,1867.456964674133,0.4074592590332031,,,,,,,,,,,,,,,,,,,,,,,,,,,,,,,,,,,,,,,,,,,,,,,,,,,,,
btm,12470,0.0108447682345286,0.008436225715558975,0.4491781361401081,0.08430017405189574,0.6598011896014213,0.5343219310045242,0.4383333668112755,0.562052845954895,0.0001,6,1874.7604062373744,0.4074592590332031,,,,,,,,,,,,,,,,,,,,,,,,,,,,,,,,,,,,,,,,,,,,,,,,,,,,,
btm,12480,0.009633420291356743,0.008282421040348709,0.46803299635648726,0.08095137309283018,0.675400222837925,0.5498126089572907,0.4583995766937733,0.558828592300415,0.0001,6,1866.5531845839917,0.4074592590332031,,,,,,,,,,,,,,,,,,,,,,,,,,,,,,,,,,,,,,,,,,,,,,,,,,,,,
btm,12490,0.02287634026724845,0.008127245493233204,0.4138884924352169,0.08742767125368119,0.6229195535182953,0.5021288894116879,0.39101215079426765,0.6133877038955688,0.0001,6,1869.0556495593628,0.4074592590332031,,,,,,,,,,,,,,,,,,,,,,,,,,,,,,,,,,,,,,,,,,,,,,,,,,,,,
btm,12500,0.0328987583052367,0.008482482354156672,0.3907838359475136,0.08326917216181755,0.5950276970863342,0.4749012589454651,0.3578850783407688,0.6539331078529358,0.0001,6,1816.1193281093817,0.4074592590332031,,,,,,,,,,,,,,,,,,,,,,,,,,,,,,,,,,,,,,,,,,,,,,,,,,,,,
btm,12500,,,,,,,,,,,,,0.025963900377973914,0.0072042935935314745,0.3375550927594304,0.06567280506715178,0.5560793168842793,0.4039483331143856,0.31159119214862585,0.22850667359307408,0.07880254986230284,0.0,,,,,,,,,,,,,,,,,,,,,,,,,,,,,,,,,,,,,,,,,,,
btm,12510,0.01723528893198818,0.007945545541588217,0.4425732709467411,0.07572515485808254,0.6495581194758415,0.519092982262373,0.42533798366785047,0.7359829545021057,0.0001,6,1010.1822016242007,0.4074592590332031,,,,,,,,,,,,,,,,,,,,,,,,,,,,,,,,,,,,,,,,,,,,,,,,,,,,,
btm,12520,0.007729498867411167,0.008328048582188784,0.5009197235107422,0.08437676262110472,0.6996133744716644,0.5861292846500874,0.4931902252137661,0.6267465353012085,0.0001,6,1911.8498985422332,0.4074592590332031,,,,,,,,,,,,,,,,,,,,,,,,,,,,,,,,,,,,,,,,,,,,,,,,,,,,,
btm,12530,0.011690745898522436,0.008488968422170728,0.4540050491690636,0.08301558257080614,0.6634543269872666,0.5378695219755173,0.44231430515646936,0.5173860788345337,0.0001,6,1973.7361596370422,0.4074592590332031,,,,,,,,,,,,,,,,,,,,,,,,,,,,,,,,,,,,,,,,,,,,,,,,,,,,,
btm,12540,0.028338959300890566,0.00819868118269369,0.4262264288961887,0.08608753755688667,0.6275624305009841,0.5131338320672512,0.3978874713182449,0.570351779460907,0.0001,6,1953.371966409353,0.4074592590332031,,,,,,,,,,,,,,,,,,,,,,,,,,,,,,,,,,,,,,,,,,,,,,,,,,,,,
btm,12550,0.034500099485740066,0.008145027316641063,0.3972579024732113,0.09184912601485848,0.6006245151162147,0.489921535551548,0.3627578020095825,0.6470814347267151,0.0001,6,1941.4766105463586,0.4074592590332031,,,,,,,,,,,,,,,,,,,,,,,,,,,,,,,,,,,,,,,,,,,,,,,,,,,,,
btm,12560,0.01711066416464746,0.008742937562055885,0.44369766637682917,0.0889887534081936,0.6515944167971611,0.5335607193410397,0.42658700346946715,0.6673088073730469,0.0001,6,1977.5823886175938,0.4074592590332031,,,,,,,,,,,,,,,,,,,,,,,,,,,,,,,,,,,,,,,,,,,,,,,,,,,,,
btm,12570,0.008411585865542293,0.008164121408481152,0.4884406037628651,0.08214618721976877,0.6897270880639553,0.5714032009243966,0.48002901673316956,0.5207082629203796,0.0001,6,1935.2958186674841,0.4074592590332031,,,,,,,,,,,,,,,,,,,,,,,,,,,,,,,,,,,,,,,,,,,,,,,,,,,,,
btm,12580,0.01660152734257281,0.008068182086572052,0.4475554428994656,0.08560237279161811,0.6533943928778172,0.5339646376669407,0.4309539169073105,0.5381125211715698,0.0001,6,1950.2347924048083,0.4074592590332031,,,,,,,,,,,,,,,,,,,,,,,,,,,,,,,,,,,,,,,,,,,,,,,,,,,,,
btm,12590,0.03184250546619296,0.008967878890689462,0.3948718659579754,0.08648297935724258,0.6013776376843453,0.48225163370370866,0.3630293607711792,0.5378991961479187,0.0001,6,1961.0402916260339,0.4074592590332031,,,,,,,,,,,,,,,,,,,,,,,,,,,,,,,,,,,,,,,,,,,,,,,,,,,,,
btm,12600,0.02728532236069441,0.008534335251897573,0.4090237498283386,0.08634705622680486,0.6150019839406013,0.496224245429039,0.38173842877149583,0.6429214477539062,0.0001,6,1767.589964815329,0.4074592590332031,,,,,,,,,,,,,,,,,,,,,,,,,,,,,,,,,,,,,,,,,,,,,,,,,,,,,
btm,12610,0.014594768872484565,0.008495802781544626,0.42880011573433874,0.08554211193695664,0.6414544254541397,0.5151918061077595,0.41420534774661066,0.6035110354423523,0.0001,6,1947.706967024112,0.4074592590332031,,,,,,,,,,,,,,,,,,,,,,,,,,,,,,,,,,,,,,,,,,,,,,,,,,,,,
btm,12620,0.010702073178254067,0.008210088417399675,0.46431959196925165,0.08376676235347986,0.6703096956014634,0.548907358199358,0.45361751690506935,0.660513162612915,0.0001,6,1884.7081391348547,0.4074592590332031,,,,,,,,,,,,,,,,,,,,,,,,,,,,,,,,,,,,,,,,,,,,,,,,,,,,,
btm,12630,0.01665315607097,0.008097611798439175,0.4134726919233799,0.08073664298281073,0.6271941229701042,0.49501909464597704,0.39681953340768816,0.560494065284729,0.0001,6,1854.0564954093945,0.4074592590332031,,,,,,,,,,,,,,,,,,,,,,,,,,,,,,,,,,,,,,,,,,,,,,,,,,,,,
btm,12640,0.026870824676007033,0.008484273124486208,0.4027849182486534,0.08908237935975194,0.6092515245079995,0.49271572977304456,0.3759140960872173,0.6310299038887024,0.0001,6,1789.2360886876302,0.4074592590332031,,,,,,,,,,,,,,,,,,,,,,,,,,,,,,,,,,,,,,,,,,,,,,,,,,,,,
btm,12650,0.02149477244820446,0.00824651555158198,0.41261272728443144,0.08214425155892968,0.6229421719908714,0.4955816313624382,0.39111795350909234,0.5335968136787415,0.0001,6,1743.6810747303782,0.4074592590332031,,,,,,,,,,,,,,,,,,,,,,,,,,,,,,,,,,,,,,,,,,,,,,,,,,,,,
btm,12660,0.01106954284477979,0.00842517545679584,0.4573444776237011,0.07567836074158549,0.6645814970135688,0.5338653586804867,0.44627493545413016,0.6012696027755737,0.0001,6,1652.0743119550332,0.4074592590332031,,,,,,,,,,,,,,,,,,,,,,,,,,,,,,,,,,,,,,,,,,,,,,,,,,,,,
btm,12670,0.011156555451452731,0.008484960847999901,0.4365790143609047,0.0801142981275916,0.649798047542572,0.5175418078899383,0.42542245909571647,0.5128396153450012,0.0001,6,1811.4586130550617,0.4074592590332031,,,,,,,,,,,,,,,,,,,,,,,,,,,,,,,,,,,,,,,,,,,,,,,,,,,,,
btm,12680,0.01949285694863647,0.008351293031591923,0.43174379989504813,0.0785379686858505,0.6395505025982857,0.5111169032752514,0.4122509427368641,0.6219620704650879,0.0001,6,1685.5462091977008,0.4074592590332031,,,,,,,,,,,,,,,,,,,,,,,,,,,,,,,,,,,,,,,,,,,,,,,,,,,,,
btm,12690,0.02446294859983027,0.007892092596739531,0.39661171957850455,0.08666716208681464,0.6079637914896011,0.4840680927038193,0.37214877009391784,0.6685149669647217,0.0001,6,1884.666198624865,0.4074592590332031,,,,,,,,,,,,,,,,,,,,,,,,,,,,,,,,,,,,,,,,,,,,,,,,,,,,,
btm,12700,0.019641391607001422,0.008049137878697366,0.39234917759895327,0.09060002989135682,0.6077930808067322,0.4837541237473488,0.3727077841758728,0.6019460558891296,0.0001,6,1892.9506895730026,0.4074592590332031,,,,,,,,,,,,,,,,,,,,,,,,,,,,,,,,,,,,,,,,,,,,,,,,,,,,,
btm,12710,0.012441791826859117,0.00821649309946224,0.4092212677001953,0.08955987673252822,0.6274286344647407,0.49960279241204264,0.39677947461605073,0.5880406498908997,0.0001,6,1953.1626089091849,0.4074592590332031,,,,,,,,,,,,,,,,,,,,,,,,,,,,,,,,,,,,,,,,,,,,,,,,,,,,,
btm,12720,0.011452762270346284,0.008651638298761099,0.43588428720831873,0.0857130017131567,0.6485444769263268,0.5224624492228032,0.4244315274059772,0.6207974553108215,0.0001,6,1867.2632887125653,0.4074592590332031,,,,,,,,,,,,,,,,,,,,,,,,,,,,,,,,,,,,,,,,,,,,,,,,,,,,,
btm,12730,0.018861580942757427,0.007883606199175119,0.42043864727020264,0.08449539598077535,0.6299448624253273,0.5057224065065384,0.4015770688652992,0.7248453497886658,0.0001,6,1953.5499852872856,0.4074592590332031,,,,,,,,,,,,,,,,,,,,,,,,,,,,,,,,,,,,,,,,,,,,,,,,,,,,,
btm,12740,0.020446328911930323,0.007923232216853648,0.4094576060771942,0.08054226040840148,0.6212201789021492,0.4907921850681305,0.3890112780034542,0.6323190331459045,0.0001,6,1877.6529183847626,0.4074592590332031,,,,,,,,,,,,,,,,,,,,,,,,,,,,,,,,,,,,,,,,,,,,,,,,,,,,,
btm,12750,0.012833025073632598,0.008438812987878918,0.4377355329692364,0.0888553506694734,0.6492549523711204,0.5274347648024559,0.4249025106430054,0.6942719221115112,0.0001,6,1890.2246777713829,0.4074592590332031,,,,,,,,,,,,,,,,,,,,,,,,,,,,,,,,,,,,,,,,,,,,,,,,,,,,,
btm,12760,0.010713798692449927,0.008320666512008756,0.4356296218931675,0.07705448577180504,0.649405013024807,0.5135161727666855,0.42491582185029986,0.5979830026626587,0.0001,6,1835.054220764194,0.4074592590332031,,,,,,,,,,,,,,,,,,,,,,,,,,,,,,,,,,,,,,,,,,,,,,,,,,,,,
btm,12770,0.016468267352320255,0.008193599479272961,0.3819055318832397,0.08019497245550156,0.6021674841642379,0.46291987001895907,0.36543726474046706,0.5727674961090088,0.0001,6,1762.9367910157307,0.4074592590332031,,,,,,,,,,,,,,,,,,,,,,,,,,,,,,,,,,,,,,,,,,,,,,,,,,,,,
btm,12780,0.02169319479726255,0.007779604219831526,0.37496580705046656,0.08423941284418106,0.5930690303444862,0.45998318046331405,0.3532726116478443,0.5092107653617859,0.0001,6,1887.7028123980892,0.4074592590332031,,,,,,,,,,,,,,,,,,,,,,,,,,,,,,,,,,,,,,,,,,,,,,,,,,,,,
btm,12790,0.016081074089743196,0.008723724924493581,0.43532483130693433,0.09050582572817803,0.6443814143538475,0.526703030616045,0.4192437559366226,0.6610158681869507,0.0001,6,1934.9262001364145,0.4074592590332031,,,,,,,,,,,,,,,,,,,,,,,,,,,,,,,,,,,,,,,,,,,,,,,,,,,,,
btm,12800,0.008378315239679069,0.008173937094397843,0.49416684061288835,0.08322775205597281,0.6946835711598396,0.5782119780778885,0.48578852564096453,0.6179263591766357,0.0001,6,1943.5329229008535,0.4074592590332031,,,,,,,,,,,,,,,,,,,,,,,,,,,,,,,,,,,,,,,,,,,,,,,,,,,,,
btm,12810,0.013261535693891347,0.008094644092489034,0.4604506351053715,0.0817540904507041,0.6666752621531487,0.543014182895422,0.447189100086689,0.6379132270812988,0.0001,6,1748.7317917259643,0.4074592590332031,,,,,,,,,,,,,,,,,,,,,,,,,,,,,,,,,,,,,,,,,,,,,,,,,,,,,
btm,12820,0.0315027289558202,0.008004131342750043,0.42418026477098464,0.08121239552274347,0.621565780043602,0.5061930760741233,0.39267753809690475,0.7064169645309448,0.0001,6,1703.1319081072345,0.4074592590332031,,,,,,,,,,,,,,,,,,,,,,,,,,,,,,,,,,,,,,,,,,,,,,,,,,,,,
btm,12830,0.03167191785760224,0.008246839744970202,0.3890559211373329,0.08677236605435609,0.5943224482238293,0.47665297240018845,0.3573840022087097,0.663989245891571,0.0001,6,1783.7809056184965,0.4074592590332031,,,,,,,,,,,,,,,,,,,,,,,,,,,,,,,,,,,,,,,,,,,,,,,,,,,,,
btm,12840,0.013646601280197502,0.007763010927010328,0.4035943754017353,0.07772842673584819,0.6220570832490921,0.48209910467267036,0.3899477731436491,0.5274803042411804,0.0001,6,1934.3278025858426,0.4074592590332031,,,,,,,,,,,,,,,,,,,,,,,,,,,,,,,,,,,,,,,,,,,,,,,,,,,,,
btm,12850,0.008309573924634606,0.008011390850879253,0.4670930363237858,0.08374992338940501,0.6760030210018158,0.5516440965235233,0.4587834618985653,0.6882983446121216,0.0001,6,1739.8504401324715,0.4074592590332031,,,,,,,,,,,,,,,,,,,,,,,,,,,,,,,,,,,,,,,,,,,,,,,,,,,,,
btm,12860,0.015411442588083446,0.008407426800113171,0.4374914065003395,0.08458788460120559,0.6469489529728889,0.5229200318455696,0.42207996249198915,0.7268519401550293,0.0001,6,1839.6246182047137,0.4074592590332031,,,,,,,,,,,,,,,,,,,,,,,,,,,,,,,,,,,,,,,,,,,,,,,,,,,,,
btm,12870,0.025113087240606548,0.00801770257530734,0.37937321066856383,0.08639167714864016,0.5923307433724403,0.4665666617453098,0.35426012352108954,0.6479058265686035,0.0001,6,1813.3489255788863,0.4074592590332031,,,,,,,,,,,,,,,,,,,,,,,,,,,,,,,,,,,,,,,,,,,,,,,,,,,,,
btm,12880,0.021107798302546145,0.008716025622561574,0.40297783687710764,0.08498232830315829,0.6158610299229622,0.4888317696750164,0.38187004141509534,0.5833985209465027,0.0001,6,1809.4811667426447,0.4074592590332031,,,,,,,,,,,,,,,,,,,,,,,,,,,,,,,,,,,,,,,,,,,,,,,,,,,,,
btm,12890,0.012464131880551576,0.008082465664483608,0.42377286925911906,0.08117435891181231,0.6375520780682564,0.505755478143692,0.4113087385892868,0.6160348057746887,0.0001,6,1857.7286082219498,0.4074592590332031,,,,,,,,,,,,,,,,,,,,,,,,,,,,,,,,,,,,,,,,,,,,,,,,,,,,,
btm,12900,0.010521529032848776,0.008277060010004788,0.4285333424806595,0.07537679616361856,0.644286897778511,0.5047378465533257,0.4180118143558502,0.5568243861198425,0.0001,6,1882.7338391178862,0.4074592590332031,,,,,,,,,,,,,,,,,,,,,,,,,,,,,,,,,,,,,,,,,,,,,,,,,,,,,
btm,12910,0.01788982537109405,0.008099745935760438,0.3991484731435776,0.08217725083231926,0.6148446828126908,0.48213569819927216,0.3812586486339569,0.543289065361023,0.0001,6,1734.5752775534672,0.4074592590332031,,,,,,,,,,,,,,,,,,,,,,,,,,,,,,,,,,,,,,,,,,,,,,,,,,,,,
btm,12920,0.022647998854517938,0.008148120297119022,0.3982754200696945,0.09164531519636512,0.6100865051150322,0.49073554798960684,0.3756274238228798,1.0218236446380615,0.0001,6,1847.3485985688267,0.4074592590332031,,,,,,,,,,,,,,,,,,,,,,,,,,,,,,,,,,,,,,,,,,,,,,,,,,,,,
btm,12930,0.01587605495005846,0.00817348234122619,0.41357401981949804,0.08731789188459516,0.6282498553395272,0.5017092637717724,0.39769796207547187,1.0178864002227783,0.0001,6,1970.7230214538695,0.4074592590332031,,,,,,,,,,,,,,,,,,,,,,,,,,,,,,,,,,,,,,,,,,,,,,,,,,,,,
btm,12940,0.0103408832103014,0.008274735521990807,0.4449402719736099,0.08429346177726985,0.6572161585092544,0.5300612047314643,0.43459938913583757,0.5686968564987183,0.0001,6,1975.0208297307322,0.4074592590332031,,,,,,,,,,,,,,,,,,,,,,,,,,,,,,,,,,,,,,,,,,,,,,,,,,,,,
btm,12950,0.013052124716341495,0.00827701633097604,0.4070560269057751,0.080033805873245,0.6261473536491394,0.4879175342619419,0.39400390088558196,0.5938053727149963,0.0001,6,1974.6151274554807,0.4074592590332031,,,,,,,,,,,,,,,,,,,,,,,,,,,,,,,,,,,,,,,,,,,,,,,,,,,,,
btm,12960,0.02544422121718526,0.008426260692067445,0.4122453279793262,0.0850670694373548,0.6196722283959388,0.4981550253927708,0.38680110573768617,0.671639621257782,0.0001,6,1721.8974723973813,0.4074592590332031,,,,,,,,,,,,,,,,,,,,,,,,,,,,,,,,,,,,,,,,,,,,,,,,,,,,,
btm,12970,0.022664255159907044,0.008614113193470985,0.38931540623307226,0.08285537883639335,0.6034612953662872,0.47303219959139825,0.3666511528193951,0.6761342883110046,0.0001,6,1934.8654769747482,0.4074592590332031,,,,,,,,,,,,,,,,,,,,,,,,,,,,,,,,,,,,,,,,,,,,,,,,,,,,,
btm,12980,0.010521942970808596,0.00818425150355324,0.43248199597001075,0.07658854322507977,0.6471677839756012,0.5098889634013176,0.4219600521028042,0.5398802161216736,0.0001,6,1900.9309442019685,0.4074592590332031,,,,,,,,,,,,,,,,,,,,,,,,,,,,,,,,,,,,,,,,,,,,,,,,,,,,,
btm,12990,0.008691455726511777,0.008497034024912864,0.4738999307155609,0.07852428564801812,0.6792397484183311,0.553273917734623,0.46520847678184507,0.5779103636741638,0.0001,6,1812.768412149606,0.4074592590332031,,,,,,,,,,,,,,,,,,,,,,,,,,,,,,,,,,,,,,,,,,,,,,,,,,,,,
btm,13000,0.021406443882733585,0.008379197644535452,0.3991680838167667,0.08680436117574572,0.6126306623220443,0.48681036904454233,0.3777616411447525,0.6248793601989746,0.0001,6,1623.7947461498823,0.4074592590332031,,,,,,,,,,,,,,,,,,,,,,,,,,,,,,,,,,,,,,,,,,,,,,,,,,,,,
btm,13000,,,,,,,,,,,,,0.035230715409852564,0.007253271236550063,0.3256017751991749,0.06537464051507413,0.5375140476971865,0.3917017374187708,0.2903710585087538,0.17960660345852375,0.09375133004505187,0.0,,,,,,,,,,,,,,,,,,,,,,,,,,,,,,,,,,,,,,,,,,,
btm,13000,,,,,,,,,,,,,,,,,,,,,,,0.25,5,20,0.11186005278940309,0.4687050099580636,60.04749119654298,1114.2458303831518,1122.4064798094332,0.10100887345848605,0.16456854921765626,0.17625196281438454,665600,1,40,0.05,1,20,0.008881219432873136,0.23613589351256675,60.468700947239995,1120.8719639573246,1134.013033285737,0.224710482149967,0.22934558233246208,0.2123275621006122,665600,1,40,0.15,3,20,0.05236779195949584,0.36042329588695743,61.388554157689214,1133.4635257255286,1154.085774999112,0.4880618900922127,0.4028468670323491,0.2689956586807966,665600,1,40,0.15
btm,13010,0.03047102652490139,0.008528566907625646,0.40040582567453387,0.09140509241260589,0.6060471996665001,0.49266377463936806,0.36993479952216146,0.640116810798645,0.0001,6,6.32959435878841,0.4074592590332031,,,,,,,,,,,,,,,,,,,,,,,,,,,,,,,,,,,,,,,,,,,,,,,,,,,,,
btm,13020,0.017787203448824583,0.008618327078875155,0.42384851202368734,0.08628092976287008,0.6341726779937744,0.5109912768006325,0.40606130957603453,0.548847496509552,0.0001,6,1821.0776459016079,0.4074592590332031,,,,,,,,,,,,,,,,,,,,,,,,,,,,,,,,,,,,,,,,,,,,,,,,,,,,,
btm,13030,0.00889688713941723,0.008521510043647141,0.45042821019887924,0.08374314773827791,0.6624114453792572,0.5350235037505626,0.4415313214063644,0.47445181012153625,0.0001,6,1782.298485812827,0.4074592590332031,,,,,,,,,,,,,,,,,,,,,,,,,,,,,,,,,,,,,,,,,,,,,,,,,,,,,
btm,13040,0.012812642310746015,0.008109180233441293,0.4289695531129837,0.0772026963531971,0.6429583728313446,0.5069831624627114,0.41615691110491754,0.49211132526397705,0.0001,6,1892.675193892513,0.4074592590332031,,,,,,,,,,,,,,,,,,,,,,,,,,,,,,,,,,,,,,,,,,,,,,,,,,,,,
btm,13050,0.031242989376187323,0.007924638595432043,0.40692461729049684,0.07796089970506728,0.6099738121032715,0.485677982121706,0.3756816290318966,0.6262110471725464,0.0001,6,1951.9858814217607,0.4074592590332031,,,,,,,,,,,,,,,,,,,,,,,,,,,,,,,,,,,,,,,,,,,,,,,,,,,,,
btm,13060,0.030511500174179675,0.008353954332415014,0.39110837057232856,0.08961894158273935,0.5981711715459823,0.4815627053380013,0.3605968728661537,0.6999918222427368,0.0001,6,1977.3106290345181,0.4074592590332031,,,,,,,,,,,,,,,,,,,,,,,,,,,,,,,,,,,,,,,,,,,,,,,,,,,,,
btm,13070,0.01102487004827708,0.007701211178209632,0.47959352359175683,0.07330432087182999,0.6817655459046363,0.5536679670214653,0.4685686580836773,0.6176299452781677,0.0001,6,1531.612337932946,0.4074592590332031,,,,,,,,,,,,,,,,,,,,,,,,,,,,,,,,,,,,,,,,,,,,,,,,,,,,,
btm,13080,0.007499270921107382,0.008117912954185158,0.5035062573850155,0.08119426779448986,0.7023533165454865,0.5855123095214367,0.49600698575377467,0.5028902888298035,0.0001,6,1925.9807003605245,0.4074592590332031,,,,,,,,,,,,,,,,,,,,,,,,,,,,,,,,,,,,,,,,,,,,,,,,,,,,,
btm,13090,0.021896157413721085,0.00845950641669333,0.41509376764297484,0.08375732516869902,0.6247328817844391,0.4996970422565937,0.39319761097431183,0.5104430913925171,0.0001,6,1994.66148056925,0.4074592590332031,,,,,,,,,,,,,,,,,,,,,,,,,,,,,,,,,,,,,,,,,,,,,,,,,,,,,
btm,13100,0.03919498398900032,0.008380689367186278,0.3946020692586899,0.07981580295599996,0.5914580598473549,0.47525594830513,0.3554070830345154,0.7581720352172852,0.0001,6,1921.7267233119135,0.4074592590332031,,,,,,,,,,,,,,,,,,,,,,,,,,,,,,,,,,,,,,,,,,,,,,,,,,,,,
btm,13110,0.02538028606213629,0.008154217281844466,0.3883915603160858,0.08041631574742496,0.6005801744759083,0.4696232981979847,0.3630112759768963,0.6011224985122681,0.0001,6,1987.9044907601947,0.4074592590332031,,,,,,,,,,,,,,,,,,,,,,,,,,,,,,,,,,,,,,,,,,,,,,,,,,,,,
btm,13120,0.010611437843181193,0.008315362501889467,0.4277604714035988,0.08296714541502297,0.6437499731779098,0.5115591503679753,0.41714903265237807,0.5790680050849915,0.0001,6,1979.3090276923197,0.4074592590332031,,,,,,,,,,,,,,,,,,,,,,,,,,,,,,,,,,,,,,,,,,,,,,,,,,,,,
btm,13130,0.01142282080836594,0.008480823459103703,0.41187433451414107,0.08467316618189216,0.6299652844667435,0.49739558547735213,0.40045151561498643,0.5132160782814026,0.0001,6,2000.7906775022302,0.4074592590332031,,,,,,,,,,,,,,,,,,,,,,,,,,,,,,,,,,,,,,,,,,,,,,,,,,,,,
btm,13140,0.023761062975972892,0.00766100458567962,0.393941143900156,0.07276827031746506,0.6067012175917625,0.4674755156040192,0.37018008157610893,0.629908561706543,0.0001,6,1985.9985669604948,0.4074592590332031,,,,,,,,,,,,,,,,,,,,,,,,,,,,,,,,,,,,,,,,,,,,,,,,,,,,,
btm,13150,0.02293398273177445,0.008341597765684128,0.4144684441387653,0.09099263357929885,0.6239317163825036,0.5062952324748039,0.3915344625711441,0.8522325754165649,0.0001,6,1867.2590013818474,0.4074592590332031,,,,,,,,,,,,,,,,,,,,,,,,,,,,,,,,,,,,,,,,,,,,,,,,,,,,,
btm,13160,0.0136054418515414,0.008387590560596436,0.44376920610666276,0.08694246374070644,0.6528042852878571,0.5315504297614098,0.430163761973381,0.5987139940261841,0.0001,6,1839.0864877417075,0.4074592590332031,,,,,,,,,,,,,,,,,,,,,,,,,,,,,,,,,,,,,,,,,,,,,,,,,,,,,
btm,13170,0.010663146898150445,0.0079162918147631,0.45126376375555993,0.08435678565874696,0.6610037997364998,0.53641217648983,0.44060061499476433,0.9092179536819458,0.0001,6,1936.8907958476839,0.4074592590332031,,,,,,,,,,,,,,,,,,,,,,,,,,,,,,,,,,,,,,,,,,,,,,,,,,,,,
btm,13180,0.01877063503488898,0.008168182848021389,0.39876279085874555,0.08107511913403868,0.6143969893455505,0.48065473437309264,0.3799921564757824,0.6740049123764038,0.0001,6,2033.9482137805953,0.4074592590332031,,,,,,,,,,,,,,,,,,,,,,,,,,,,,,,,,,,,,,,,,,,,,,,,,,,,,
btm,13190,0.026556678814813495,0.008393818011973054,0.38432678803801534,0.08029217673465609,0.5955495506525039,0.4654583461582661,0.35777010917663576,0.6475719213485718,0.0001,6,2020.3104347041456,0.4074592590332031,,,,,,,,,,,,,,,,,,,,,,,,,,,,,,,,,,,,,,,,,,,,,,,,,,,,,
btm,13200,0.017080249567516147,0.007936231594067067,0.4032289385795593,0.0811239346396178,0.616961344331503,0.48514649644494057,0.3861486904323101,0.6623874306678772,0.0001,6,2009.9809163260393,0.4074592590332031,,,,,,,,,,,,,,,,,,,,,,,,,,,,,,,,,,,,,,,,,,,,,,,,,,,,,
btm,13210,0.009002038766629994,0.007944957830477505,0.4459094241261482,0.07467531096190214,0.6590527758002281,0.5213792294263839,0.43690738677978513,0.5293465852737427,0.0001,6,1999.7813242259324,0.4074592590332031,,,,,,,,,,,,,,,,,,,,,,,,,,,,,,,,,,,,,,,,,,,,,,,,,,,,,
btm,13220,0.012259530811570584,0.008601766743231565,0.44791826903820037,0.0802863933146,0.6568427503108978,0.5290648356080055,0.4356587365269661,0.5875937342643738,0.0001,6,1967.206265434775,0.4074592590332031,,,,,,,,,,,,,,,,,,,,,,,,,,,,,,,,,,,,,,,,,,,,,,,,,,,,,
btm,13230,0.02379057463258505,0.008227405091747641,0.3889985203742981,0.07876453576609492,0.6020452439785003,0.46858579143881796,0.36520794555544855,0.5175119042396545,0.0001,6,1978.3560709506648,0.4074592590332031,,,,,,,,,,,,,,,,,,,,,,,,,,,,,,,,,,,,,,,,,,,,,,,,,,,,,
btm,13240,0.02528841597959399,0.008542983932420612,0.40868595242500305,0.08452298045158387,0.6162360846996308,0.4940632306039333,0.3833975359797478,0.6773791909217834,0.0001,6,2016.638040117158,0.4074592590332031,,,,,,,,,,,,,,,,,,,,,,,,,,,,,,,,,,,,,,,,,,,,,,,,,,,,,
btm,13250,0.012890910706482827,0.008257055678404868,0.4579710505902767,0.07884538555517792,0.6646887511014938,0.537642140686512,0.4450801439583302,0.7662201523780823,0.0001,6,1990.6368424820246,0.4074592590332031,,,,,,,,,,,,,,,,,,,,,,,,,,,,,,,,,,,,,,,,,,,,,,,,,,,,,
btm,13260,0.00870282402029261,0.008302105055190624,0.49743150770664213,0.08404579134657979,0.696605022251606,0.582307506352663,0.4887286856770515,0.6067466735839844,0.0001,6,1817.262664806081,0.4074592590332031,,,,,,,,,,,,,,,,,,,,,,,,,,,,,,,,,,,,,,,,,,,,,,,,,,,,,
btm,13270,0.018146843602880835,0.008273369132075459,0.4236355543136597,0.0816721429117024,0.6340835079550743,0.5061350293457508,0.40548871234059336,0.5115833878517151,0.0001,6,1994.119390462008,0.4074592590332031,,,,,,,,,,,,,,,,,,,,,,,,,,,,,,,,,,,,,,,,,,,,,,,,,,,,,
btm,13280,0.030301651172339916,0.008421371108852327,0.41730675250291827,0.07716366141103208,0.6178156718611717,0.4953125469386578,0.3870050996541977,0.6650890707969666,0.0001,6,1975.2265423743027,0.4074592590332031,,,,,,,,,,,,,,,,,,,,,,,,,,,,,,,,,,,,,,,,,,,,,,,,,,,,,
btm,13290,0.02178049352951348,0.00796838136157021,0.4228794775903225,0.0772321435622871,0.6305585727095604,0.5009084604680538,0.4010989829897881,0.6386488676071167,0.0001,6,1943.6569204229374,0.4074592590332031,,,,,,,,,,,,,,,,,,,,,,,,,,,,,,,,,,,,,,,,,,,,,,,,,,,,,
btm,13300,0.010671985498629511,0.008238014567177742,0.4398070812225342,0.07633500006049872,0.6533348724246025,0.5169658802449704,0.4291350968182087,0.5000748634338379,0.0001,6,1919.4311987119268,0.4074592590332031,,,,,,,,,,,,,,,,,,,,,,,,,,,,,,,,,,,,,,,,,,,,,,,,,,,,,
btm,13310,0.011649794760160148,0.008360668586101383,0.45511320754885676,0.08056954927742481,0.663917875289917,0.5365188211202622,0.44346341118216515,0.6301556825637817,0.0001,6,1819.2738145960232,0.4074592590332031,,,,,,,,,,,,,,,,,,,,,,,,,,,,,,,,,,,,,,,,,,,,,,,,,,,,,
btm,13320,0.020755001017823814,0.008066659071482718,0.3917261578142643,0.07645565336570144,0.6068646371364593,0.4689884796738625,0.3709711544215679,0.5469821095466614,0.0001,6,1936.7467268864957,0.4074592590332031,,,,,,,,,,,,,,,,,,,,,,,,,,,,,,,,,,,,,,,,,,,,,,,,,,,,,
btm,13330,0.02291094735264778,0.008189399458933622,0.3970341570675373,0.07690112916752696,0.6097790256142617,0.4747542291879654,0.37412321120500563,0.5648382902145386,0.0001,6,1965.209890246882,0.4074592590332031,,,,,,,,,,,,,,,,,,,,,,,,,,,,,,,,,,,,,,,,,,,,,,,,,,,,,
btm,13340,0.014132492942735553,0.008702615892980247,0.4309216558933258,0.08577121011912822,0.6438322633504867,0.5175631284713745,0.41678916588425635,0.5495836734771729,0.0001,6,1971.6722745513953,0.4074592590332031,,,,,,,,,,,,,,,,,,,,,,,,,,,,,,,,,,,,,,,,,,,,,,,,,,,,,
btm,13350,0.0097606799332425,0.008182190358638763,0.4599070489406586,0.08678035531193018,0.669088314473629,0.5475056283175945,0.45014637112617495,0.6552270650863647,0.0001,6,1975.7276427435852,0.4074592590332031,,,,,,,,,,,,,,,,,,,,,,,,,,,,,,,,,,,,,,,,,,,,,,,,,,,,,
btm,13360,0.016928863106295468,0.00815513611305505,0.4395027905702591,0.07704163100570441,0.647771666944027,0.5173599407076835,0.4225739285349846,0.6838003396987915,0.0001,6,1939.9143904631208,0.4074592590332031,,,,,,,,,,,,,,,,,,,,,,,,,,,,,,,,,,,,,,,,,,,,,,,,,,,,,
btm,13370,0.02940131053328514,0.008138473064173013,0.3790890365839005,0.08481845851056277,0.5879717990756035,0.46472134366631507,0.34968772530555725,0.6272650957107544,0.0001,6,1914.8159532155407,0.4074592590332031,,,,,,,,,,,,,,,,,,,,,,,,,,,,,,,,,,,,,,,,,,,,,,,,,,,,,
btm,13380,0.02191593402530998,0.00820740811759606,0.41884705796837807,0.08775728885084391,0.6274422317743301,0.507425083220005,0.3969311244785786,0.6919676065444946,0.0001,6,1877.1918553062394,0.4074592590332031,,,,,,,,,,,,,,,,,,,,,,,,,,,,,,,,,,,,,,,,,,,,,,,,,,,,,
btm,13390,0.009976237278897316,0.008551150863058864,0.468957407772541,0.08961308896541595,0.6751368001103402,0.5594256103038788,0.45898116901516917,0.5444092154502869,0.0001,6,1842.3404346705597,0.4074592590332031,,,,,,,,,,,,,,,,,,,,,,,,,,,,,,,,,,,,,,,,,,,,,,,,,,,,,
btm,13400,0.008249960362445564,0.008453850308433175,0.5170391477644444,0.0870363355614245,0.7111173778772354,0.6049208641052246,0.5087891884148121,0.6918388605117798,0.0001,6,1890.0646456813197,0.4074592590332031,,,,,,,,,,,,,,,,,,,,,,,,,,,,,,,,,,,,,,,,,,,,,,,,,,,,,
btm,13410,0.020771654415875675,0.008108797203749418,0.41364582255482674,0.0789769961964339,0.6243658646941185,0.49343369975686074,0.39287417009472847,0.6772518754005432,0.0001,6,1855.7889239419264,0.4074592590332031,,,,,,,,,,,,,,,,,,,,,,,,,,,,,,,,,,,,,,,,,,,,,,,,,,,,,
btm,13420,0.04061108324676752,0.007763429114129394,0.40798434689641,0.07952668154612183,0.6028953120112419,0.4882873699069023,0.36737326458096503,0.7890562415122986,0.0001,6,1889.918060894982,0.4074592590332031,,,,,,,,,,,,,,,,,,,,,,,,,,,,,,,,,,,,,,,,,,,,,,,,,,,,,
btm,13430,0.025140654598362743,0.008315381256397813,0.4063554249703884,0.07908071498386562,0.6136935338377952,0.4862676776945591,0.3812147691845894,0.5599750876426697,0.0001,6,1952.498795732078,0.4074592590332031,,,,,,,,,,,,,,,,,,,,,,,,,,,,,,,,,,,,,,,,,,,,,,,,,,,,,
btm,13440,0.008919438091106712,0.007937818055506796,0.47631131038069724,0.0778817507904023,0.6796153202652931,0.5549868427217006,0.4673918753862381,0.6000329256057739,0.0001,6,1901.6520272844202,0.4074592590332031,,,,,,,,,,,,,,,,,,,,,,,,,,,,,,,,,,,,,,,,,,,,,,,,,,,,,
btm,13450,0.009215478657279164,0.008385661197826267,0.45677393972873687,0.08403292801231146,0.6662598870694637,0.5416454367339611,0.4475584581494331,0.5053533315658569,0.0001,6,1750.6015888307916,0.4074592590332031,,,,,,,,,,,,,,,,,,,,,,,,,,,,,,,,,,,,,,,,,,,,,,,,,,,,,
btm,13460,0.02342010075226426,0.008110342477448285,0.42401926815509794,0.07745802439749241,0.6302626028656959,0.5022883296012879,0.4005991660058498,0.6704645156860352,0.0001,6,1849.9556955119554,0.4074592590332031,,,,,,,,,,,,,,,,,,,,,,,,,,,,,,,,,,,,,,,,,,,,,,,,,,,,,
btm,13470,0.029944303864613175,0.008639264141675086,0.4128680191934109,0.08201423669233918,0.616165304929018,0.4957461811602116,0.3829237163066864,0.6673115491867065,0.0001,6,1884.5312976466862,0.4074592590332031,,,,,,,,,,,,,,,,,,,,,,,,,,,,,,,,,,,,,,,,,,,,,,,,,,,,,
btm,13480,0.016035250714048745,0.008338168123736977,0.43318774700164797,0.08626476475037634,0.6429049551486969,0.5202863216400146,0.41715249195694926,0.6334620118141174,0.0001,6,1889.1047258909614,0.4074592590332031,,,,,,,,,,,,,,,,,,,,,,,,,,,,,,,,,,,,,,,,,,,,,,,,,,,,,
btm,13490,0.009446856076829135,0.008910228323657066,0.4953288443386555,0.08441702928394079,0.6950844585895538,0.5806368894875049,0.48588198944926264,0.5450244545936584,0.0001,6,1831.6247994216308,0.4074592590332031,,,,,,,,,,,,,,,,,,,,,,,,,,,,,,,,,,,,,,,,,,,,,,,,,,,,,
btm,13500,0.015790215344168246,0.00788580214139074,0.44249119982123375,0.07959426897577941,0.6507905468344688,0.5228740535676479,0.42670098692178726,0.5737237334251404,0.0001,6,1971.817495928691,0.4074592590332031,,,,,,,,,,,,,,,,,,,,,,,,,,,,,,,,,,,,,,,,,,,,,,,,,,,,,
btm,13500,,,,,,,,,,,,,0.024005254730582237,0.007083449512720108,0.3253649976104498,0.06694590102415532,0.5475726034492254,0.39301924780011177,0.301359741948545,0.1783683835528791,0.0958856790093705,0.0,,,,,,,,,,,,,,,,,,,,,,,,,,,,,,,,,,,,,,,,,,,
btm,13510,0.030061601568013428,0.008052591874729842,0.38530462980270386,0.08607535790652036,0.5938512988388538,0.4721852451562881,0.3552430268377066,0.5584449768066406,0.0001,6,742.4069348630196,0.4074592590332031,,,,,,,,,,,,,,,,,,,,,,,,,,,,,,,,,,,,,,,,,,,,,,,,,,,,,
btm,13520,0.02299803839996457,0.008449517330154777,0.3800546541810036,0.08685191860422492,0.5957238487899303,0.4677515238523483,0.35705661699175834,0.6822360754013062,0.0001,6,1733.5490620054582,0.4074592590332031,,,,,,,,,,,,,,,,,,,,,,,,,,,,,,,,,,,,,,,,,,,,,,,,,,,,,
btm,13530,0.011325404606759548,0.008471399045083672,0.42614089548587797,0.08689905442297459,0.6422158569097519,0.5138870917260647,0.41481549069285395,0.5317357778549194,0.0001,6,1876.311622282139,0.4074592590332031,,,,,,,,,,,,,,,,,,,,,,,,,,,,,,,,,,,,,,,,,,,,,,,,,,,,,
btm,13540,0.009935052995570005,0.008428126596845687,0.4368304818868637,0.08582081343047321,0.6517908185720444,0.5234941050410271,0.42689542919397355,0.5713614225387573,0.0001,6,1904.2557876591875,0.4074592590332031,,,,,,,,,,,,,,,,,,,,,,,,,,,,,,,,,,,,,,,,,,,,,,,,,,,,,
btm,13550,0.020332755730487408,0.007975691428873688,0.3934816502034664,0.08291994929313659,0.609141255915165,0.4771991729736328,0.3731488958001137,0.6195431351661682,0.0001,6,1924.146313759791,0.4074592590332031,,,,,,,,,,,,,,,,,,,,,,,,,,,,,,,,,,,,,,,,,,,,,,,,,,,,,
btm,13560,0.027629292104393244,0.0083986627869308,0.3721779234707355,0.08814012240618467,0.5847031109035015,0.46115791201591494,0.34454863481223585,0.5953980684280396,0.0001,6,1853.237052692367,0.4074592590332031,,,,,,,,,,,,,,,,,,,,,,,,,,,,,,,,,,,,,,,,,,,,,,,,,,,,,
btm,13570,0.017012781463563442,0.008271100698038936,0.4200633205473423,0.07906957007944584,0.6305080413818359,0.49996000304818156,0.4030505396425724,0.7259387373924255,0.0001,6,1916.1733027322514,0.4074592590332031,,,,,,,,,,,,,,,,,,,,,,,,,,,,,,,,,,,,,,,,,,,,,,,,,,,,,
btm,13580,0.010055407439358533,0.008205194270703941,0.43425239622592926,0.08494071178138256,0.6485021710395813,0.5200136289000511,0.42419698983430865,0.528141975402832,0.0001,6,1780.8171157564273,0.4074592590332031,,,,,,,,,,,,,,,,,,,,,,,,,,,,,,,,,,,,,,,,,,,,,,,,,,,,,
btm,13590,0.013800594885833562,0.00865611337358132,0.41487217843532564,0.08082550852559507,0.6306558132171631,0.4965632990002632,0.401071584969759,0.6573801636695862,0.0001,6,1787.4329934400787,0.4074592590332031,,,,,,,,,,,,,,,,,,,,,,,,,,,,,,,,,,,,,,,,,,,,,,,,,,,,,
btm,13600,0.02324501289986074,0.008352626115083694,0.39796721190214157,0.08348296573385597,0.6094173446297646,0.48228543996810913,0.37472220212221147,0.5547131299972534,0.0001,6,1850.5583310835584,0.4074592590332031,,,,,,,,,,,,,,,,,,,,,,,,,,,,,,,,,,,,,,,,,,,,,,,,,,,,,
btm,13610,0.019155900040641428,0.008140383334830404,0.4111110657453537,0.08145530968904495,0.6227877020835877,0.4933804161846638,0.3919551633298397,0.792326807975769,0.0001,6,1945.3621553764488,0.4074592590332031,,,,,,,,,,,,,,,,,,,,,,,,,,,,,,,,,,,,,,,,,,,,,,,,,,,,,
btm,13620,0.010925659583881498,0.008441889495588838,0.4629986181855202,0.08047727937810123,0.6683551117777824,0.544320085644722,0.452072960883379,0.6099515557289124,0.0001,6,1956.3839199686665,0.4074592590332031,,,,,,,,,,,,,,,,,,,,,,,,,,,,,,,,,,,,,,,,,,,,,,,,,,,,,
btm,13630,0.00997847004327923,0.00875268450472504,0.45401061698794365,0.08547490052878856,0.6634635701775551,0.5403607845306396,0.4440321445465088,0.5659695863723755,0.0001,6,1952.7892812444309,0.4074592590332031,,,,,,,,,,,,,,,,,,,,,,,,,,,,,,,,,,,,,,,,,,,,,,,,,,,,,
btm,13640,0.022855259268544613,0.008013263694010675,0.4172459773719311,0.07992852139286696,0.6251841276884079,0.4979758307337761,0.3943907178938389,0.7317259311676025,0.0001,6,1830.2729562881254,0.4074592590332031,,,,,,,,,,,,,,,,,,,,,,,,,,,,,,,,,,,,,,,,,,,,,,,,,,,,,
btm,13650,0.032155469665303825,0.007986002031248062,0.4100740157067776,0.07933075088076294,0.6113898307085037,0.49020336419343946,0.37791854590177537,0.556608259677887,0.0001,6,1968.4031236423712,0.4074592590332031,,,,,,,,,,,,,,,,,,,,,,,,,,,,,,,,,,,,,,,,,,,,,,,,,,,,,
btm,13660,0.016058428189717235,0.007986094953957945,0.3950911149382591,0.08153173611499369,0.6128518633544445,0.4774214573204517,0.37903268858790395,0.6355593800544739,0.0001,6,1923.7936191120655,0.4074592590332031,,,,,,,,,,,,,,,,,,,,,,,,,,,,,,,,,,,,,,,,,,,,,,,,,,,,,
btm,13670,0.007404926605522633,0.008015394082758576,0.47492906302213667,0.0741745991166681,0.6809665568172931,0.5499052003026008,0.4675241351127625,0.5067802667617798,0.0001,6,1991.2208206671055,0.4074592590332031,,,,,,,,,,,,,,,,,,,,,,,,,,,,,,,,,,,,,,,,,,,,,,,,,,,,,
btm,13680,0.010603707190603018,0.00812936866423115,0.44737134501338005,0.08287825230509042,0.6585567697882653,0.5310625337064266,0.43676763847470285,0.5717393159866333,0.0001,6,2030.3953243776086,0.4074592590332031,,,,,,,,,,,,,,,,,,,,,,,,,,,,,,,,,,,,,,,,,,,,,,,,,,,,,
btm,13690,0.028221424901857972,0.008414058480411768,0.40863709449768065,0.0887092255987227,0.614428685605526,0.4981877222657204,0.3804156705737114,0.585286021232605,0.0001,6,2007.3961642328272,0.4074592590332031,,,,,,,,,,,,,,,,,,,,,,,,,,,,,,,,,,,,,,,,,,,,,,,,,,,,,
btm,13700,0.032769177854061124,0.008443722478114068,0.4146157167851925,0.0844233624637127,0.6089374877512455,0.4998834528028965,0.3818465378135443,0.5710335373878479,0.0001,6,2007.0528331533446,0.4074592590332031,,,,,,,,,,,,,,,,,,,,,,,,,,,,,,,,,,,,,,,,,,,,,,,,,,,,,
btm,13710,0.01544342963024974,0.008439285412896425,0.4246138446033001,0.08445238880813122,0.6362806469202041,0.50991016253829,0.40917041525244713,0.6516786813735962,0.0001,6,1999.4894203203553,0.4074592590332031,,,,,,,,,,,,,,,,,,,,,,,,,,,,,,,,,,,,,,,,,,,,,,,,,,,,,
btm,13720,0.008090362197253852,0.007914202578831464,0.4440356962382793,0.07570586535148323,0.658598618209362,0.5205329798161984,0.43594533279538156,0.5202100276947021,0.0001,6,1932.4651692575949,0.4074592590332031,,,,,,,,,,,,,,,,,,,,,,,,,,,,,,,,,,,,,,,,,,,,,,,,,,,,,
btm,13730,0.015510404645465315,0.008234458195511251,0.42290597781538963,0.08119283318519592,0.6353830173611641,0.5049222588539124,0.40739557445049285,1.041671633720398,0.0001,6,1842.100502938012,0.4074592590332031,,,,,,,,,,,,,,,,,,,,,,,,,,,,,,,,,,,,,,,,,,,,,,,,,,,,,
btm,13740,0.02996221953071654,0.007894667785149068,0.4006488770246506,0.0815338241867721,0.6048219293355942,0.4829721666872501,0.3706866566091776,0.630109429359436,0.0001,6,1865.4621123212357,0.4074592590332031,,,,,,,,,,,,,,,,,,,,,,,,,,,,,,,,,,,,,,,,,,,,,,,,,,,,,
btm,13750,0.02562887789681554,0.008225925313308836,0.39455474242568017,0.08080353680998087,0.6041696861386299,0.4761808715760708,0.3689258672297001,0.593824565410614,0.0001,6,1907.5415121334388,0.4074592590332031,,,,,,,,,,,,,,,,,,,,,,,,,,,,,,,,,,,,,,,,,,,,,,,,,,,,,
btm,13760,0.01197607689537108,0.00867223966633901,0.4471228301525116,0.08505039978772402,0.6575593128800392,0.5330404497683048,0.43514675423502924,0.6120998859405518,0.0001,6,1960.5420990393413,0.4074592590332031,,,,,,,,,,,,,,,,,,,,,,,,,,,,,,,,,,,,,,,,,,,,,,,,,,,,,
btm,13770,0.010435220575891435,0.008230409095995128,0.4357718758285046,0.08354084324091673,0.6493546046316624,0.5201357543468476,0.4253366567194462,0.5429961085319519,0.0001,6,2036.7501263197778,0.4074592590332031,,,,,,,,,,,,,,,,,,,,,,,,,,,,,,,,,,,,,,,,,,,,,,,,,,,,,
btm,13780,0.01813724043313414,0.007998657668940723,0.4007105343043804,0.07997719068080186,0.6166370555758476,0.4814875900745392,0.3825732938945293,0.6085328459739685,0.0001,6,1997.0691663901302,0.4074592590332031,,,,,,,,,,,,,,,,,,,,,,,,,,,,,,,,,,,,,,,,,,,,,,,,,,,,,
btm,13790,0.023508287919685244,0.008256408385932446,0.38779980689287186,0.07686749543063343,0.6013379886746406,0.46549294590950013,0.3642915189266205,0.6783037185668945,0.0001,6,1972.0595187361587,0.4074592590332031,,,,,,,,,,,,,,,,,,,,,,,,,,,,,,,,,,,,,,,,,,,,,,,,,,,,,
btm,13800,0.017978246929123996,0.008028868830297142,0.4104152850806713,0.0828759572468698,0.6220546334981918,0.49409412741661074,0.3924370378255844,0.636017918586731,0.0001,6,2000.6316866808752,0.4074592590332031,,,,,,,,,,,,,,,,,,,,,,,,,,,,,,,,,,,,,,,,,,,,,,,,,,,,,
btm,13810,0.011111263930797578,0.008234218589495867,0.42654618844389913,0.08492628587409853,0.6425210759043694,0.5122959010303021,0.4154349260032177,0.5665098428726196,0.0001,6,1965.9487231410544,0.4074592590332031,,,,,,,,,,,,,,,,,,,,,,,,,,,,,,,,,,,,,,,,,,,,,,,,,,,,,
btm,13820,0.013583688042126596,0.008235411951318383,0.4017547145485878,0.07767208442091941,0.621294978260994,0.4802503399550915,0.3881710283458233,0.6460165977478027,0.0001,6,1977.6331423448553,0.4074592590332031,,,,,,,,,,,,,,,,,,,,,,,,,,,,,,,,,,,,,,,,,,,,,,,,,,,,,
btm,13830,0.020844529615715146,0.008155158022418618,0.37009079232811926,0.08058793004602194,0.5894511103630066,0.45149424076080324,0.3492462620139122,0.6214745044708252,0.0001,6,1958.908551127097,0.4074592590332031,,,,,,,,,,,,,,,,,,,,,,,,,,,,,,,,,,,,,,,,,,,,,,,,,,,,,
btm,13840,0.018436522129923104,0.008127665589563548,0.4005433306097984,0.08048933362588287,0.6164570480585099,0.4818454273045063,0.3821068100631237,0.7083289623260498,0.0001,6,1938.0955206167932,0.4074592590332031,,,,,,,,,,,,,,,,,,,,,,,,,,,,,,,,,,,,,,,,,,,,,,,,,,,,,
btm,13850,0.010253722011111677,0.008039431215729564,0.43457282707095146,0.07742304494604468,0.6491081729531288,0.5127998128533363,0.42431910485029223,0.657511830329895,0.0001,6,1984.2063919293328,0.4074592590332031,,,,,,,,,,,,,,,,,,,,,,,,,,,,,,,,,,,,,,,,,,,,,,,,,,,,,
btm,13860,0.009173709549941123,0.008326134749222548,0.47081666216254237,0.08751726504415273,0.6763131022453308,0.5591665357351303,0.4616429515182972,0.5698984265327454,0.0001,6,1948.9968578596092,0.4074592590332031,,,,,,,,,,,,,,,,,,,,,,,,,,,,,,,,,,,,,,,,,,,,,,,,,,,,,
btm,13870,0.018885586108081043,0.009155738155823202,0.4122103929519653,0.09313032571226358,0.6240632012486458,0.5062562912702561,0.39332480654120444,0.5579208135604858,0.0001,6,1922.1863646764327,0.4074592590332031,,,,,,,,,,,,,,,,,,,,,,,,,,,,,,,,,,,,,,,,,,,,,,,,,,,,,
btm,13880,0.030459016002714633,0.007900555396918207,0.4001085855066776,0.08216836238279938,0.6047832489013671,0.48306700140237807,0.3696495682001114,0.5709731578826904,0.0001,6,1947.317406913807,0.4074592590332031,,,,,,,,,,,,,,,,,,,,,,,,,,,,,,,,,,,,,,,,,,,,,,,,,,,,,
btm,13890,0.018027914385311306,0.008113439695443958,0.4131166934967041,0.08678762931376696,0.6265402644872665,0.5007156632840634,0.39508877992630004,0.6046583652496338,0.0001,6,1952.9572868392277,0.4074592590332031,,,,,,,,,,,,,,,,,,,,,,,,,,,,,,,,,,,,,,,,,,,,,,,,,,,,,
btm,13900,0.007377586327493191,0.00826054799836129,0.4485993228852749,0.08517974419519306,0.6623972311615944,0.5346051186323166,0.44122173860669134,0.5662229657173157,0.0001,6,1973.9977911049305,0.4074592590332031,,,,,,,,,,,,,,,,,,,,,,,,,,,,,,,,,,,,,,,,,,,,,,,,,,,,,
btm,13910,0.011758306925185025,0.008130557532422245,0.40971889942884443,0.07781070675700903,0.6293481156229973,0.48834265768527985,0.39796059429645536,0.5546326637268066,0.0001,6,1971.2281834445228,0.4074592590332031,,,,,,,,,,,,,,,,,,,,,,,,,,,,,,,,,,,,,,,,,,,,,,,,,,,,,
btm,13920,0.02967755631543696,0.008160670951474458,0.3905234783887863,0.07719419761560857,0.5991343796253205,0.46853374466300013,0.360845922678709,0.5846896171569824,0.0001,6,1936.6105219499875,0.4074592590332031,,,,,,,,,,,,,,,,,,,,,,,,,,,,,,,,,,,,,,,,,,,,,,,,,,,,,
btm,13930,0.026818983862176536,0.008188981853891164,0.43088728114962577,0.08320255177095533,0.6325111329555512,0.5149087339639664,0.404068298637867,0.6222967505455017,0.0001,6,1787.746177631948,0.4074592590332031,,,,,,,,,,,,,,,,,,,,,,,,,,,,,,,,,,,,,,,,,,,,,,,,,,,,,
btm,13940,0.011227772850543261,0.008275870047509671,0.4606014579534531,0.07385191088542342,0.6675370931625366,0.535280953347683,0.4493736818432808,0.46915990114212036,0.0001,6,1731.8278249230107,0.4074592590332031,,,,,,,,,,,,,,,,,,,,,,,,,,,,,,,,,,,,,,,,,,,,,,,,,,,,,
btm,13950,0.008019034774042666,0.008035834005568177,0.4987278044223785,0.08384509645402431,0.6985578373074531,0.5833764836192131,0.4907087668776512,0.6110681295394897,0.0001,6,1887.5622761170525,0.4074592590332031,,,,,,,,,,,,,,,,,,,,,,,,,,,,,,,,,,,,,,,,,,,,,,,,,,,,,
btm,13960,0.021747882710769773,0.008289686520583928,0.39933415949344636,0.0787182005122304,0.6123328328132629,0.4788813292980194,0.37758627682924273,0.5837361216545105,0.0001,6,1867.527314595364,0.4074592590332031,,,,,,,,,,,,,,,,,,,,,,,,,,,,,,,,,,,,,,,,,,,,,,,,,,,,,
btm,13970,0.03721743701025844,0.008116743504069745,0.3828526042401791,0.08364457148127258,0.5858617655932903,0.4673088490962982,0.34563516527414323,0.6115866899490356,0.0001,6,1897.8138944012076,0.4074592590332031,,,,,,,,,,,,,,,,,,,,,,,,,,,,,,,,,,,,,,,,,,,,,,,,,,,,,
btm,13980,0.024562553921714424,0.008142989175394178,0.3771053284406662,0.07625539768487215,0.5917285844683647,0.45417502969503404,0.35254277363419534,0.5925269722938538,0.0001,6,1828.2636304290386,0.4074592590332031,,,,,,,,,,,,,,,,,,,,,,,,,,,,,,,,,,,,,,,,,,,,,,,,,,,,,
btm,13990,0.009911047399509699,0.008140799915418028,0.42074292674660685,0.07708842540159822,0.6380228221416473,0.49864543080329893,0.4108318790793419,0.4904196858406067,0.0001,6,1961.4532661762244,0.4074592590332031,,,,,,,,,,,,,,,,,,,,,,,,,,,,,,,,,,,,,,,,,,,,,,,,,,,,,
btm,14000,0.009499588422477246,0.00827445015311241,0.4406502269208431,0.0847419349476695,0.6529487520456314,0.5262196086347103,0.4311506420373917,0.5329963564872742,0.0001,6,1972.9830000868756,0.4074592590332031,,,,,,,,,,,,,,,,,,,,,,,,,,,,,,,,,,,,,,,,,,,,,,,,,,,,,
btm,14000,,,,,,,,,,,,,0.014049498247914016,0.007091796898748726,0.3547584917396307,0.06622660416178405,0.5819684229791164,0.42169428430497646,0.3407089952379465,0.21014773845672607,0.08827930747065693,0.0,,,,,,,,,,,,,,,,,,,,,,,,,,,,,,,,,,,,,,,,,,,
btm,14000,,,,,,,,,,,,,,,,,,,,,,,0.25,5,20,0.11186005278940309,0.4687050099580636,61.79538161866367,1149.2306367959827,1185.3219415992498,0.08219688769080676,0.15694755707401783,0.16495262623215334,665600,1,40,0.1,2,20,0.027865893984153206,0.30103820641179335,62.0323281660676,1153.0305251013488,1168.3322705328465,0.21386855977587402,0.24528404597193001,0.20669784175279812,665600,1,40,0.05,1,20,0.008881219432873136,0.23613589351256675,60.97548171877861,1124.972899677232,1146.6291734948754,0.499258370254538,0.3927635518833995,0.25608178491775807,665600,1,40,0.13333333333333333
btm,14010,0.018657749402336776,0.008320626721251756,0.41424898579716685,0.08988954201340675,0.627463711798191,0.5049705900251865,0.3955912351608276,0.6658201217651367,0.0001,6,6.2221517001108255,0.4074592590332031,,,,,,,,,,,,,,,,,,,,,,,,,,,,,,,,,,,,,,,,,,,,,,,,,,,,,
btm,14020,0.02742326380684972,0.008225114073138685,0.4211264841258526,0.08038272932171822,0.6256219774484635,0.5023317247629165,0.3937032215297222,0.7290189266204834,0.0001,6,1923.7561842744583,0.4074592590332031,,,,,,,,,,,,,,,,,,,,,,,,,,,,,,,,,,,,,,,,,,,,,,,,,,,,,
btm,14030,0.01941481283865869,0.007855647325050086,0.41503882184624674,0.07855550218373537,0.6263017594814301,0.4943798892199993,0.39562400951981547,0.6086866855621338,0.0001,6,1953.2565030485346,0.4074592590332031,,,,,,,,,,,,,,,,,,,,,,,,,,,,,,,,,,,,,,,,,,,,,,,,,,,,,
btm,14040,0.009952520113438367,0.008723223477136343,0.45812983289361,0.08147005327045917,0.6611914590001107,0.5404722101986408,0.44817731231451036,0.6752429604530334,0.0001,6,1989.2279457507473,0.4074592590332031,,,,,,,,,,,,,,,,,,,,,,,,,,,,,,,,,,,,,,,,,,,,,,,,,,,,,
btm,14050,0.01011015842668712,0.008068131108302623,0.44096631482243537,0.0808584950864315,0.6543038785457611,0.5226316273212432,0.4308561563491821,0.5168150067329407,0.0001,6,2009.596626172723,0.4074592590332031,,,,,,,,,,,,,,,,,,,,,,,,,,,,,,,,,,,,,,,,,,,,,,,,,,,,,
btm,14060,0.020175525965169073,0.008242120582144708,0.3997702352702618,0.0855423859320581,0.613495510816574,0.48613683581352235,0.379594711214304,0.533383309841156,0.0001,6,1995.2847374009048,0.4074592590332031,,,,,,,,,,,,,,,,,,,,,,,,,,,,,,,,,,,,,,,,,,,,,,,,,,,,,
btm,14070,0.02508599474094808,0.008424299652688205,0.38537130057811736,0.08637737007811666,0.5975619353353977,0.47259110733866694,0.36028530485928056,0.5823565125465393,0.0001,6,1896.064316779268,0.4074592590332031,,,,,,,,,,,,,,,,,,,,,,,,,,,,,,,,,,,,,,,,,,,,,,,,,,,,,
btm,14080,0.013438160042278468,0.008406652242410929,0.423406333476305,0.08207626999355852,0.6370749831199646,0.5063232682645321,0.4099681757390499,0.9067293405532837,0.0001,6,1797.529490243043,0.4074592590332031,,,,,,,,,,,,,,,,,,,,,,,,,,,,,,,,,,,,,,,,,,,,,,,,,,,,,
btm,14090,0.008617267175577582,0.008785183250438422,0.44097823426127436,0.08885424099862575,0.6559238374233246,0.5307109877467155,0.43236096799373624,0.5070787072181702,0.0001,6,1881.2951727405132,0.4074592590332031,,,,,,,,,,,,,,,,,,,,,,,,,,,,,,,,,,,,,,,,,,,,,,,,,,,,,
btm,14100,0.015333457151427865,0.008200961642432957,0.4214443452656269,0.08737826850265265,0.6356040075421333,0.5096427142620087,0.40611088648438454,0.5192101001739502,0.0001,6,1917.8225033776134,0.4074592590332031,,,,,,,,,,,,,,,,,,,,,,,,,,,,,,,,,,,,,,,,,,,,,,,,,,,,,
btm,14110,0.027407360123470427,0.008933637489099056,0.3864043578505516,0.085906951315701,0.5953931376338005,0.4732046745717525,0.3589969962835312,0.7253851294517517,0.0001,6,2016.6510006534415,0.4074592590332031,,,,,,,,,,,,,,,,,,,,,,,,,,,,,,,,,,,,,,,,,,,,,,,,,,,,,
btm,14120,0.020490842685103417,0.008569141547195614,0.41279590874910355,0.0877331055700779,0.6232793718576431,0.5013859309256077,0.39230506494641304,0.6078994274139404,0.0001,6,2015.7864306121323,0.4074592590332031,,,,,,,,,,,,,,,,,,,,,,,,,,,,,,,,,,,,,,,,,,,,,,,,,,,,,
btm,14130,0.00911563050467521,0.008027152961585671,0.4660454675555229,0.08499746057204902,0.6734418153762818,0.5518456384539604,0.45692983716726304,0.5927094221115112,0.0001,6,1900.3088856705988,0.4074592590332031,,,,,,,,,,,,,,,,,,,,,,,,,,,,,,,,,,,,,,,,,,,,,,,,,,,,,
btm,14140,0.008709850918967277,0.008325406583026052,0.47911411598324777,0.08004961768165231,0.6836099267005921,0.5599962718784809,0.47040426582098005,0.5369574427604675,0.0001,6,1969.400463392682,0.4074592590332031,,,,,,,,,,,,,,,,,,,,,,,,,,,,,,,,,,,,,,,,,,,,,,,,,,,,,
btm,14150,0.02347705962602049,0.007929963152855634,0.4126761630177498,0.07935094172134996,0.6203877493739128,0.4928200989961624,0.38919910192489626,0.5067901015281677,0.0001,6,1924.4971004900392,0.4074592590332031,,,,,,,,,,,,,,,,,,,,,,,,,,,,,,,,,,,,,,,,,,,,,,,,,,,,,
btm,14160,0.03575921095907688,0.008115077717229724,0.38918575793504717,0.0786296993959695,0.5925199434161186,0.46862696334719656,0.35342654809355734,0.7291365265846252,0.0001,6,1981.557863172999,0.4074592590332031,,,,,,,,,,,,,,,,,,,,,,,,,,,,,,,,,,,,,,,,,,,,,,,,,,,,,
btm,14170,0.018039587954990565,0.008528191165532916,0.41204765141010286,0.08424434950575233,0.6257131963968277,0.4971448168158531,0.3940080635249615,0.5721176862716675,0.0001,6,1966.9413134146837,0.4074592590332031,,,,,,,,,,,,,,,,,,,,,,,,,,,,,,,,,,,,,,,,,,,,,,,,,,,,,
btm,14180,0.006936442817095667,0.008049804961774498,0.4911531455814838,0.08943670606240631,0.693914769589901,0.5813948296010494,0.4842167004942894,0.5648199319839478,0.0001,6,1963.0193177511546,0.4074592590332031,,,,,,,,,,,,,,,,,,,,,,,,,,,,,,,,,,,,,,,,,,,,,,,,,,,,,
btm,14190,0.010489040287211537,0.008048938098363578,0.4369453631341457,0.07381575289182365,0.6501422390341759,0.5115660049021244,0.4264563247561455,0.4451930522918701,0.0001,6,1930.9915501588528,0.4074592590332031,,,,,,,,,,,,,,,,,,,,,,,,,,,,,,,,,,,,,,,,,,,,,,,,,,,,,
btm,14200,0.028790421830490232,0.008030019619036466,0.3869063898921013,0.07789091328158974,0.5953258611261845,0.4656003057956696,0.3581159695982933,0.7265231013298035,0.0001,6,1908.973015866481,0.4074592590332031,,,,,,,,,,,,,,,,,,,,,,,,,,,,,,,,,,,,,,,,,,,,,,,,,,,,,
btm,14210,0.03403637339361012,0.008160061680246144,0.38786592707037926,0.07559732208028436,0.5926268056035042,0.4642792582511902,0.35382955297827723,0.4793717861175537,0.0001,6,1959.014346468465,0.4074592590332031,,,,,,,,,,,,,,,,,,,,,,,,,,,,,,,,,,,,,,,,,,,,,,,,,,,,,
btm,14220,0.017943678377196192,0.008377204148564488,0.38677093759179115,0.08975339648313821,0.6052632763981819,0.4773620508611202,0.36882726177573205,0.5422987341880798,0.0001,6,1981.4168823845482,0.4074592590332031,,,,,,,,,,,,,,,,,,,,,,,,,,,,,,,,,,,,,,,,,,,,,,,,,,,,,
btm,14230,0.007951226679142564,0.00818593162111938,0.4586812794208527,0.0768015265930444,0.6688737466931343,0.5363013997673989,0.4507300525903702,0.5650977492332458,0.0001,6,1976.7108873951338,0.4074592590332031,,,,,,,,,,,,,,,,,,,,,,,,,,,,,,,,,,,,,,,,,,,,,,,,,,,,,
btm,14240,0.01167716080090031,0.007941016193944961,0.41545599699020386,0.07829768769443035,0.6335582941770553,0.49454778656363485,0.4037788391113281,0.5231002569198608,0.0001,6,1963.4524973880198,0.4074592590332031,,,,,,,,,,,,,,,,,,,,,,,,,,,,,,,,,,,,,,,,,,,,,,,,,,,,,
btm,14250,0.0286423044744879,0.007767482730560005,0.3882665246725082,0.08011165410280227,0.5972437188029289,0.4691549248993397,0.35962422117590903,0.6072680950164795,0.0001,6,1941.2323569039136,0.4074592590332031,,,,,,,,,,,,,,,,,,,,,,,,,,,,,,,,,,,,,,,,,,,,,,,,,,,,,
btm,14260,0.03008298370987177,0.008023665903601795,0.3836913228034973,0.07678271727636457,0.5911605097353458,0.46127640679478643,0.35360833927989005,0.694928765296936,0.0001,6,1999.620567827777,0.4074592590332031,,,,,,,,,,,,,,,,,,,,,,,,,,,,,,,,,,,,,,,,,,,,,,,,,,,,,
btm,14270,0.012386709358543158,0.008250230434350669,0.4538148157298565,0.0785926291719079,0.6613373130559921,0.533232469856739,0.4414281062781811,0.5908894538879395,0.0001,6,1992.5629727762794,0.4074592590332031,,,,,,,,,,,,,,,,,,,,,,,,,,,,,,,,,,,,,,,,,,,,,,,,,,,,,
btm,14280,0.007932858995627613,0.008349549619015306,0.48872572258114816,0.08051363909617067,0.6924386769533157,0.5700743168592453,0.48079286590218545,0.4992177486419678,0.0001,6,1936.5546810075907,0.4074592590332031,,,,,,,,,,,,,,,,,,,,,,,,,,,,,,,,,,,,,,,,,,,,,,,,,,,,,
btm,14290,0.018549722456373274,0.008568077138625086,0.4053874470293522,0.0782210529781878,0.6194784983992576,0.48446530774235724,0.3868377223610878,0.7069404721260071,0.0001,6,1929.3033124601732,0.4074592590332031,,,,,,,,,,,,,,,,,,,,,,,,,,,,,,,,,,,,,,,,,,,,,,,,,,,,,
btm,14298,,,,,,,,,,,,,,,,,,,,,,,0.25,5,20,0.11186005278940309,0.4687050099580636,60.84512531384826,1128.5661433357745,1145.845077931881,0.09927943766466342,0.14871758962981402,0.15633851358523734,665600,1,40,0.1,2,20,0.027865893984153206,0.30103820641179335,60.934421714395285,1127.331353025511,1128.437856584787,0.21824615298595745,0.22388637700118125,0.20420669750907483,665600,1,40,0.05,1,20,0.008881219432873136,0.23613589351256675,60.48376026749611,1113.2593964692205,1136.629635002464,0.471889266333892,0.3885999354440719,0.2663421589594621,665600,1,40,0.13333333333333333
btm,14300,0.03624301087111235,0.008191173430532217,0.4024963118135929,0.08147705970332027,0.6025527909398078,0.48479248881340026,0.3662532985210419,0.758517324924469,0.0001,7,6.316945585380109,0.4074592590332031,,,,,,,,,,,,,,,,,,,,,,,,,,,,,,,,,,,,,,,,,,,,,,,,,,,,,
btm,14310,0.02516890214756131,0.008606189384590835,0.3882471151649952,0.08415850289165974,0.5995656356215477,0.47326623648405075,0.36307821460068224,0.5935569405555725,0.0001,7,1947.8637302593868,0.4074592590332031,,,,,,,,,,,,,,,,,,,,,,,,,,,,,,,,,,,,,,,,,,,,,,,,,,,,,
btm,14320,0.009941003180574625,0.00875590672949329,0.4352208189666271,0.07686351742595435,0.6497118964791297,0.5129599250853062,0.425279812514782,0.558944582939148,0.0001,7,1946.8049055233769,0.4074592590332031,,,,,,,,,,,,,,,,,,,,,,,,,,,,,,,,,,,,,,,,,,,,,,,,,,,,,
btm,14330,0.00961950682103634,0.007948168565053492,0.452056161314249,0.07681690733879805,0.6626428425312042,0.5296678826212883,0.44243665859103204,0.5913673043251038,0.0001,7,1963.1546416682424,0.4074592590332031,,,,,,,,,,,,,,,,,,,,,,,,,,,,,,,,,,,,,,,,,,,,,,,,,,,,,
btm,14340,0.02034231727011502,0.008617980277631433,0.40507629215717317,0.08006133721210063,0.6186596244573593,0.48599943295121195,0.3847339741885662,0.7619864344596863,0.0001,7,1846.5554067360533,0.4074592590332031,,,,,,,,,,,,,,,,,,,,,,,,,,,,,,,,,,,,,,,,,,,,,,,,,,,,,
btm,14350,0.030614735605195165,0.008292120019905268,0.37316292971372605,0.08256146023049951,0.5832728147506714,0.4565536014735699,0.342548194527626,0.532941460609436,0.0001,7,1981.068867151246,0.4074592590332031,,,,,,,,,,,,,,,,,,,,,,,,,,,,,,,,,,,,,,,,,,,,,,,,,,,,,
btm,14360,0.019866346893832088,0.008336642559152096,0.3796147532761097,0.07518928027711809,0.5969458118081092,0.4556376963853836,0.3597484067082405,0.50460284948349,0.0001,7,2003.2090048171947,0.4074592590332031,,,,,,,,,,,,,,,,,,,,,,,,,,,,,,,,,,,,,,,,,,,,,,,,,,,,,
btm,14370,0.009207979904022067,0.008757960540242493,0.4450471356511116,0.0776118484325707,0.6573298752307892,0.5235347799956799,0.43583915643393994,0.6077998876571655,0.0001,7,1931.692373353396,0.4074592590332031,,,,,,,,,,,,,,,,,,,,,,,,,,,,,,,,,,,,,,,,,,,,,,,,,,,,,
btm,14380,0.010581723123323172,0.008207006787415594,0.4032344244420528,0.075427401997149,0.6246969863772392,0.4794825233519077,0.39265270009636877,0.510569155216217,0.0001,7,2027.403156642367,0.4074592590332031,,,,,,,,,,,,,,,,,,,,,,,,,,,,,,,,,,,,,,,,,,,,,,,,,,,,,
btm,14390,0.023489392641931773,0.007791248755529523,0.3873996242880821,0.08254877249710262,0.6012990117073059,0.4707275241613388,0.3639102313667536,0.6687576770782471,0.0001,7,1957.9989818327767,0.4074592590332031,,,,,,,,,,,,,,,,,,,,,,,,,,,,,,,,,,,,,,,,,,,,,,,,,,,,,
btm,14400,0.029700210178270937,0.007921789959073066,0.3944302678108215,0.08368194657377899,0.600889565050602,0.4789043962955475,0.36473005525767804,0.7189537882804871,0.0001,7,1983.9443730096493,0.4074592590332031,,,,,,,,,,,,,,,,,,,,,,,,,,,,,,,,,,,,,,,,,,,,,,,,,,,,,
btm,14410,0.017693488881923257,0.008288458595052362,0.40126610547304153,0.08091199658811092,0.6173920303583145,0.48300694599747657,0.38357261568307877,0.7383349537849426,0.0001,7,2028.81711423952,0.4074592590332031,,,,,,,,,,,,,,,,,,,,,,,,,,,,,,,,,,,,,,,,,,,,,,,,,,,,,
btm,14420,0.00953495572321117,0.008234327868558466,0.431791789829731,0.08343598963692785,0.6484479144215584,0.5160512119531632,0.4222568355500698,0.5260164737701416,0.0001,7,2000.919344883536,0.4074592590332031,,,,,,,,,,,,,,,,,,,,,,,,,,,,,,,,,,,,,,,,,,,,,,,,,,,,,
btm,14430,0.012161150434985757,0.008316735189873725,0.4077367573976517,0.07666223961859941,0.6268952295184136,0.48523066714406016,0.3955756060779095,0.47015994787216187,0.0001,7,1642.5822226881978,0.4074592590332031,,,,,,,,,,,,,,,,,,,,,,,,,,,,,,,,,,,,,,,,,,,,,,,,,,,,,
btm,14440,0.024134403839707375,0.007802976900711656,0.38723158463835716,0.08080221908167004,0.6002914845943451,0.46881410032510756,0.36309718042612077,0.5609153509140015,0.0001,7,2019.389327668296,0.4074592590332031,,,,,,,,,,,,,,,,,,,,,,,,,,,,,,,,,,,,,,,,,,,,,,,,,,,,,
btm,14450,0.026212533563375474,0.007750193460378796,0.35819821134209634,0.07714384528808296,0.5743869706988335,0.43611707240343095,0.33198568001389506,0.45054447650909424,0.0001,7,1994.5209446959016,0.4074592590332031,,,,,,,,,,,,,,,,,,,,,,,,,,,,,,,,,,,,,,,,,,,,,,,,,,,,,
btm,14460,0.012934087589383126,0.008167414553463459,0.40489514321088793,0.08066491428762675,0.6234760388731957,0.4863768003880978,0.3919610559940338,0.551021158695221,0.0001,7,1922.015816587727,0.4074592590332031,,,,,,,,,,,,,,,,,,,,,,,,,,,,,,,,,,,,,,,,,,,,,,,,,,,,,
btm,14470,0.008401955862063914,0.007888768357224763,0.4523339711129665,0.07773524592630565,0.6643416255712509,0.5308580942451954,0.44393201619386674,0.7491281628608704,0.0001,7,1952.239798053914,0.4074592590332031,,,,,,,,,,,,,,,,,,,,,,,,,,,,,,,,,,,,,,,,,,,,,,,,,,,,,
btm,14480,0.014195389836095274,0.008219027938321233,0.4045399598777294,0.07997926715761423,0.6222072452306747,0.485341127961874,0.3903445690870285,0.6433155536651611,0.0001,7,1941.8607751292445,0.4074592590332031,,,,,,,,,,,,,,,,,,,,,,,,,,,,,,,,,,,,,,,,,,,,,,,,,,,,,
btm,14490,0.026654041558504104,0.007898416090756654,0.36759156212210653,0.07925169160589576,0.5808446079492569,0.44763309955596925,0.34093751907348635,0.6759534478187561,0.0001,7,1967.8876642360376,0.4074592590332031,,,,,,,,,,,,,,,,,,,,,,,,,,,,,,,,,,,,,,,,,,,,,,,,,,,,,
btm,14500,0.022854695608839393,0.008004776039160787,0.3893000349402428,0.07769738095812499,0.601767248660326,0.4677978947758675,0.3664453376084566,0.7429381608963013,0.0001,7,1928.7264511884664,0.4074592590332031,,,,,,,,,,,,,,,,,,,,,,,,,,,,,,,,,,,,,,,,,,,,,,,,,,,,,
btm,14500,,,,,,,,,,,,,0.015217049920465797,0.007096939400071278,0.3413410112261772,0.06543775135651231,0.5695829540491104,0.4074884504079819,0.3261239593848586,0.17039128625765443,0.0826348572736606,0.0,,,,,,,,,,,,,,,,,,,,,,,,,,,,,,,,,,,,,,,,,,,
btm,14510,0.010943405353464187,0.007867795787751675,0.44747421965003015,0.08461440596729516,0.6578023329377174,0.532875407487154,0.436530814319849,0.5453790426254272,0.0001,7,1012.4067224589323,0.4074592590332031,,,,,,,,,,,,,,,,,,,,,,,,,,,,,,,,,,,,,,,,,,,,,,,,,,,,,
btm,14520,0.008870705077424646,0.008137674769386649,0.44670979529619215,0.07488547880202531,0.6602959528565406,0.5224090412259101,0.43783908933401106,0.5102424621582031,0.0001,7,1928.2634931293417,0.4074592590332031,,,,,,,,,,,,,,,,,,,,,,,,,,,,,,,,,,,,,,,,,,,,,,,,,,,,,
btm,14530,0.01640379154123366,0.00854782594833523,0.4011541485786438,0.0857303679920733,0.6181898266077042,0.4877392970025539,0.38475035652518275,0.5996122360229492,0.0001,7,1814.5168179528944,0.4074592590332031,,,,,,,,,,,,,,,,,,,,,,,,,,,,,,,,,,,,,,,,,,,,,,,,,,,,,
btm,14540,0.02982424614019692,0.008326847874559461,0.44199407920241357,0.08508189348503947,0.6308651834726333,0.5279086627066135,0.4121698349714279,0.6395517587661743,0.0001,7,1947.8721391572267,0.4074592590332031,,,,,,,,,,,,,,,,,,,,,,,,,,,,,,,,,,,,,,,,,,,,,,,,,,,,,
btm,14550,0.023142262548208236,0.00873360491823405,0.38518282398581505,0.08489209334366024,0.6002786546945572,0.47094827592372895,0.3620405629277229,0.5865771770477295,0.0001,7,1932.0859513761227,0.4074592590332031,,,,,,,,,,,,,,,,,,,,,,,,,,,,,,,,,,,,,,,,,,,,,,,,,,,,,
btm,14560,0.01030331338988617,0.008129147160798312,0.4277193836867809,0.07847569212317466,0.6430194362998009,0.5070079885423183,0.41741607040166856,0.841096043586731,0.0001,7,1991.1790772078032,0.4074592590332031,,,,,,,,,,,,,,,,,,,,,,,,,,,,,,,,,,,,,,,,,,,,,,,,,,,,,
btm,14570,0.007809833285864443,0.00796154438285157,0.4360591687262058,0.08189217313192784,0.6524244353175164,0.5187474928796292,0.4282493367791176,0.5148004293441772,0.0001,7,1423.4792943355064,0.4074592590332031,,,,,,,,,,,,,,,,,,,,,,,,,,,,,,,,,,,,,,,,,,,,,,,,,,,,,
btm,14580,0.01792144845239818,0.008135543414391577,0.3978376805782318,0.07836970235221088,0.6147612251341343,0.4770209349691868,0.3799162317067385,0.591055154800415,0.0001,7,1996.1654837737206,0.4074592590332031,,,,,,,,,,,,,,,,,,,,,,,,,,,,,,,,,,,,,,,,,,,,,,,,,,,,,
btm,14590,0.03242829581722617,0.008229907404165715,0.3733312591910362,0.07588295596651733,0.5817517265677452,0.45003720447421075,0.3409029632806778,0.6318826079368591,0.0001,7,2008.0195551503277,0.4074592590332031,,,,,,,,,,,,,,,,,,,,,,,,,,,,,,,,,,,,,,,,,,,,,,,,,,,,,
btm,14600,0.023605294409208,0.00806249784072861,0.38205126449465754,0.08411481734365225,0.5956151783466339,0.46697233319282533,0.35844596773386,0.984246015548706,0.0001,7,2026.5520725709105,0.4074592590332031,,,,,,,,,,,,,,,,,,,,,,,,,,,,,,,,,,,,,,,,,,,,,,,,,,,,,
btm,14610,0.009959518653340637,0.007593449763953685,0.4124478779733181,0.06816491531208158,0.6323760777711869,0.48137213960289954,0.40248835980892184,0.5289190411567688,0.0001,7,1912.9376831614547,0.4074592590332031,,,,,,,,,,,,,,,,,,,,,,,,,,,,,,,,,,,,,,,,,,,,,,,,,,,,,
btm,14620,0.008774489804636687,0.00800312056671828,0.4351232424378395,0.08032350451685488,0.6502643629908562,0.5162470549345016,0.42634875103831293,0.6021642088890076,0.0001,7,1982.8208769256566,0.4074592590332031,,,,,,,,,,,,,,,,,,,,,,,,,,,,,,,,,,,,,,,,,,,,,,,,,,,,,
btm,14630,0.020237367739900945,0.007639719953294844,0.3944539241492748,0.07910299161449075,0.6078623808920384,0.4743208847939968,0.3742165558040142,0.5850986838340759,0.0001,7,1905.016314737172,0.4074592590332031,,,,,,,,,,,,,,,,,,,,,,,,,,,,,,,,,,,,,,,,,,,,,,,,,,,,,
btm,14640,0.028840051498264074,0.008023834868799895,0.35227713398635385,0.07499059434048831,0.5651212006807327,0.4280701130628586,0.32343708239495755,0.5286778211593628,0.0001,7,1831.4990051329323,0.4074592590332031,,,,,,,,,,,,,,,,,,,,,,,,,,,,,,,,,,,,,,,,,,,,,,,,,,,,,
btm,14650,0.01611509211361408,0.00840515746967867,0.4099364258348942,0.08427433692850173,0.6249950349330902,0.4950512804090977,0.39382133483886717,0.8115968704223633,0.0001,7,1893.2805692518677,0.4074592590332031,,,,,,,,,,,,,,,,,,,,,,,,,,,,,,,,,,,,,,,,,,,,,,,,,,,,,
btm,14660,0.008461292635183781,0.00824908057693392,0.45167545303702356,0.08121534213423728,0.6639710143208504,0.5337157003581524,0.443214163929224,0.6109300255775452,0.0001,7,1859.0192177088013,0.4074592590332031,,,,,,,,,,,,,,,,,,,,,,,,,,,,,,,,,,,,,,,,,,,,,,,,,,,,,
btm,14670,0.011648846790194511,0.008312363328877836,0.4518715009093285,0.08215610166080296,0.6614289611577988,0.5348588399589062,0.44022265523672105,0.6165753602981567,0.0001,7,1927.7571149149114,0.4074592590332031,,,,,,,,,,,,,,,,,,,,,,,,,,,,,,,,,,,,,,,,,,,,,,,,,,,,,
btm,14680,0.02475310992449522,0.007721736538223922,0.37667831405997276,0.07619040934368967,0.5910297282040119,0.45364089012145997,0.35192520506680014,0.6088173389434814,0.0001,7,1924.3357285297634,0.4074592590332031,,,,,,,,,,,,,,,,,,,,,,,,,,,,,,,,,,,,,,,,,,,,,,,,,,,,,
btm,14690,0.027727992227301,0.007758944260422141,0.3666297383606434,0.08049402814358472,0.5789218291640281,0.4478996582329273,0.33890174701809883,0.5868467092514038,0.0001,7,1997.9970199496347,0.4074592590332031,,,,,,,,,,,,,,,,,,,,,,,,,,,,,,,,,,,,,,,,,,,,,,,,,,,,,
btm,14700,0.014955450827255846,0.007730131328571588,0.3724061571061611,0.07805748698301614,0.5954015195369721,0.4512366555631161,0.35745070688426495,0.5240512490272522,0.0001,7,1869.6242211161548,0.4074592590332031,,,,,,,,,,,,,,,,,,,,,,,,,,,,,,,,,,,,,,,,,,,,,,,,,,,,,
btm,14710,0.008036475453991443,0.00863738392945379,0.43248477280139924,0.07929957527667283,0.650097043812275,0.5126480899751187,0.4244482979178429,0.5780519843101501,0.0001,7,1943.8095574404115,0.4074592590332031,,,,,,,,,,,,,,,,,,,,,,,,,,,,,,,,,,,,,,,,,,,,,,,,,,,,,
btm,14720,0.014406510116532444,0.00790374205680564,0.401685594022274,0.07642939016222954,0.6190236806869507,0.47890535593032835,0.3872790835797787,1.4155759811401367,0.0001,7,1968.2592052592286,0.4074592590332031,,,,,,,,,,,,,,,,,,,,,,,,,,,,,,,,,,,,,,,,,,,,,,,,,,,,,
btm,14730,0.027473116246983408,0.008316924434620888,0.3670714505016804,0.08956366702914238,0.5809908211231232,0.457466808706522,0.33959833458065986,0.5397278666496277,0.0001,7,1899.5052709143445,0.4074592590332031,,,,,,,,,,,,,,,,,,,,,,,,,,,,,,,,,,,,,,,,,,,,,,,,,,,,,
btm,14740,0.021685841702856125,0.008478670718614013,0.3639465466141701,0.08601690037176013,0.5824935130774975,0.4508113138377666,0.34226070418953897,0.5163150429725647,0.0001,7,1947.3270692456558,0.4074592590332031,,,,,,,,,,,,,,,,,,,,,,,,,,,,,,,,,,,,,,,,,,,,,,,,,,,,,
btm,14750,0.010374602407682686,0.008333929150830954,0.4232677862048149,0.08677063575014472,0.6392808675765991,0.5108718156814576,0.41289318203926084,0.5047450065612793,0.0001,7,1791.5077915201502,0.4074592590332031,,,,,,,,,,,,,,,,,,,,,,,,,,,,,,,,,,,,,,,,,,,,,,,,,,,,,
btm,14760,0.007368840475101024,0.008081274607684463,0.46623520106077193,0.07925474410876632,0.6747131541371345,0.5462980695068836,0.45886636078357695,0.5531325936317444,0.0001,7,1767.6558196868682,0.4074592590332031,,,,,,,,,,,,,,,,,,,,,,,,,,,,,,,,,,,,,,,,,,,,,,,,,,,,,
btm,14770,0.015815805015154182,0.008152629435062408,0.40932086706161497,0.07751030172221363,0.624264357239008,0.48764643445611,0.39350506141781805,0.4929092526435852,0.0001,7,1867.9755277250454,0.4074592590332031,,,,,,,,,,,,,,,,,,,,,,,,,,,,,,,,,,,,,,,,,,,,,,,,,,,,,
btm,14780,0.03095719953998923,0.008213453064672648,0.37238707914948466,0.07603919291868806,0.5821891859173774,0.4492476135492325,0.34142988100647925,0.5649594068527222,0.0001,7,1959.980742757357,0.4074592590332031,,,,,,,,,,,,,,,,,,,,,,,,,,,,,,,,,,,,,,,,,,,,,,,,,,,,,
btm,14790,0.022777388617396355,0.008178728423081339,0.3598639577627182,0.08425571266561746,0.5775718003511429,0.44493754059076307,0.3370865698903799,0.605880618095398,0.0001,7,1939.3900966808,0.4074592590332031,,,,,,,,,,,,,,,,,,,,,,,,,,,,,,,,,,,,,,,,,,,,,,,,,,,,,
btm,14800,0.008513713930733502,0.0084851095918566,0.41159714534878733,0.08208064893260598,0.6318270929157734,0.4945263035595417,0.4030834294855595,0.5637310147285461,0.0001,7,1891.7386331649902,0.4074592590332031,,,,,,,,,,,,,,,,,,,,,,,,,,,,,,,,,,,,,,,,,,,,,,,,,,,,,
btm,14810,0.007833066140301525,0.008299516455736011,0.4544842943549156,0.08315524505451322,0.6663493275642395,0.5384694881737232,0.44665123000741,0.5940279960632324,0.0001,7,1963.2106587015016,0.4074592590332031,,,,,,,,,,,,,,,,,,,,,,,,,,,,,,,,,,,,,,,,,,,,,,,,,,,,,
btm,14820,0.02054808558896184,0.008309633552562446,0.4084402211010456,0.08176413625478744,0.6203485161066056,0.49103531911969184,0.387892135232687,0.5725597143173218,0.0001,7,1942.218303664583,0.4074592590332031,,,,,,,,,,,,,,,,,,,,,,,,,,,,,,,,,,,,,,,,,,,,,,,,,,,,,
btm,14830,0.035465586371719836,0.008351238840259612,0.36552697196602824,0.08200526656582952,0.5708770394325257,0.4483673647046089,0.33006138652563094,0.7216668725013733,0.0001,7,2019.202827873957,0.4074592590332031,,,,,,,,,,,,,,,,,,,,,,,,,,,,,,,,,,,,,,,,,,,,,,,,,,,,,
btm,14840,0.022303126426413654,0.008234165469184518,0.38457014560699465,0.0852962520904839,0.5989335849881172,0.47068981230258944,0.3622670195996761,0.6455245018005371,0.0001,7,2003.253969668032,0.4074592590332031,,,,,,,,,,,,,,,,,,,,,,,,,,,,,,,,,,,,,,,,,,,,,,,,,,,,,
btm,14850,0.00864327938761562,0.00815370815107599,0.45494795888662337,0.08012623121030629,0.665393128991127,0.5358895622193813,0.4463046804070473,0.47578611969947815,0.0001,7,1992.0529219441398,0.4074592590332031,,,,,,,,,,,,,,,,,,,,,,,,,,,,,,,,,,,,,,,,,,,,,,,,,,,,,
btm,14860,0.00783612224040553,0.00819072879385203,0.4704155378043652,0.08313348945230245,0.6785386025905609,0.5543681018054485,0.46257941499352456,0.5257327556610107,0.0001,7,2017.0582061036494,0.4074592590332031,,,,,,,,,,,,,,,,,,,,,,,,,,,,,,,,,,,,,,,,,,,,,,,,,,,,,
btm,14870,0.022805497492663564,0.008129756397102028,0.40142103657126427,0.07658125851303339,0.6130179598927498,0.47881526947021485,0.3786155391484499,0.5918685793876648,0.0001,7,2003.0206532297664,0.4074592590332031,,,,,,,,,,,,,,,,,,,,,,,,,,,,,,,,,,,,,,,,,,,,,,,,,,,,,
btm,14880,0.03899049097672105,0.008863991731777788,0.38652883023023604,0.08139965832233428,0.5865171417593956,0.4688148871064186,0.3475383400917053,0.6591485738754272,0.0001,7,2029.2945587155677,0.4074592590332031,,,,,,,,,,,,,,,,,,,,,,,,,,,,,,,,,,,,,,,,,,,,,,,,,,,,,
btm,14890,0.022459184867329895,0.007903647900093347,0.388430517911911,0.08135753464885057,0.6015595108270645,0.4705784164369106,0.36597133204340937,0.9730198979377747,0.0001,7,2008.1421120627751,0.4074592590332031,,,,,,,,,,,,,,,,,,,,,,,,,,,,,,,,,,,,,,,,,,,,,,,,,,,,,
btm,14900,0.009479661763180047,0.008152317733038216,0.42788930609822273,0.08420662861317396,0.6450608432292938,0.5129111662507058,0.41840964257717134,0.6803290843963623,0.0001,7,2021.9118996141108,0.4074592590332031,,,,,,,,,,,,,,,,,,,,,,,,,,,,,,,,,,,,,,,,,,,,,,,,,,,,,
btm,14910,0.010507970955222845,0.008002898911945522,0.40180189311504366,0.0808512045070529,0.6233617916703225,0.4834533892571926,0.39129392206668856,0.6559666395187378,0.0001,7,2032.9595465571088,0.4074592590332031,,,,,,,,,,,,,,,,,,,,,,,,,,,,,,,,,,,,,,,,,,,,,,,,,,,,,
btm,14920,0.020507409563288094,0.008149667270481586,0.38510913476347924,0.08103740932419896,0.6014324277639389,0.46696150824427607,0.3646017245948315,0.5691096782684326,0.0001,7,2032.9545487719183,0.4074592590332031,,,,,,,,,,,,,,,,,,,,,,,,,,,,,,,,,,,,,,,,,,,,,,,,,,,,,
btm,14930,0.027359019918367266,0.008202491642441601,0.37316272407770157,0.0845980460755527,0.5856488779187202,0.4585810169577599,0.3458037041127682,0.5625861287117004,0.0001,7,1965.0595717692531,0.4074592590332031,,,,,,,,,,,,,,,,,,,,,,,,,,,,,,,,,,,,,,,,,,,,,,,,,,,,,
btm,14940,0.017479430628009142,0.00825259336270392,0.4022557891905308,0.08002629801630974,0.6191426277160644,0.4831073470413685,0.38477635830640794,0.7140259742736816,0.0001,7,1985.209686264253,0.4074592590332031,,,,,,,,,,,,,,,,,,,,,,,,,,,,,,,,,,,,,,,,,,,,,,,,,,,,,
btm,14950,0.009509778255596757,0.00836717861238867,0.4474532648921013,0.07762144636362792,0.6589686200022697,0.5259114310145379,0.4379434876143932,0.762082576751709,0.0001,7,1939.9138154543678,0.4074592590332031,,,,,,,,,,,,,,,,,,,,,,,,,,,,,,,,,,,,,,,,,,,,,,,,,,,,,
btm,14960,0.012037641415372492,0.008273993292823434,0.4018872961401939,0.08146357825025916,0.6227056130766868,0.4841782748699188,0.3898496553301811,0.5645446181297302,0.0001,7,1881.5189806763738,0.4074592590332031,,,,,,,,,,,,,,,,,,,,,,,,,,,,,,,,,,,,,,,,,,,,,,,,,,,,,
btm,14970,0.021020979387685657,0.008018214185722173,0.3617064327001572,0.07692596609704197,0.5820190452039242,0.4394342228770256,0.3406854525208473,0.5604351758956909,0.0001,7,1959.3023273869092,0.4074592590332031,,,,,,,,,,,,,,,,,,,,,,,,,,,,,,,,,,,,,,,,,,,,,,,,,,,,,
btm,14980,0.024643724970519542,0.007738565432373434,0.36391256265342237,0.0706644683610648,0.5795738495886326,0.4353508874773979,0.3392688412219286,0.5087896585464478,0.0001,7,1926.0168992901918,0.4074592590332031,,,,,,,,,,,,,,,,,,,,,,,,,,,,,,,,,,,,,,,,,,,,,,,,,,,,,
btm,14990,0.016092777717858553,0.008547166851349175,0.38342254534363746,0.07376118940301239,0.6036592364311218,0.458038454502821,0.3673297680914402,0.5943126678466797,0.0001,7,1898.4254255091791,0.4074592590332031,,,,,,,,,,,,,,,,,,,,,,,,,,,,,,,,,,,,,,,,,,,,,,,,,,,,,
btm,15000,0.008324434945825488,0.008434329601004719,0.4366233989596367,0.08203976061195135,0.6510663449764251,0.5195065937936306,0.4282989643514156,0.5625123977661133,0.0001,7,1983.9011471115214,0.4074592590332031,,,,,,,,,,,,,,,,,,,,,,,,,,,,,,,,,,,,,,,,,,,,,,,,,,,,,
btm,15000,,,,,,,,,,,,,0.007607417530380189,0.007193827768787742,0.35677213221788406,0.06618828990031034,0.5896017551422119,0.4236798044294119,0.3491647131741047,0.16879548132419586,0.07944606652017683,0.0,,,,,,,,,,,,,,,,,,,,,,,,,,,,,,,,,,,,,,,,,,,
btm,15000,,,,,,,,,,,,,,,,,,,,,,,0.15,3,20,0.05236779195949584,0.36042329588695743,60.16104771196842,1114.8611305747181,1134.4664867036045,0.10259473986108787,0.1519373553758487,0.15457389243902303,665600,1,40,0.05,1,20,0.008881219432873136,0.23613589351256675,60.77813022583723,1121.5059076435864,1143.3570110239089,0.23712601304170675,0.2472594246082008,0.2169864152964109,665600,1,40,0.05,1,20,0.008881219432873136,0.23613589351256675,61.16606223024428,1133.0560507252812,1162.2397519648073,0.7071302199247294,0.4651623793132603,0.24197101729611556,665600,1,40,0.08333333333333333
btm,15010,0.01014111265540123,0.008164199755992741,0.4167352132499218,0.08264870042912661,0.6355239570140838,0.5002003327012062,0.4065940998494625,0.5334881544113159,0.0001,7,6.32567731207578,0.4074592590332031,,,,,,,,,,,,,,,,,,,,,,,,,,,,,,,,,,,,,,,,,,,,,,,,,,,,,
btm,15020,0.02078833805862814,0.008275935577694326,0.38026590161025525,0.08279621852561832,0.5966578364372254,0.46388971358537673,0.35947756506502626,0.5971922278404236,0.0001,7,1942.9071135290549,0.4074592590332031,,,,,,,,,,,,,,,,,,,,,,,,,,,,,,,,,,,,,,,,,,,,,,,,,,,,,
btm,15030,0.025633503310382368,0.008115236053708941,0.36961540058255193,0.08565122159197927,0.5835285395383835,0.45607814863324164,0.3439818978309631,0.6008270382881165,0.0001,7,1975.2438417423964,0.4074592590332031,,,,,,,,,,,,,,,,,,,,,,,,,,,,,,,,,,,,,,,,,,,,,,,,,,,,,
btm,15040,0.015287999203428626,0.008595415903255344,0.40289018452167513,0.07903795195743442,0.6200798809528351,0.4827876813709736,0.387602186948061,0.5720923542976379,0.0001,7,1950.7315030866303,0.4074592590332031,,,,,,,,,,,,,,,,,,,,,,,,,,,,,,,,,,,,,,,,,,,,,,,,,,,,,
btm,15050,0.008377645921427757,0.008134669531136752,0.3978041894733906,0.08062726962380111,0.6216993421316147,0.47924493029713633,0.38942654356360434,0.5055156350135803,0.0001,7,1918.663293959254,0.4074592590332031,,,,,,,,,,,,,,,,,,,,,,,,,,,,,,,,,,,,,,,,,,,,,,,,,,,,,
btm,15060,0.013164106826297938,0.008152299595531076,0.412436044216156,0.07732727779075503,0.6291892543435097,0.49057854786515237,0.39927193596959115,0.5456376075744629,0.0001,7,1822.3331882845487,0.4074592590332031,,,,,,,,,,,,,,,,,,,,,,,,,,,,,,,,,,,,,,,,,,,,,,,,,,,,,
btm,15070,0.023481406271457672,0.00827887881314382,0.38093571811914445,0.08227397333830595,0.5958715625107288,0.4640375807881355,0.3574543111026287,0.6113098859786987,0.0001,7,1876.713905187981,0.4074592590332031,,,,,,,,,,,,,,,,,,,,,,,,,,,,,,,,,,,,,,,,,,,,,,,,,,,,,
btm,15080,0.019654461462050677,0.008305028942413629,0.38083516508340837,0.07657254049554467,0.5973765663802624,0.458238210529089,0.36118070408701897,0.6261132955551147,0.0001,7,1812.7563999770248,0.4074592590332031,,,,,,,,,,,,,,,,,,,,,,,,,,,,,,,,,,,,,,,,,,,,,,,,,,,,,
btm,15090,0.009315574099309743,0.008332608873024583,0.46159290224313737,0.08502107062377036,0.6692808598279953,0.5474472373723984,0.45227732583880426,0.6453831791877747,0.0001,7,1732.1289938281723,0.4074592590332031,,,,,,,,,,,,,,,,,,,,,,,,,,,,,,,,,,,,,,,,,,,,,,,,,,,,,
btm,15100,0.009721279318910092,0.00849652112228796,0.4615711733698845,0.08278366671875119,0.6695323541760445,0.5452044926583767,0.4518498942255974,0.6450226306915283,0.0001,7,1811.8380407684645,0.4074592590332031,,,,,,,,,,,,,,,,,,,,,,,,,,,,,,,,,,,,,,,,,,,,,,,,,,,,,
btm,15110,0.023333483678288757,0.008163852954749019,0.3944423131644726,0.07778416881337762,0.6054506443440915,0.47304286658763883,0.37110882848501203,0.5157259106636047,0.0001,7,1936.0589282675437,0.4074592590332031,,,,,,,,,,,,,,,,,,,,,,,,,,,,,,,,,,,,,,,,,,,,,,,,,,,,,
btm,15120,0.030990653997287156,0.008629876235499979,0.370393418520689,0.0848168226890266,0.5802785210311413,0.45607323199510574,0.33940276578068734,0.5702054500579834,0.0001,7,1866.2626018766618,0.4074592590332031,,,,,,,,,,,,,,,,,,,,,,,,,,,,,,,,,,,,,,,,,,,,,,,,,,,,,
btm,15130,0.01598764848895371,0.008331588155124336,0.38176033198833464,0.08674486372619868,0.6021341972053051,0.46933835223317144,0.3657726861536503,0.8228739500045776,0.0001,7,1962.431687495521,0.4074592590332031,,,,,,,,,,,,,,,,,,,,,,,,,,,,,,,,,,,,,,,,,,,,,,,,,,,,,
btm,15140,0.0063546566059812905,0.007893325015902519,0.4702411241829395,0.07492640120908618,0.6791740357875824,0.5459568604826928,0.4638864681124687,0.5308012366294861,0.0001,7,1974.961690380283,0.4074592590332031,,,,,,,,,,,,,,,,,,,,,,,,,,,,,,,,,,,,,,,,,,,,,,,,,,,,,
btm,15150,0.010270626412238925,0.00790699595818296,0.46006900891661645,0.0760147244669497,0.6688664153218269,0.5368744321167469,0.4497983820736408,0.5548979640007019,0.0001,7,1946.8621334154209,0.4074592590332031,,,,,,,,,,,,,,,,,,,,,,,,,,,,,,,,,,,,,,,,,,,,,,,,,,,,,
btm,15160,0.02799541698768735,0.008547498646657914,0.41166542246937754,0.08046239586547017,0.6168383464217186,0.49298256188631057,0.3836700052022934,0.6433553695678711,0.0001,7,1930.9357072386726,0.4074592590332031,,,,,,,,,,,,,,,,,,,,,,,,,,,,,,,,,,,,,,,,,,,,,,,,,,,,,
btm,15170,0.035820349724963306,0.007712268445175141,0.3573884695768356,0.07292616507038474,0.5642438583076,0.4310858592391014,0.3215681198984385,0.5328109264373779,0.0001,7,2027.12223883834,0.4074592590332031,,,,,,,,,,,,,,,,,,,,,,,,,,,,,,,,,,,,,,,,,,,,,,,,,,,,,
btm,15180,0.018182182451710105,0.008395889156963677,0.38226092904806136,0.08232587724924087,0.6006564162671566,0.4654263973236084,0.36407874450087546,0.613436758518219,0.0001,7,2007.0907309966265,0.4074592590332031,,,,,,,,,,,,,,,,,,,,,,,,,,,,,,,,,,,,,,,,,,,,,,,,,,,,,
btm,15190,0.007584027759730816,0.008060834289062768,0.44769481122493743,0.07557697459124028,0.6608479261398316,0.524077869951725,0.440110781788826,0.5825503468513489,0.0001,7,2039.7960996931577,0.4074592590332031,,,,,,,,,,,,,,,,,,,,,,,,,,,,,,,,,,,,,,,,,,,,,,,,,,,,,
btm,15200,0.012642471108119935,0.008363075798843055,0.40150960683822634,0.08528234558179974,0.6210106134414672,0.4876282624900341,0.3888671360909939,0.5125997066497803,0.0001,7,2030.734476448936,0.4074592590332031,,,,,,,,,,,,,,,,,,,,,,,,,,,,,,,,,,,,,,,,,,,,,,,,,,,,,
btm,15210,0.024604486068710685,0.008126364008057862,0.38954958245158194,0.08129540500231087,0.6019217938184738,0.4716576233506203,0.36494509801268576,0.7147298455238342,0.0001,7,1657.9077365919968,0.4074592590332031,,,,,,,,,,,,,,,,,,,,,,,,,,,,,,,,,,,,,,,,,,,,,,,,,,,,,
btm,15220,0.023415668215602637,0.008622449671383947,0.37944851294159887,0.0728770112618804,0.5944873280823231,0.453187770396471,0.35603284239768984,0.5557129383087158,0.0001,7,1685.7221418196032,0.4074592590332031,,,,,,,,,,,,,,,,,,,,,,,,,,,,,,,,,,,,,,,,,,,,,,,,,,,,,
btm,15230,0.014582966780290007,0.008281057048588992,0.39362557865679265,0.08872647369280458,0.613343171775341,0.48318015933036806,0.3790426138788462,0.5795922875404358,0.0001,7,1823.6273435216178,0.4074592590332031,,,,,,,,,,,,,,,,,,,,,,,,,,,,,,,,,,,,,,,,,,,,,,,,,,,,,
btm,15240,0.011661058804020286,0.008125097095035016,0.39986692517995837,0.07901589120738209,0.6209854990243912,0.4796953223645687,0.38820586651563643,0.5878070592880249,0.0001,7,1918.087241150209,0.4074592590332031,,,,,,,,,,,,,,,,,,,,,,,,,,,,,,,,,,,,,,,,,,,,,,,,,,,,,
btm,15250,0.016024056519381703,0.008441241504624487,0.38016144558787346,0.07770081888884306,0.601221589744091,0.45870638862252233,0.36413738802075385,0.5580089092254639,0.0001,7,1987.5778715844676,0.4074592590332031,,,,,,,,,,,,,,,,,,,,,,,,,,,,,,,,,,,,,,,,,,,,,,,,,,,,,
btm,15260,0.023252932727336882,0.008300228160806,0.3708145409822464,0.07683171015232801,0.5865549221634865,0.44847627356648445,0.34756161123514173,0.5356243252754211,0.0001,7,1945.1762487461415,0.4074592590332031,,,,,,,,,,,,,,,,,,,,,,,,,,,,,,,,,,,,,,,,,,,,,,,,,,,,,
btm,15270,0.01749693227466196,0.008570569101721048,0.37785615772008896,0.0800760752055794,0.5970111772418022,0.4587892919778824,0.3603592269122601,0.7312599420547485,0.0001,7,1891.640973796111,0.4074592590332031,,,,,,,,,,,,,,,,,,,,,,,,,,,,,,,,,,,,,,,,,,,,,,,,,,,,,
btm,15280,0.008630487869959324,0.008076627471018583,0.4120687678456306,0.07543804016895592,0.6330659970641136,0.4883144699037075,0.4034382805228233,0.5137763023376465,0.0001,7,1894.884636314176,0.4074592590332031,,,,,,,,,,,,,,,,,,,,,,,,,,,,,,,,,,,,,,,,,,,,,,,,,,,,,
btm,15290,0.009560965583659708,0.009089182945899665,0.430655400454998,0.08247984563931823,0.6474685236811638,0.514044164121151,0.421094436198473,0.5316289663314819,0.0001,7,1900.7289120203777,0.4074592590332031,,,,,,,,,,,,,,,,,,,,,,,,,,,,,,,,,,,,,,,,,,,,,,,,,,,,,
btm,15300,0.017282596649602057,0.008540997665841132,0.37943349219858646,0.08642808850854636,0.5993489153683186,0.4667156808078289,0.36215089410543444,0.5733354091644287,0.0001,7,1985.5587793425573,0.4074592590332031,,,,,,,,,,,,,,,,,,,,,,,,,,,,,,,,,,,,,,,,,,,,,,,,,,,,,
btm,15310,0.028071562852710487,0.00808277988107875,0.34768939316272734,0.07715376550331712,0.5631013676524163,0.42565143629908564,0.31961783245205877,0.6018896102905273,0.0001,7,1916.0662605852278,0.4074592590332031,,,,,,,,,,,,,,,,,,,,,,,,,,,,,,,,,,,,,,,,,,,,,,,,,,,,,
btm,15320,0.018552839336916805,0.0081961416057311,0.37437157407402993,0.08327703475952149,0.5940078690648078,0.45846822410821914,0.35581873282790183,0.6431837677955627,0.0001,7,1880.7129653228426,0.4074592590332031,,,,,,,,,,,,,,,,,,,,,,,,,,,,,,,,,,,,,,,,,,,,,,,,,,,,,
btm,15330,0.007062876143027097,0.008288076461758465,0.446416812390089,0.08183397185057402,0.6602594733238221,0.5290795937180519,0.4393539361655712,0.5745214223861694,0.0001,7,1865.164108549643,0.4074592590332031,,,,,,,,,,,,,,,,,,,,,,,,,,,,,,,,,,,,,,,,,,,,,,,,,,,,,
btm,15340,0.007755629124585539,0.008240679558366538,0.45615449994802476,0.07693725731223822,0.6675641417503357,0.5339158251881599,0.4483988702297211,0.5115684270858765,0.0001,7,1960.782435873402,0.4074592590332031,,,,,,,,,,,,,,,,,,,,,,,,,,,,,,,,,,,,,,,,,,,,,,,,,,,,,
btm,15350,0.02107159870211035,0.008437321288511157,0.37913167625665667,0.07831341866403818,0.5966759704053402,0.4582888223230839,0.3580600768327713,0.7083276510238647,0.0001,7,1933.901945809471,0.4074592590332031,,,,,,,,,,,,,,,,,,,,,,,,,,,,,,,,,,,,,,,,,,,,,,,,,,,,,
btm,15360,0.03524147341959179,0.008174761198461056,0.36320161670446394,0.08211740185506641,0.5707093767821789,0.4461364932358265,0.3279601436108351,0.4823218584060669,0.0001,7,2006.5587446167453,0.4074592590332031,,,,,,,,,,,,,,,,,,,,,,,,,,,,,,,,,,,,,,,,,,,,,,,,,,,,,
btm,15370,0.021542413788847626,0.008519593009259552,0.3859534215182066,0.08332618311978876,0.6004000470042229,0.4701315626502037,0.36441100761294365,0.728463888168335,0.0001,7,2013.6404590918369,0.4074592590332031,,,,,,,,,,,,,,,,,,,,,,,,,,,,,,,,,,,,,,,,,,,,,,,,,,,,,
btm,15380,0.008908434771001339,0.008087099739350378,0.42090660631656646,0.07603094279766083,0.6397961586713791,0.4977462597191334,0.41199816986918447,0.4804348647594452,0.0001,7,1983.2147968482552,0.4074592590332031,,,,,,,,,,,,,,,,,,,,,,,,,,,,,,,,,,,,,,,,,,,,,,,,,,,,,
btm,15390,0.008750210760626941,0.007633716438431293,0.4539625711739063,0.07560902256518602,0.6627080276608467,0.5303349681198597,0.44521235674619675,1.1690373420715332,0.0001,7,1898.7010922289364,0.4074592590332031,,,,,,,,,,,,,,,,,,,,,,,,,,,,,,,,,,,,,,,,,,,,,,,,,,,,,
btm,15400,0.022233712114393712,0.008504434290807694,0.37539298087358475,0.08214976130984723,0.5911578498780727,0.4583931818604469,0.3531592708081007,0.6433983445167542,0.0001,7,1848.6705685821166,0.4074592590332031,,,,,,,,,,,,,,,,,,,,,,,,,,,,,,,,,,,,,,,,,,,,,,,,,,,,,
btm,15410,0.029523088643327356,0.007875397452153265,0.3824061002582312,0.08463526777923107,0.5898204408586025,0.46782890558242796,0.35288301296532154,0.5792173743247986,0.0001,7,1890.23883564098,0.4074592590332031,,,,,,,,,,,,,,,,,,,,,,,,,,,,,,,,,,,,,,,,,,,,,,,,,,,,,
btm,15420,0.017212345963343978,0.008340194029733539,0.3942570902407169,0.07832352337427437,0.6098576575517655,0.47341463193297384,0.37704474553465844,0.619056761264801,0.0001,7,2035.9042366873543,0.4074592590332031,,,,,,,,,,,,,,,,,,,,,,,,,,,,,,,,,,,,,,,,,,,,,,,,,,,,,
btm,15430,0.00805521741276607,0.008317014679778367,0.4703328013420105,0.08733191178180277,0.6775566071271897,0.5584964141249656,0.46227758675813674,0.6549975872039795,0.0001,7,2027.9203776682243,0.4074592590332031,,,,,,,,,,,,,,,,,,,,,,,,,,,,,,,,,,,,,,,,,,,,,,,,,,,,,
btm,15440,0.01238436889834702,0.008039973897393794,0.4296857550740242,0.0817594775930047,0.6436731055378914,0.512249232083559,0.4173013873398304,0.6834565997123718,0.0001,7,1895.9046700532144,0.4074592590332031,,,,,,,,,,,,,,,,,,,,,,,,,,,,,,,,,,,,,,,,,,,,,,,,,,,,,
btm,15450,0.028159427037462593,0.007717881968710571,0.36516780257225034,0.07823765464127064,0.5776485465466976,0.4441772438585758,0.33700837567448616,0.5913869142532349,0.0001,7,2014.823051597179,0.4074592590332031,,,,,,,,,,,,,,,,,,,,,,,,,,,,,,,,,,,,,,,,,,,,,,,,,,,,,
btm,15460,0.028659541346132755,0.008192658703774214,0.3600143641233444,0.07823882475495339,0.5730094723403454,0.4390724539756775,0.33135482408106326,0.5255368947982788,0.0001,7,1935.4065791408802,0.4074592590332031,,,,,,,,,,,,,,,,,,,,,,,,,,,,,,,,,,,,,,,,,,,,,,,,,,,,,
btm,15470,0.012241475330665708,0.008202663750853389,0.40726072788238527,0.08309843908064067,0.6259484231472016,0.4911794327199459,0.39501925371587276,0.6279550790786743,0.0001,7,1945.3302038454065,0.4074592590332031,,,,,,,,,,,,,,,,,,,,,,,,,,,,,,,,,,,,,,,,,,,,,,,,,,,,,
btm,15480,0.006559363985434175,0.008082739275414497,0.4649165697395802,0.0858285347931087,0.6744719594717026,0.5515533834695816,0.4583572052419186,0.6986465454101562,0.0001,7,2029.8569218519604,0.4074592590332031,,,,,,,,,,,,,,,,,,,,,,,,,,,,,,,,,,,,,,,,,,,,,,,,,,,,,
btm,15490,0.013067801599390805,0.008362928172573447,0.4134818948805332,0.08313309177756309,0.6304713487625122,0.49745128229260444,0.4004140943288803,0.545522928237915,0.0001,7,2018.0269362542517,0.4074592590332031,,,,,,,,,,,,,,,,,,,,,,,,,,,,,,,,,,,,,,,,,,,,,,,,,,,,,
btm,15500,0.029231003066524864,0.008237556437961757,0.39891456440091133,0.07962889256887137,0.6041099853813648,0.47936721369624136,0.36968356408178804,0.679874062538147,0.0001,7,1983.3758226735836,0.4074592590332031,,,,,,,,,,,,,,,,,,,,,,,,,,,,,,,,,,,,,,,,,,,,,,,,,,,,,
btm,15500,,,,,,,,,,,,,0.03672355774324387,0.007351712207309902,0.2962335776537657,0.06615309393964708,0.507808119058609,0.36312184017151594,0.25951001793146133,0.1542234260123223,0.07839280448388308,0.0,,,,,,,,,,,,,,,,,,,,,,,,,,,,,,,,,,,,,,,,,,,
btm,15510,0.030146070709452032,0.008069650607649238,0.3642908975481987,0.0767408000305295,0.5749379105865955,0.44183865934610367,0.33414482697844505,0.5454428195953369,0.0001,7,988.1485082906104,0.4074592590332031,,,,,,,,,,,,,,,,,,,,,,,,,,,,,,,,,,,,,,,,,,,,,,,,,,,,,
btm,15520,0.014353530504740775,0.008304566808510572,0.3935747161507607,0.08334608525037765,0.6128234758973121,0.47775125950574876,0.37922118678689004,0.5908455848693848,0.0001,7,1799.8276038031433,0.4074592590332031,,,,,,,,,,,,,,,,,,,,,,,,,,,,,,,,,,,,,,,,,,,,,,,,,,,,,
btm,15530,0.007559091784060001,0.008612760191317648,0.44039479419589045,0.06995037249289453,0.6564437881112098,0.5112064428627491,0.4328357011079788,0.4756920337677002,0.0001,7,1838.3163804246449,0.4074592590332031,,,,,,,,,,,,,,,,,,,,,,,,,,,,,,,,,,,,,,,,,,,,,,,,,,,,,
btm,15540,0.013681419217027724,0.007748107064981013,0.40215384811162946,0.08338832445442676,0.6212604910135269,0.486316978931427,0.3884724296629429,0.5180432200431824,0.0001,7,1902.9948081575274,0.4074592590332031,,,,,,,,,,,,,,,,,,,,,,,,,,,,,,,,,,,,,,,,,,,,,,,,,,,,,
btm,15550,0.02471889667212963,0.008236208884045481,0.39235146418213845,0.08538135746493936,0.6023002229630947,0.4785564415156841,0.3676325690001249,0.6669735312461853,0.0001,7,1896.9168486157873,0.4074592590332031,,,,,,,,,,,,,,,,,,,,,,,,,,,,,,,,,,,,,,,,,,,,,,,,,,,,,
btm,15560,0.02405732930637896,0.008194628218188883,0.38619549162685873,0.0804402431473136,0.597186217457056,0.46745520159602166,0.36213816367089746,0.587541937828064,0.0001,7,1885.7921737579945,0.4074592590332031,,,,,,,,,,,,,,,,,,,,,,,,,,,,,,,,,,,,,,,,,,,,,,,,,,,,,
btm,15570,0.013088857172988355,0.007932737248484045,0.4305820636451244,0.07986354408785701,0.6426747635006904,0.5112388819456101,0.41749320477247237,1.0863357782363892,0.0001,7,1931.4297296528105,0.4074592590332031,,,,,,,,,,,,,,,,,,,,,,,,,,,,,,,,,,,,,,,,,,,,,,,,,,,,,
btm,15580,0.00902781740296632,0.008187109592836351,0.4114364132285118,0.0802841397933662,0.6316339418292045,0.4925392657518387,0.40240859910845755,0.5365394949913025,0.0001,7,1949.221893343677,0.4074592590332031,,,,,,,,,,,,,,,,,,,,,,,,,,,,,,,,,,,,,,,,,,,,,,,,,,,,,
btm,15590,0.014694293960928917,0.008135154086630791,0.3926630437374115,0.08149086046032608,0.6124581456184387,0.47496741488575933,0.3779687486588955,0.7317957282066345,0.0001,7,1898.0497129962364,0.4074592590332031,,,,,,,,,,,,,,,,,,,,,,,,,,,,,,,,,,,,,,,,,,,,,,,,,,,,,
btm,15600,0.02379711316898465,0.008141918515320867,0.3773500807583332,0.08566925642080606,0.5910983212292195,0.46383353099226954,0.35355296842753886,0.6787843704223633,0.0001,7,1991.8551095705898,0.4074592590332031,,,,,,,,,,,,,,,,,,,,,,,,,,,,,,,,,,,,,,,,,,,,,,,,,,,,,
btm,15610,0.019431845657527445,0.007982225599698722,0.3781915448606014,0.08466595765203237,0.5961902163922786,0.4636557288467884,0.3587596993893385,0.5218222141265869,0.0001,7,1917.8620573742237,0.4074592590332031,,,,,,,,,,,,,,,,,,,,,,,,,,,,,,,,,,,,,,,,,,,,,,,,,,,,,
btm,15620,0.009550468961242587,0.008347202732693404,0.44705887138843536,0.08527974700555205,0.6589484587311745,0.5331733368337155,0.43750840574502947,0.9058535099029541,0.0001,7,2024.9520587328968,0.4074592590332031,,,,,,,,,,,,,,,,,,,,,,,,,,,,,,,,,,,,,,,,,,,,,,,,,,,,,
btm,15630,0.008960996125824749,0.009027478727512061,0.45380186215043067,0.08887695027515292,0.6652157887816429,0.5435815580189228,0.4448408670723438,0.580127477645874,0.0001,7,2009.404568511397,0.4074592590332031,,,,,,,,,,,,,,,,,,,,,,,,,,,,,,,,,,,,,,,,,,,,,,,,,,,,,
btm,15640,0.01714920240920037,0.008029496541712432,0.4146102793514729,0.07877758936956525,0.6267482578754425,0.4941908173263073,0.3974610760807991,0.7425528764724731,0.0001,7,2008.3830798247197,0.4074592590332031,,,,,,,,,,,,,,,,,,,,,,,,,,,,,,,,,,,,,,,,,,,,,,,,,,,,,
btm,15650,0.030721018789336085,0.007721871300600469,0.39476667270064353,0.08225481151603162,0.5993293389678002,0.4777936689555645,0.36404565498232844,0.7191395163536072,0.0001,7,2003.0528114433157,0.4074592590332031,,,,,,,,,,,,,,,,,,,,,,,,,,,,,,,,,,,,,,,,,,,,,,,,,,,,,
btm,15660,0.02069065838586539,0.008020759152714163,0.4058459036052227,0.07992467903532088,0.6174166731536388,0.4865726538002491,0.3851552437990904,0.5716848969459534,0.0001,7,2032.4332902520446,0.4074592590332031,,,,,,,,,,,,,,,,,,,,,,,,,,,,,,,,,,,,,,,,,,,,,,,,,,,,,
btm,15670,0.008303001639433205,0.008270082634408028,0.4429635711014271,0.0817069347947836,0.6557201132178306,0.5254975125193596,0.43466056883335114,0.6035307049751282,0.0001,7,1945.5890403296812,0.4074592590332031,,,,,,,,,,,,,,,,,,,,,,,,,,,,,,,,,,,,,,,,,,,,,,,,,,,,,
btm,15680,0.008605636563152075,0.007959775556810201,0.4486554965376854,0.08181394413113594,0.6615401938557625,0.5312654130160809,0.4400498606264591,0.4728233814239502,0.0001,7,2010.3273906858167,0.4074592590332031,,,,,,,,,,,,,,,,,,,,,,,,,,,,,,,,,,,,,,,,,,,,,,,,,,,,,
btm,15690,0.022034406778402627,0.00796759536024183,0.38450768068432806,0.0779468173161149,0.6001710414886474,0.46325125768780706,0.3624732710421085,0.8291367888450623,0.0001,7,2017.2307200017997,0.4074592590332031,,,,,,,,,,,,,,,,,,,,,,,,,,,,,,,,,,,,,,,,,,,,,,,,,,,,,
btm,15700,0.033774855686351656,0.0081412349245511,0.37877784222364425,0.07941313972696662,0.5835199818015099,0.4590051032602787,0.34500298611819746,0.7022764682769775,0.0001,7,2021.6428022743207,0.4074592590332031,,,,,,,,,,,,,,,,,,,,,,,,,,,,,,,,,,,,,,,,,,,,,,,,,,,,,
btm,15710,0.021874012076295912,0.008309951471164822,0.37591852992773056,0.08428540886379779,0.5917945310473443,0.46103493869304657,0.35404451861977576,0.737052321434021,0.0001,7,2014.9675738903427,0.4074592590332031,,,,,,,,,,,,,,,,,,,,,,,,,,,,,,,,,,,,,,,,,,,,,,,,,,,,,
btm,15720,0.009857073123566807,0.008235153486020863,0.4022522039711475,0.08585531748831272,0.6237277120351792,0.4889310382306576,0.3923951297998428,0.5925359725952148,0.0001,7,2041.8541371196134,0.4074592590332031,,,,,,,,,,,,,,,,,,,,,,,,,,,,,,,,,,,,,,,,,,,,,,,,,,,,,
btm,15730,0.009345909743569792,0.00825630985200405,0.42617211788892745,0.08250238271430135,0.642396691441536,0.5095001354813575,0.41682620719075203,0.4752472937107086,0.0001,7,1989.9156416155836,0.4074592590332031,,,,,,,,,,,,,,,,,,,,,,,,,,,,,,,,,,,,,,,,,,,,,,,,,,,,,
btm,15740,0.018647437891922893,0.008525385684333742,0.36351546868681905,0.08674016566947103,0.5852413535118103,0.45110817328095437,0.3448680330067873,0.6120530366897583,0.0001,7,1988.4710894834748,0.4074592590332031,,,,,,,,,,,,,,,,,,,,,,,,,,,,,,,,,,,,,,,,,,,,,,,,,,,,,
btm,15750,0.025005651731044055,0.00819267051992938,0.3647133305668831,0.07615287583321333,0.5800854079425335,0.44168547317385676,0.33970768116414546,0.7037737369537354,0.0001,7,1961.0210129082252,0.4074592590332031,,,,,,,,,,,,,,,,,,,,,,,,,,,,,,,,,,,,,,,,,,,,,,,,,,,,,
btm,15760,0.018040493386797606,0.008229924947954714,0.39173707365989685,0.07907779989764094,0.6076536864042282,0.47163786441087724,0.3736965797841549,0.5041806697845459,0.0001,7,1974.102092231206,0.4074592590332031,,,,,,,,,,,,,,,,,,,,,,,,,,,,,,,,,,,,,,,,,,,,,,,,,,,,,
btm,15770,0.009706193476449698,0.008402528509031981,0.4223276361823082,0.07967440141364932,0.6399174779653549,0.5028422899544239,0.41262144297361375,0.5201663374900818,0.0001,7,1888.6638926200653,0.4074592590332031,,,,,,,,,,,,,,,,,,,,,,,,,,,,,,,,,,,,,,,,,,,,,,,,,,,,,
btm,15780,0.00894711639266461,0.008289618650451303,0.44980921521782874,0.0898637874983251,0.6612780094146729,0.5405019640922546,0.4408620983362198,0.8573229908943176,0.0001,7,1980.042675661492,0.4074592590332031,,,,,,,,,,,,,,,,,,,,,,,,,,,,,,,,,,,,,,,,,,,,,,,,,,,,,
btm,15790,0.018229374103248118,0.008347543538548052,0.38383453115820887,0.08128375727683305,0.6015206828713417,0.4659530475735664,0.36560515612363814,0.5627865791320801,0.0001,7,1898.6249644405723,0.4074592590332031,,,,,,,,,,,,,,,,,,,,,,,,,,,,,,,,,,,,,,,,,,,,,,,,,,,,,
btm,15800,0.02613655771128833,0.008048839308321476,0.38081078231334686,0.07132769557647407,0.5917133770883083,0.45294336378574374,0.35467422716319563,0.5874409079551697,0.0001,7,1851.5871475108768,0.4074592590332031,,,,,,,,,,,,,,,,,,,,,,,,,,,,,,,,,,,,,,,,,,,,,,,,,,,,,
btm,15810,0.018635518685914575,0.007702041964512319,0.37042237296700475,0.07409223290160298,0.5898428790271282,0.4452848076820374,0.3517868544906378,0.4991489350795746,0.0001,7,1915.8616555689377,0.4074592590332031,,,,,,,,,,,,,,,,,,,,,,,,,,,,,,,,,,,,,,,,,,,,,,,,,,,,,
btm,15820,0.00968691377202049,0.007773493672721088,0.40397222712635994,0.07286594193428755,0.6255238279700279,0.4776155181229115,0.3942853152751923,0.4908469319343567,0.0001,7,1818.3039761175914,0.4074592590332031,,,,,,,,,,,,,,,,,,,,,,,,,,,,,,,,,,,,,,,,,,,,,,,,,,,,,
btm,15830,0.008343736245296895,0.008213692752178758,0.4541097991168499,0.0810849647037685,0.6648810356855392,0.5360161326825619,0.4457660630345345,0.8152408599853516,0.0001,7,1861.3651388379317,0.4074592590332031,,,,,,,,,,,,,,,,,,,,,,,,,,,,,,,,,,,,,,,,,,,,,,,,,,,,,
btm,15840,0.015652491454966368,0.008384037110954524,0.3769825600087643,0.08607738297432661,0.5994781866669655,0.46389834582805634,0.36133006736636164,0.6038336753845215,0.0001,7,1939.0844218688503,0.4074592590332031,,,,,,,,,,,,,,,,,,,,,,,,,,,,,,,,,,,,,,,,,,,,,,,,,,,,,
btm,15850,0.026851541316136717,0.00788841804023832,0.37420276217162607,0.08475914509035647,0.5861619286239147,0.4597507528960705,0.34735122248530387,0.9997633695602417,0.0001,7,2016.252673451254,0.4074592590332031,,,,,,,,,,,,,,,,,,,,,,,,,,,,,,,,,,,,,,,,,,,,,,,,,,,,,
btm,15860,0.02100474024191499,0.008535175409633666,0.3841572105884552,0.07682066354900599,0.5966308794915676,0.46183139011263846,0.36315247118473054,0.5198796987533569,0.0001,7,1975.5824639295627,0.4074592590332031,,,,,,,,,,,,,,,,,,,,,,,,,,,,,,,,,,,,,,,,,,,,,,,,,,,,,
btm,15870,0.00847876921761781,0.008228238741867244,0.4208663865923882,0.07384370709769428,0.6399534061551094,0.4955329142510891,0.41238761618733405,0.6096113920211792,0.0001,7,2038.015909617126,0.4074592590332031,,,,,,,,,,,,,,,,,,,,,,,,,,,,,,,,,,,,,,,,,,,,,,,,,,,,,
btm,15880,0.0070284305955283346,0.008108729321975261,0.4827591307461262,0.08385995961725712,0.6866348624229431,0.5674299620091915,0.4757306963205338,0.5745128989219666,0.0001,7,2042.543264409655,0.4074592590332031,,,,,,,,,,,,,,,,,,,,,,,,,,,,,,,,,,,,,,,,,,,,,,,,,,,,,
btm,15890,0.018642173474654557,0.00848067132756114,0.3761146701872349,0.08458508388139307,0.5951058357954025,0.46154781952500346,0.35747249945998194,0.5801523327827454,0.0001,7,2046.3729062690495,0.4074592590332031,,,,,,,,,,,,,,,,,,,,,,,,,,,,,,,,,,,,,,,,,,,,,,,,,,,,,
btm,15900,0.031777085782960054,0.008490177313797176,0.3610407985746861,0.07250361554324627,0.5712638780474663,0.4343934297561646,0.32926371283829214,0.6963362097740173,0.0001,7,2007.907027913942,0.4074592590332031,,,,,,,,,,,,,,,,,,,,,,,,,,,,,,,,,,,,,,,,,,,,,,,,,,,,,
btm,15910,0.019597624940797687,0.008076085511129349,0.39880668446421624,0.07530109789222479,0.6122315943241119,0.4749153912067413,0.3792090579867363,0.6299540400505066,0.0001,7,1985.8394506222332,0.4074592590332031,,,,,,,,,,,,,,,,,,,,,,,,,,,,,,,,,,,,,,,,,,,,,,,,,,,,,
btm,15920,0.007467112690210343,0.007782258093357086,0.47868034392595293,0.0763116514775902,0.6837343737483025,0.5557702153921127,0.47121323049068453,0.5460169911384583,0.0001,7,1964.4676982678134,0.4074592590332031,,,,,,,,,,,,,,,,,,,,,,,,,,,,,,,,,,,,,,,,,,,,,,,,,,,,,
btm,15930,0.009261132893152535,0.008032005571294576,0.45723712146282197,0.08307197489775717,0.6671046063303947,0.5411122955381871,0.44797598794102667,0.5863697528839111,0.0001,7,2026.2777894674268,0.4074592590332031,,,,,,,,,,,,,,,,,,,,,,,,,,,,,,,,,,,,,,,,,,,,,,,,,,,,,
btm,15940,0.02479465547949076,0.008249638369306922,0.38692145943641665,0.08161019291728736,0.5993764482438564,0.46935661435127257,0.36212680488824844,0.8799659013748169,0.0001,7,2040.435150931888,0.4074592590332031,,,,,,,,,,,,,,,,,,,,,,,,,,,,,,,,,,,,,,,,,,,,,,,,,,,,,
btm,15950,0.03581207594834268,0.008552469138521701,0.38041359558701515,0.08226028196513653,0.5839785784482956,0.463529122620821,0.3446015201508999,0.7059946060180664,0.0001,7,2005.6145065333988,0.4074592590332031,,,,,,,,,,,,,,,,,,,,,,,,,,,,,,,,,,,,,,,,,,,,,,,,,,,,,
btm,15960,0.02129619396291673,0.007876973378006368,0.369990773499012,0.07692334041930735,0.5879512958228588,0.44770180359482764,0.34869457855820657,0.6768671870231628,0.0001,7,1982.5505413233625,0.4074592590332031,,,,,,,,,,,,,,,,,,,,,,,,,,,,,,,,,,,,,,,,,,,,,,,,,,,,,
btm,15970,0.010009138262830675,0.00823914083885029,0.38895283639431,0.08607828821986914,0.6131187960505485,0.47585503980517385,0.37894370034337044,0.48163554072380066,0.0001,7,2002.5943625671023,0.4074592590332031,,,,,,,,,,,,,,,,,,,,,,,,,,,,,,,,,,,,,,,,,,,,,,,,,,,,,
btm,15980,0.009357979020569474,0.007972653361503036,0.41414160951972007,0.07865862092003226,0.6348748199641705,0.4935974933207035,0.40478363037109377,0.4876481294631958,0.0001,7,1964.9959031010364,0.4074592590332031,,,,,,,,,,,,,,,,,,,,,,,,,,,,,,,,,,,,,,,,,,,,,,,,,,,,,
btm,15990,0.018531974265351893,0.007520494947675616,0.3734837584197521,0.0753050895407796,0.5939406991004944,0.4495408982038498,0.35495178401470184,0.5080119967460632,0.0001,7,2003.6547890989889,0.4074592590332031,,,,,,,,,,,,,,,,,,,,,,,,,,,,,,,,,,,,,,,,,,,,,,,,,,,,,
btm,16000,0.025280547235161065,0.008371943573001773,0.3448183093219995,0.0763439099304378,0.5624201647937298,0.4219994112849236,0.31953776478767393,0.5001283884048462,0.0001,7,1953.2349509555086,0.4074592590332031,,,,,,,,,,,,,,,,,,,,,,,,,,,,,,,,,,,,,,,,,,,,,,,,,,,,,
btm,16000,,,,,,,,,,,,,0.022077356465160847,0.006952206196729094,0.2897492777556181,0.06517390464432538,0.5153688192367554,0.35561840422451496,0.2676719194278121,0.16563668986782432,0.07637402263935655,0.0,,,,,,,,,,,,,,,,,,,,,,,,,,,,,,,,,,,,,,,,,,,
btm,16000,,,,,,,,,,,,,,,,,,,,,,,0.2,4,20,0.0806563532712,0.41602172202575993,60.71456091478467,1125.1497299876064,1140.298706665635,0.06744165613199585,0.12932480432093144,0.14343529886160142,665600,1,40,0.2,4,20,0.0806563532712,0.41602172202575993,60.07190104573965,1109.2827040702105,1125.6351574324071,0.12445416850387118,0.17485398481134326,0.18986447088611433,665600,1,40,0.0,0,20,0,0.16113012549493322,60.82280997931957,1119.3287127185613,1133.7587465532124,0.47185491534881296,0.3868981056381017,0.24500222807893388,665600,1,40,0.13333333333333333
btm,16010,0.016631127265281976,0.007877092121634632,0.38828578442335127,0.07437747409567237,0.6079178109765053,0.46345097199082375,0.37165465876460074,0.6246470212936401,0.0001,7,6.33314927441855,0.4074592590332031,,,,,,,,,,,,,,,,,,,,,,,,,,,,,,,,,,,,,,,,,,,,,,,,,,,,,
btm,16020,0.01011625276878476,0.007847275584936142,0.4028742894530296,0.08195313918404282,0.6246959134936333,0.48561215326189994,0.39275803714990615,0.4765317738056183,0.0001,7,2034.3459879537854,0.4074592590332031,,,,,,,,,,,,,,,,,,,,,,,,,,,,,,,,,,,,,,,,,,,,,,,,,,,,,
btm,16030,0.012023634114302694,0.007870556111447513,0.35487423837184906,0.0784240066073835,0.5837681487202644,0.434085301309824,0.34285060688853264,0.5117264986038208,0.0001,7,1980.6749999263582,0.4074592590332031,,,,,,,,,,,,,,,,,,,,,,,,,,,,,,,,,,,,,,,,,,,,,,,,,,,,,
btm,16040,0.019032575911842285,0.007904475776012988,0.3599261071532965,0.07773752836510539,0.5803750552237034,0.43845408260822294,0.3408935319632292,0.575632631778717,0.0001,7,2000.2709158216687,0.4074592590332031,,,,,,,,,,,,,,,,,,,,,,,,,,,,,,,,,,,,,,,,,,,,,,,,,,,,,
btm,16050,0.019439804018475115,0.007855768722947687,0.3797726295888424,0.07327861236408353,0.5966244697570801,0.4538368180394173,0.36033282466232774,0.6586994528770447,0.0001,7,1957.5873600379186,0.4074592590332031,,,,,,,,,,,,,,,,,,,,,,,,,,,,,,,,,,,,,,,,,,,,,,,,,,,,,
btm,16060,0.013161687273532152,0.008144255937077105,0.4181987069547176,0.08144605150446296,0.6325900912284851,0.5004591852426529,0.40503702163696287,0.7766414284706116,0.0001,7,1987.269709408551,0.4074592590332031,,,,,,,,,,,,,,,,,,,,,,,,,,,,,,,,,,,,,,,,,,,,,,,,,,,,,
btm,16070,0.010568990395404399,0.008474771119654178,0.39546772465109825,0.0808353615924716,0.6181678161025047,0.47715055719017985,0.3848987340927124,0.5416011214256287,0.0001,7,1992.8935963502718,0.4074592590332031,,,,,,,,,,,,,,,,,,,,,,,,,,,,,,,,,,,,,,,,,,,,,,,,,,,,,
btm,16080,0.012734903977252543,0.008175156428478658,0.369778785854578,0.08055239729583263,0.5957613676786423,0.45114869698882104,0.35704388469457626,0.573503851890564,0.0001,7,1992.8053476770322,0.4074592590332031,,,,,,,,,,,,,,,,,,,,,,,,,,,,,,,,,,,,,,,,,,,,,,,,,,,,,
btm,16090,0.018179976288229226,0.008348212309647352,0.3617847193032503,0.08939960077404976,0.5832350432872773,0.45201913863420484,0.3436047449707985,0.5306204557418823,0.0001,7,1987.979486823083,0.4074592590332031,,,,,,,,,,,,,,,,,,,,,,,,,,,,,,,,,,,,,,,,,,,,,,,,,,,,,
btm,16100,0.01693508916068822,0.008334703580476343,0.35259301252663133,0.07898920131847262,0.5754417113959789,0.43241568505764005,0.33565792478621004,0.5082882046699524,0.0001,7,1794.4700773309162,0.4074592590332031,,,,,,,,,,,,,,,,,,,,,,,,,,,,,,,,,,,,,,,,,,,,,,,,,,,,,
btm,16110,0.01118450746871531,0.00845094098476693,0.39317774325609206,0.07628782372921705,0.6147193133831024,0.47031065821647644,0.3819932371377945,0.5265696048736572,0.0001,7,1855.9511038072362,0.4074592590332031,,,,,,,,,,,,,,,,,,,,,,,,,,,,,,,,,,,,,,,,,,,,,,,,,,,,,
btm,16120,0.009001572337001561,0.008238009561318904,0.4093550778925419,0.08395966487005353,0.6300247415900231,0.49413854256272316,0.40035350546240805,0.5838548541069031,0.0001,7,1855.2429343437889,0.4074592590332031,,,,,,,,,,,,,,,,,,,,,,,,,,,,,,,,,,,,,,,,,,,,,,,,,,,,,
btm,16130,0.012012703786604106,0.008582822780590504,0.38908386453986166,0.0858101787045598,0.6114553809165955,0.47575232237577436,0.3770711623132229,0.5747412443161011,0.0001,7,1931.064988623982,0.4074592590332031,,,,,,,,,,,,,,,,,,,,,,,,,,,,,,,,,,,,,,,,,,,,,,,,,,,,,
btm,16140,0.019883000967092813,0.00823512978386134,0.37096166163682937,0.07813370330259203,0.5899061046540737,0.44991887360811234,0.35107866376638414,0.7133641242980957,0.0001,7,1912.734624169974,0.4074592590332031,,,,,,,,,,,,,,,,,,,,,,,,,,,,,,,,,,,,,,,,,,,,,,,,,,,,,
btm,16150,0.02065781191922724,0.008056026429403573,0.38777714893221854,0.0742367091588676,0.6023671112954616,0.46281946301460264,0.36711933836340904,0.5633169412612915,0.0001,7,1848.1230877851651,0.4074592590332031,,,,,,,,,,,,,,,,,,,,,,,,,,,,,,,,,,,,,,,,,,,,,,,,,,,,,
btm,16160,0.009440121124498546,0.008412290317937731,0.43316377624869346,0.08045576568692922,0.6476193130016327,0.5144607685506344,0.4237236544489861,0.5445438027381897,0.0001,7,1853.120790301846,0.4074592590332031,,,,,,,,,,,,,,,,,,,,,,,,,,,,,,,,,,,,,,,,,,,,,,,,,,,,,
btm,16170,0.005616340215783566,0.008126161189284175,0.4906468041241169,0.07619722648523748,0.6940157786011696,0.5676566421985626,0.4850304678082466,0.490128755569458,0.0001,7,1846.4823957964777,0.4074592590332031,,,,,,,,,,,,,,,,,,,,,,,,,,,,,,,,,,,,,,,,,,,,,,,,,,,,,
btm,16180,0.011810488405171782,0.008504078013356776,0.4253209188580513,0.08905744249932468,0.6410655230283737,0.515228769928217,0.4135104291141033,0.531248927116394,0.0001,7,1805.507362125303,0.4074592590332031,,,,,,,,,,,,,,,,,,,,,,,,,,,,,,,,,,,,,,,,,,,,,,,,,,,,,
btm,16190,0.030716240825131535,0.008419930026866496,0.3767776895314455,0.08722700271755457,0.5858366310596466,0.46484668776392934,0.3460614524781704,0.7041793465614319,0.0001,7,1805.678550604214,0.4074592590332031,,,,,,,,,,,,,,,,,,,,,,,,,,,,,,,,,,,,,,,,,,,,,,,,,,,,,
btm,16200,0.034794337954372166,0.00826386702246964,0.3641088046133518,0.07426816932857036,0.5690112128853798,0.4392033636569977,0.3293144665658474,0.5362471342086792,0.0001,7,1851.6378116050344,0.4074592590332031,,,,,,,,,,,,,,,,,,,,,,,,,,,,,,,,,,,,,,,,,,,,,,,,,,,,,
btm,16210,0.01556758456863463,0.00829381903167814,0.36891288310289383,0.07626632866449654,0.5910992152988911,0.44600859209895133,0.3533452972769737,0.9572708010673523,0.0001,7,1958.0347875793886,0.4074592590332031,,,,,,,,,,,,,,,,,,,,,,,,,,,,,,,,,,,,,,,,,,,,,,,,,,,,,
btm,16220,0.006953762890771031,0.007933201338164508,0.42012687101960183,0.08193104630336165,0.6398542881011963,0.5028512381017208,0.413173109292984,0.49651509523391724,0.0001,7,1983.2330377255614,0.4074592590332031,,,,,,,,,,,,,,,,,,,,,,,,,,,,,,,,,,,,,,,,,,,,,,,,,,,,,
btm,16230,0.010399448208045215,0.008042056288104504,0.40589605569839476,0.07920759883709252,0.6267242580652237,0.4859078601002693,0.3954966075718403,0.5124592781066895,0.0001,7,1992.4210456340638,0.4074592590332031,,,,,,,,,,,,,,,,,,,,,,,,,,,,,,,,,,,,,,,,,,,,,,,,,,,,,
btm,16240,0.022300039534457028,0.008168742805719376,0.37966443598270416,0.08703202232718468,0.5956216335296631,0.4675133340060711,0.35736439749598503,0.6511650681495667,0.0001,7,2007.1746154735881,0.4074592590332031,,,,,,,,,,,,,,,,,,,,,,,,,,,,,,,,,,,,,,,,,,,,,,,,,,,,,
btm,16250,0.026104949042201044,0.008153740142006427,0.39048402309417723,0.07863125586882233,0.6007041499018669,0.46993065178394317,0.36437907479703424,0.6824292540550232,0.0001,7,1973.0802541947376,0.4074592590332031,,,,,,,,,,,,,,,,,,,,,,,,,,,,,,,,,,,,,,,,,,,,,,,,,,,,,
btm,16260,0.016237380006350575,0.008313916728366167,0.38626092225313186,0.0818397618830204,0.6033293552696705,0.4689320780336857,0.3700235404074192,1.1352413892745972,0.0001,7,1605.8665184659312,0.4074592590332031,,,,,,,,,,,,,,,,,,,,,,,,,,,,,,,,,,,,,,,,,,,,,,,,,,,,,
btm,16270,0.010251714172773064,0.008305909787304699,0.42204453274607656,0.07820261269807816,0.639403161406517,0.5010777309536933,0.41179281547665597,0.5512019991874695,0.0001,7,1945.4193590584805,0.4074592590332031,,,,,,,,,,,,,,,,,,,,,,,,,,,,,,,,,,,,,,,,,,,,,,,,,,,,,
btm,16280,0.011762314080260693,0.008413504622876645,0.36023310422897337,0.08173131812363862,0.5883448958396912,0.4428057767450809,0.3484707914292812,0.6023724675178528,0.0001,7,1941.0535054343077,0.4074592590332031,,,,,,,,,,,,,,,,,,,,,,,,,,,,,,,,,,,,,,,,,,,,,,,,,,,,,
btm,16290,0.019010961521416903,0.00792450737208128,0.35139552466571333,0.08146637468598783,0.5740452103316784,0.43365434631705285,0.3323845636099577,0.5412444472312927,0.0001,7,1956.0814843143971,0.4074592590332031,,,,,,,,,,,,,,,,,,,,,,,,,,,,,,,,,,,,,,,,,,,,,,,,,,,,,
btm,16300,0.019349769805558026,0.008325507084373384,0.3794947426766157,0.07819676641374826,0.5972977980971337,0.4585240602493286,0.36014497429132464,0.7206807732582092,0.0001,7,2012.5417665926254,0.4074592590332031,,,,,,,,,,,,,,,,,,,,,,,,,,,,,,,,,,,,,,,,,,,,,,,,,,,,,
btm,16310,0.010478787997271866,0.007972690009046346,0.3918257862329483,0.0826208186801523,0.6152550041675567,0.47524387538433077,0.38134699761867524,0.5177708268165588,0.0001,7,1820.6011708992046,0.4074592590332031,,,,,,,,,,,,,,,,,,,,,,,,,,,,,,,,,,,,,,,,,,,,,,,,,,,,,
btm,16320,0.008335463318508119,0.008280175307299941,0.43364833295345306,0.07712656636722386,0.6500075459480286,0.5116029188036919,0.4253128670156002,0.5718197822570801,0.0001,7,1937.1421981615601,0.4074592590332031,,,,,,,,,,,,,,,,,,,,,,,,,,,,,,,,,,,,,,,,,,,,,,,,,,,,,
btm,16330,0.013541123969480396,0.00821057187858969,0.3839125372469425,0.08508866457268596,0.6061994940042496,0.4698222607374191,0.37037141174077987,0.5463626384735107,0.0001,7,1962.1698015913428,0.4074592590332031,,,,,,,,,,,,,,,,,,,,,,,,,,,,,,,,,,,,,,,,,,,,,,,,,,,,,
btm,16340,0.02383035533130169,0.008280218008439987,0.3737708702683449,0.07923423135653138,0.5886179342865944,0.4538331240415573,0.3499405164271593,0.5479641556739807,0.0001,7,1947.0418473365448,0.4074592590332031,,,,,,,,,,,,,,,,,,,,,,,,,,,,,,,,,,,,,,,,,,,,,,,,,,,,,
btm,16350,0.021213104599155486,0.008238133322447539,0.37836693450808523,0.08470062036067247,0.5937644883990287,0.46389136984944346,0.3571538314223289,0.9304056167602539,0.0001,7,1959.2661680334315,0.4074592590332031,,,,,,,,,,,,,,,,,,,,,,,,,,,,,,,,,,,,,,,,,,,,,,,,,,,,,
btm,16360,0.009765016240999102,0.008004694513510912,0.3963015154004097,0.07194003979675472,0.618215861171484,0.46904202476143836,0.3865365006029606,0.47466808557510376,0.0001,7,1923.5152704049344,0.4074592590332031,,,,,,,,,,,,,,,,,,,,,,,,,,,,,,,,,,,,,,,,,,,,,,,,,,,,,
btm,16370,0.007833067723549903,0.008036860078573228,0.39549170546233653,0.07378981318324804,0.6193591915071011,0.47008520290255545,0.3876586385071278,0.5236618518829346,0.0001,7,1969.024970893767,0.4074592590332031,,,,,,,,,,,,,,,,,,,,,,,,,,,,,,,,,,,,,,,,,,,,,,,,,,,,,
btm,16380,0.014471667469479144,0.007813582569360733,0.38731163591146467,0.08600730486214161,0.6081655070185661,0.47410029694437983,0.372839967161417,0.5799785256385803,0.0001,7,2000.9390257057864,0.4074592590332031,,,,,,,,,,,,,,,,,,,,,,,,,,,,,,,,,,,,,,,,,,,,,,,,,,,,,
btm,16390,0.023531757434830068,0.007868215092457831,0.3855525076389313,0.08290015198290349,0.5969187952578068,0.4692394815385342,0.3620207510888577,0.5113892555236816,0.0001,7,1988.5422556770832,0.4074592590332031,,,,,,,,,,,,,,,,,,,,,,,,,,,,,,,,,,,,,,,,,,,,,,,,,,,,,
btm,16400,0.01952262595295906,0.008590256632305681,0.3925411459058523,0.08564989939332009,0.6042751498520375,0.4790500745177269,0.37301852069795133,0.9523685574531555,0.0001,7,1921.9824180173373,0.4074592590332031,,,,,,,,,,,,,,,,,,,,,,,,,,,,,,,,,,,,,,,,,,,,,,,,,,,,,
btm,16410,0.009729433245956898,0.007916359801311047,0.4132232040166855,0.08054262949153781,0.6313178583979606,0.49455747082829477,0.40349377170205114,0.6839297413825989,0.0001,7,1898.8730159758693,0.4074592590332031,,,,,,,,,,,,,,,,,,,,,,,,,,,,,,,,,,,,,,,,,,,,,,,,,,,,,
btm,16420,0.007354761054739356,0.007809657242614776,0.4177610374987125,0.07291460148990155,0.6377970755100251,0.49145660623908044,0.41040627658367157,0.44833216071128845,0.0001,7,1963.312947950066,0.4074592590332031,,,,,,,,,,,,,,,,,,,,,,,,,,,,,,,,,,,,,,,,,,,,,,,,,,,,,
btm,16430,0.013433963735587895,0.007806046202313155,0.39030733704566956,0.07602913677692413,0.6119129106402397,0.46711707562208177,0.3768733739852905,0.5378969311714172,0.0001,7,1899.999482583512,0.4074592590332031,,,,,,,,,,,,,,,,,,,,,,,,,,,,,,,,,,,,,,,,,,,,,,,,,,,,,
btm,16440,0.025533537101000547,0.00786859766812995,0.3384960237890482,0.08169905710965394,0.5570618450641632,0.42098194286227225,0.3129624854773283,0.5363932847976685,0.0001,7,1780.530043733773,0.4074592590332031,,,,,,,,,,,,,,,,,,,,,,,,,,,,,,,,,,,,,,,,,,,,,,,,,,,,,
btm,16450,0.022585037699900567,0.008171920361928642,0.3492360733449459,0.08350549461320042,0.5693337358534336,0.4335587576031685,0.3266510371118784,0.6375575065612793,0.0001,7,1832.501948868129,0.4074592590332031,,,,,,,,,,,,,,,,,,,,,,,,,,,,,,,,,,,,,,,,,,,,,,,,,,,,,
btm,16460,0.009784506179857998,0.008085818029940128,0.42919527366757393,0.08546356614679099,0.6451460018754005,0.515467419475317,0.41941076666116717,0.6501080989837646,0.0001,7,1878.873544832528,0.4074592590332031,,,,,,,,,,,,,,,,,,,,,,,,,,,,,,,,,,,,,,,,,,,,,,,,,,,,,
btm,16470,0.005458837666083127,0.008721127174794674,0.5063811935484409,0.08695190642029046,0.706089822947979,0.594205217063427,0.5009223558008671,0.45109298825263977,0.0001,7,2018.9415570698236,0.4074592590332031,,,,,,,,,,,,,,,,,,,,,,,,,,,,,,,,,,,,,,,,,,,,,,,,,,,,,
btm,16480,0.012004557240288705,0.008622952376026661,0.4327335976064205,0.08107625786215067,0.6459866762161255,0.514672151952982,0.42072904482483864,0.4932054281234741,0.0001,7,2014.4686600873088,0.4074592590332031,,,,,,,,,,,,,,,,,,,,,,,,,,,,,,,,,,,,,,,,,,,,,,,,,,,,,
btm,16490,0.03252937761135399,0.008041538845282048,0.38505302295088767,0.08435748629271984,0.5895164549350739,0.47021466195583345,0.35252364799380304,0.587955892086029,0.0001,7,1996.8173225570433,0.4074592590332031,,,,,,,,,,,,,,,,,,,,,,,,,,,,,,,,,,,,,,,,,,,,,,,,,,,,,
btm,16500,0.03774974052794278,0.008232030505314469,0.35289958901703355,0.0788803283125162,0.5595569759607315,0.4326031215488911,0.31514985114336014,0.6514107584953308,0.0001,7,2001.8460801571491,0.4074592590332031,,,,,,,,,,,,,,,,,,,,,,,,,,,,,,,,,,,,,,,,,,,,,,,,,,,,,
btm,16500,,,,,,,,,,,,,0.023373053409159184,0.007174870697781444,0.2805319642648101,0.06579705234616995,0.5058927945792675,0.3470465037971735,0.2571589108556509,0.16226482531055808,0.07158770214300603,0.0,,,,,,,,,,,,,,,,,,,,,,,,,,,,,,,,,,,,,,,,,,,
btm,16510,0.016466903197579087,0.008452610450331122,0.350667829811573,0.08111503333784639,0.575785256177187,0.4326281227171421,0.3342009257525206,0.5302963852882385,0.0001,7,1013.3244275711863,0.4074592590332031,,,,,,,,,,,,,,,,,,,,,,,,,,,,,,,,,,,,,,,,,,,,,,,,,,,,,
btm,16520,0.007454204524401575,0.008219059649854898,0.40066649839282037,0.07836055550724268,0.6238475352525711,0.47984895706176756,0.39321229308843614,1.597998857498169,0.0001,7,2006.7147644894378,0.4074592590332031,,,,,,,,,,,,,,,,,,,,,,,,,,,,,,,,,,,,,,,,,,,,,,,,,,,,,
btm,16530,0.00947818161221221,0.008115818072110415,0.41663089022040367,0.07943926211446524,0.636089539527893,0.4968817338347435,0.40715270936489106,0.5521054863929749,0.0001,7,1986.4441594847915,0.4074592590332031,,,,,,,,,,,,,,,,,,,,,,,,,,,,,,,,,,,,,,,,,,,,,,,,,,,,,
btm,16540,0.021509048785082995,0.00787086256314069,0.3842535339295864,0.08017803183756769,0.5995677173137665,0.46521865054965017,0.36274448558688166,0.6673891544342041,0.0001,7,1973.3950418738261,0.4074592590332031,,,,,,,,,,,,,,,,,,,,,,,,,,,,,,,,,,,,,,,,,,,,,,,,,,,,,
btm,16550,0.025842965161427856,0.007992114208173006,0.40435782745480536,0.08228405267000198,0.6109119355678558,0.4874410942196846,0.378514863550663,0.8403943777084351,0.0001,7,1977.6839214437014,0.4074592590332031,,,,,,,,,,,,,,,,,,,,,,,,,,,,,,,,,,,,,,,,,,,,,,,,,,,,,
btm,16560,0.015473392535932362,0.008731638267636298,0.38666244596242905,0.07999471263028682,0.606789319217205,0.46753031983971594,0.3711890533566475,0.7305154800415039,0.0001,7,1980.4708049549429,0.4074592590332031,,,,,,,,,,,,,,,,,,,,,,,,,,,,,,,,,,,,,,,,,,,,,,,,,,,,,
btm,16570,0.009859227668493986,0.00793752963654697,0.41836671605706216,0.08578647077083587,0.6356667011976243,0.5049469351768494,0.4085074901580811,0.6339046955108643,0.0001,7,1970.4938983644886,0.4074592590332031,,,,,,,,,,,,,,,,,,,,,,,,,,,,,,,,,,,,,,,,,,,,,,,,,,,,,
btm,16580,0.010646945936605335,0.008149900007992983,0.3908511847257614,0.07539220787584781,0.6152174890041351,0.46705838590860366,0.38020424023270605,0.6204946041107178,0.0001,7,1936.4154583273162,0.4074592590332031,,,,,,,,,,,,,,,,,,,,,,,,,,,,,,,,,,,,,,,,,,,,,,,,,,,,,
btm,16590,0.016808437183499336,0.00782695118105039,0.3524091564118862,0.07734720874577761,0.5770786017179489,0.43053906187415125,0.335600720718503,0.6703534126281738,0.0001,7,1827.1192677269241,0.4074592590332031,,,,,,,,,,,,,,,,,,,,,,,,,,,,,,,,,,,,,,,,,,,,,,,,,,,,,
btm,16600,0.020576179772615433,0.00818783676950261,0.37338006794452666,0.08185845939442515,0.5913325920701027,0.45605731159448626,0.35280389077961444,0.5746986269950867,0.0001,7,1901.6232214492027,0.4074592590332031,,,,,,,,,,,,,,,,,,,,,,,,,,,,,,,,,,,,,,,,,,,,,,,,,,,,,
btm,16610,0.015184942912310363,0.008439383003860712,0.397882129997015,0.07565357810817659,0.6144827581942082,0.4743796445429325,0.3826971877366304,0.6143378019332886,0.0001,7,1987.4980025738816,0.4074592590332031,,,,,,,,,,,,,,,,,,,,,,,,,,,,,,,,,,,,,,,,,,,,,,,,,,,,,
btm,16620,0.009478060901165009,0.008008075435645879,0.3908705599606037,0.07838172423653304,0.6137215673923493,0.47005309015512464,0.3813925012946129,0.49871551990509033,0.0001,7,1957.6581731193094,0.4074592590332031,,,,,,,,,,,,,,,,,,,,,,,,,,,,,,,,,,,,,,,,,,,,,,,,,,,,,
btm,16630,0.01072131700348109,0.007900805561803281,0.3893333986401558,0.07851970638148487,0.6121284931898117,0.46864318624138834,0.37861208207905295,0.5179038047790527,0.0001,7,1993.7170145610398,0.4074592590332031,,,,,,,,,,,,,,,,,,,,,,,,,,,,,,,,,,,,,,,,,,,,,,,,,,,,,
btm,16640,0.01759933992289007,0.008185350487474352,0.36430120319128034,0.07721256157383323,0.5854325838387012,0.442332299053669,0.3467018648982048,0.6067718863487244,0.0001,7,1995.8672145820842,0.4074592590332031,,,,,,,,,,,,,,,,,,,,,,,,,,,,,,,,,,,,,,,,,,,,,,,,,,,,,
btm,16650,0.018198070395737887,0.008315288252197206,0.4092713542282581,0.08789526438340545,0.614594916254282,0.49799814596772196,0.39107328429818156,0.6285398602485657,0.0001,7,1974.6903951968611,0.4074592590332031,,,,,,,,,,,,,,,,,,,,,,,,,,,,,,,,,,,,,,,,,,,,,,,,,,,,,
btm,16660,0.01219575791619718,0.007986545655876398,0.3649058252573013,0.07838378017768263,0.5909033864736557,0.4440882630646229,0.35271007046103475,0.5149509310722351,0.0001,7,1968.2151437298908,0.4074592590332031,,,,,,,,,,,,,,,,,,,,,,,,,,,,,,,,,,,,,,,,,,,,,,,,,,,,,
btm,16670,0.0092544847400859,0.007983530417550355,0.39932470917701723,0.07894666586071253,0.6223050996661186,0.4790697269141674,0.3900702252984047,0.5134053826332092,0.0001,7,1851.0895943532803,0.4074592590332031,,,,,,,,,,,,,,,,,,,,,,,,,,,,,,,,,,,,,,,,,,,,,,,,,,,,,
btm,16680,0.012274804152548313,0.008206085464917124,0.389117468893528,0.08159495517611504,0.6104491062462329,0.47153303399682045,0.3768426652997732,0.6179510354995728,0.0001,7,1942.7931970429593,0.4074592590332031,,,,,,,,,,,,,,,,,,,,,,,,,,,,,,,,,,,,,,,,,,,,,,,,,,,,,
btm,16681,,,,,,,,,,,,,,,,,,,,,,,0.2,4,20,0.0806563532712,0.41602172202575993,60.75295686721802,1129.965278506279,1151.7744059674442,0.056012446718523276,0.12361745103262364,0.141312820602877,665600,1,40,0.25,5,20,0.11186005278940309,0.4687050099580636,60.53932976908982,1117.7378648892045,1135.45209383592,0.1972412361309398,0.20630979075096548,0.1951012135268404,665600,1,40,0.15,3,20,0.05236779195949584,0.36042329588695743,59.65888766013086,1098.2083297334611,1100.8778165094554,0.45632432153157426,0.38796442166902123,0.2541692210982243,665600,1,40,0.19999999999999998
btm,16690,0.020010928716510536,0.008092419209424407,0.38262264132499696,0.07688507228158414,0.5979704700410367,0.46031695455312727,0.36261170990765096,0.8906193971633911,0.0001,8,6.356167136963484,0.4074592590332031,,,,,,,,,,,,,,,,,,,,,,,,,,,,,,,,,,,,,,,,,,,,,,,,,,,,,
btm,16700,0.017628970765508713,0.008133054710924625,0.3703005284070969,0.0800998135469854,0.5913743078708649,0.4512136474251747,0.35267155691981317,0.8054764866828918,0.0001,8,1716.3632430629705,0.4074592590332031,,,,,,,,,,,,,,,,,,,,,,,,,,,,,,,,,,,,,,,,,,,,,,,,,,,,,
btm,16710,0.00859668959164992,0.007758027839008719,0.4161812402307987,0.07403262010775506,0.6369538083672523,0.49098966643214226,0.40758454948663714,0.539135754108429,0.0001,8,1943.849057952997,0.4074592590332031,,,,,,,,,,,,,,,,,,,,,,,,,,,,,,,,,,,,,,,,,,,,,,,,,,,,,
btm,16720,0.008111723267938941,0.008031836140435188,0.4166958637535572,0.08128285938873887,0.637762862443924,0.4987819083034992,0.40858414098620416,0.48400336503982544,0.0001,8,1971.83301561052,0.4074592590332031,,,,,,,,,,,,,,,,,,,,,,,,,,,,,,,,,,,,,,,,,,,,,,,,,,,,,
btm,16730,0.01425701966509223,0.007695319131016731,0.38291925117373465,0.08193189939484,0.6046543642878532,0.4656206876039505,0.36866223365068435,0.8478165864944458,0.0001,8,1960.1662751657302,0.4074592590332031,,,,,,,,,,,,,,,,,,,,,,,,,,,,,,,,,,,,,,,,,,,,,,,,,,,,,
btm,16740,0.024601465510204434,0.008473128930199891,0.3399275429546833,0.07782505778595805,0.5595984876155853,0.4185999117791653,0.3153260800987482,0.681329607963562,0.0001,8,1728.8097776067023,0.4074592590332031,,,,,,,,,,,,,,,,,,,,,,,,,,,,,,,,,,,,,,,,,,,,,,,,,,,,,
btm,16750,0.021524326852522792,0.008353550964966417,0.3339666098356247,0.07840847270563245,0.5573372349143029,0.41321043446660044,0.31244227960705756,0.5555705428123474,0.0001,8,1781.2799775573603,0.4074592590332031,,,,,,,,,,,,,,,,,,,,,,,,,,,,,,,,,,,,,,,,,,,,,,,,,,,,,
btm,16760,0.009419040218926967,0.008266383863519878,0.39717594906687737,0.07189691700041294,0.6204030036926269,0.46989950314164164,0.38775691092014314,0.4493688642978668,0.0001,8,1872.8319576657393,0.4074592590332031,,,,,,,,,,,,,,,,,,,,,,,,,,,,,,,,,,,,,,,,,,,,,,,,,,,,,
btm,16770,0.006445048027671874,0.007813049550168216,0.41816430613398553,0.07275888752192258,0.6388168022036552,0.4917044974863529,0.41171925887465477,0.6690436005592346,0.0001,8,1784.1439159389313,0.4074592590332031,,,,,,,,,,,,,,,,,,,,,,,,,,,,,,,,,,,,,,,,,,,,,,,,,,,,,
btm,16780,0.013194957794621587,0.007892734371125698,0.39877591505646703,0.07746096989139914,0.617538970708847,0.47702615782618524,0.38558096066117287,0.4872148633003235,0.0001,8,1818.087680813927,0.4074592590332031,,,,,,,,,,,,,,,,,,,,,,,,,,,,,,,,,,,,,,,,,,,,,,,,,,,,,
btm,16790,0.026874947547912597,0.007830749498680234,0.34466788470745086,0.0827687669545412,0.5605631671845913,0.42821972668170927,0.31779293790459634,0.6819421052932739,0.0001,8,1804.0864858973996,0.4074592590332031,,,,,,,,,,,,,,,,,,,,,,,,,,,,,,,,,,,,,,,,,,,,,,,,,,,,,
btm,16800,0.021718632755801083,0.007749393850099295,0.3476822692900896,0.07639496140182019,0.5683068774640561,0.42485217154026034,0.32596363946795465,0.5628876090049744,0.0001,8,1855.9349837906395,0.4074592590332031,,,,,,,,,,,,,,,,,,,,,,,,,,,,,,,,,,,,,,,,,,,,,,,,,,,,,
btm,16810,0.010080693871714175,0.008218046999536455,0.3978245511651039,0.07679940536618232,0.6208088845014572,0.47544575929641725,0.3877438589930534,0.578953742980957,0.0001,8,1907.0069013778793,0.4074592590332031,,,,,,,,,,,,,,,,,,,,,,,,,,,,,,,,,,,,,,,,,,,,,,,,,,,,,
btm,16820,0.007529078458901495,0.0076180709758773444,0.4100747585296631,0.07764743454754353,0.6313499718904495,0.48848399743437765,0.4025456801056862,0.5600555539131165,0.0001,8,1971.4996253505374,0.4074592590332031,,,,,,,,,,,,,,,,,,,,,,,,,,,,,,,,,,,,,,,,,,,,,,,,,,,,,
btm,16830,0.016074051288887857,0.008304191858042032,0.38161289021372796,0.08190097734332084,0.6022631078958511,0.4643442876636982,0.36553884148597715,0.5292962789535522,0.0001,8,1909.3515749889289,0.4074592590332031,,,,,,,,,,,,,,,,,,,,,,,,,,,,,,,,,,,,,,,,,,,,,,,,,,,,,
btm,16840,0.025560914585366846,0.007929918100126087,0.35201227106153965,0.07660369398072361,0.5691368624567985,0.4294089563190937,0.3264513570815325,0.5576621294021606,0.0001,8,1947.2539005752074,0.4074592590332031,,,,,,,,,,,,,,,,,,,,,,,,,,,,,,,,,,,,,,,,,,,,,,,,,,,,,
btm,16850,0.016058503184467554,0.007994387554936111,0.35606260821223257,0.07590823681093753,0.5805679962038994,0.43277028724551203,0.3400041054934263,0.5027079582214355,0.0001,8,1959.5805862222921,0.4074592590332031,,,,,,,,,,,,,,,,,,,,,,,,,,,,,,,,,,,,,,,,,,,,,,,,,,,,,
btm,16860,0.008335581957362592,0.00774560229619965,0.4238446123898029,0.08013949319720268,0.6418121695518494,0.504758670926094,0.4155090317130089,0.5283812284469604,0.0001,8,1952.7452159864329,0.4074592590332031,,,,,,,,,,,,,,,,,,,,,,,,,,,,,,,,,,,,,,,,,,,,,,,,,,,,,
btm,16870,0.009067899722140282,0.008386764570605009,0.4157649792730808,0.07281526206061244,0.6352438405156136,0.4894189141690731,0.40669707879424094,0.5157070159912109,0.0001,8,1925.3716655710195,0.4074592590332031,,,,,,,,,,,,,,,,,,,,,,,,,,,,,,,,,,,,,,,,,,,,,,,,,,,,,
btm,16880,0.022716881707310677,0.007959439395926892,0.36424044258892535,0.07490647011436521,0.5825243860483169,0.43994285687804224,0.3415235638618469,0.5248772501945496,0.0001,8,1916.0751077382913,0.4074592590332031,,,,,,,,,,,,,,,,,,,,,,,,,,,,,,,,,,,,,,,,,,,,,,,,,,,,,
btm,16890,0.0306862635537982,0.008433959633111953,0.34538921266794204,0.07935713077895343,0.5570541322231293,0.42558974027633667,0.31470295004546645,0.6116049885749817,0.0001,8,1833.3737268944028,0.4074592590332031,,,,,,,,,,,,,,,,,,,,,,,,,,,,,,,,,,,,,,,,,,,,,,,,,,,,,
btm,16900,0.015039155725389719,0.00845333868637681,0.378718301653862,0.07631803564727306,0.6010739013552666,0.4558816753327847,0.3636791467666626,0.5973504185676575,0.0001,8,1925.8726406689443,0.4074592590332031,,,,,,,,,,,,,,,,,,,,,,,,,,,,,,,,,,,,,,,,,,,,,,,,,,,,,
btm,16910,0.00623410705011338,0.00810819623293355,0.4422716945409775,0.07943671792745591,0.6583477720618248,0.5225192323327065,0.4360375851392746,0.519206702709198,0.0001,8,1924.2045663883714,0.4074592590332031,,,,,,,,,,,,,,,,,,,,,,,,,,,,,,,,,,,,,,,,,,,,,,,,,,,,,
btm,16920,0.008452577865682542,0.007892063935287297,0.4057023823261261,0.0707744940649718,0.6287837088108063,0.47726607620716094,0.3972498029470444,0.4717389643192291,0.0001,8,1834.6858353710195,0.4074592590332031,,,,,,,,,,,,,,,,,,,,,,,,,,,,,,,,,,,,,,,,,,,,,,,,,,,,,
btm,16930,0.022606186429038645,0.008122317702509462,0.3680241025984287,0.07880893042311073,0.5854024656116963,0.4476452611386776,0.3454179160296917,0.5119011402130127,0.0001,8,1709.0840942628934,0.4074592590332031,,,,,,,,,,,,,,,,,,,,,,,,,,,,,,,,,,,,,,,,,,,,,,,,,,,,,
btm,16940,0.03423956772312522,0.008325617958325893,0.3425788775086403,0.08264719531871378,0.5534393452107906,0.4260586351156235,0.3083393111824989,0.6225422024726868,0.0001,8,1845.595289368985,0.4074592590332031,,,,,,,,,,,,,,,,,,,,,,,,,,,,,,,,,,,,,,,,,,,,,,,,,,,,,
btm,16950,0.018037552060559393,0.008102699555456639,0.3742792509496212,0.07826839666813612,0.5945112913846969,0.45335791558027266,0.3562416985630989,0.521629810333252,0.0001,8,1868.3266622434764,0.4074592590332031,,,,,,,,,,,,,,,,,,,,,,,,,,,,,,,,,,,,,,,,,,,,,,,,,,,,,
btm,16960,0.006439481384586543,0.00793134084669873,0.4447418287396431,0.07613298678770661,0.6601214170455932,0.5216679498553276,0.43830234706401827,0.5491592288017273,0.0001,8,1896.347650105476,0.4074592590332031,,,,,,,,,,,,,,,,,,,,,,,,,,,,,,,,,,,,,,,,,,,,,,,,,,,,,
btm,16970,0.00875797790940851,0.00829162709414959,0.4264673162251711,0.0823736734688282,0.6426517963409424,0.509670154005289,0.41770933717489245,0.5472062230110168,0.0001,8,1835.3497483346966,0.4074592590332031,,,,,,,,,,,,,,,,,,,,,,,,,,,,,,,,,,,,,,,,,,,,,,,,,,,,,
btm,16980,0.024062012461945413,0.008291407627984882,0.35105600096285344,0.08362878626212478,0.5696896240115166,0.4355139255523682,0.326993989944458,0.6734887957572937,0.0001,8,1998.5855634702125,0.4074592590332031,,,,,,,,,,,,,,,,,,,,,,,,,,,,,,,,,,,,,,,,,,,,,,,,,,,,,
btm,16990,0.03221616763621569,0.007943996775429696,0.3413027122616768,0.08100376883521676,0.5534814283251762,0.42310087755322456,0.30908654667437074,0.5720319747924805,0.0001,8,1983.8196318703651,0.4074592590332031,,,,,,,,,,,,,,,,,,,,,,,,,,,,,,,,,,,,,,,,,,,,,,,,,,,,,
btm,17000,0.016229614382609725,0.008194756205193698,0.3740300625562668,0.06914963899180293,0.5925229996442795,0.44399918168783187,0.3578004464507103,0.7776584625244141,0.0001,8,1971.8254169898764,0.4074592590332031,,,,,,,,,,,,,,,,,,,,,,,,,,,,,,,,,,,,,,,,,,,,,,,,,,,,,
btm,17000,,,,,,,,,,,,,0.008842632407322526,0.007041821110760793,0.3254295662045479,0.06520065222866833,0.5611827876418829,0.39133440516889095,0.31658693589270115,0.12592470226809382,0.06923268304672092,0.0,,,,,,,,,,,,,,,,,,,,,,,,,,,,,,,,,,,,,,,,,,,
flow,1,,0.16021491214632988,1.9896630346775055,1.0283022969961166,,3.033986747264862,,1.502060055732727,0.0001,1,194.96704165442983,0.40839433670043945,,,,,,,,,,,,,,,,,,,,,,,,,,,,,,,,,,,,,,,,,,,,,,,,,,,,,
flow,10,,0.1536280026452409,1.981242835521698,1.036679325832261,,3.0332849489318,,1.1140388250350952,0.0001,1,2231.8084381881354,0.40839433670043945,,,,,,,,,,,,,,,,,,,,,,,,,,,,,,,,,,,,,,,,,,,,,,,,,,,,,
flow,20,,0.12659378070384264,1.9536823153495788,0.818759573996067,,2.7851013123989103,,1.1250141859054565,0.0001,1,2573.6837171727316,0.40839433670043945,,,,,,,,,,,,,,,,,,,,,,,,,,,,,,,,,,,,,,,,,,,,,,,,,,,,,
flow,30,,0.10787721201777459,1.908717969059944,0.710356929898262,,2.6298626363277435,,0.9179415106773376,0.0001,1,2719.7772039069264,0.40839433670043945,,,,,,,,,,,,,,,,,,,,,,,,,,,,,,,,,,,,,,,,,,,,,,,,,,,,,
flow,40,,0.08847902044653892,1.8723562031984329,0.6205252580344677,,2.501729357242584,,1.051978588104248,0.0001,1,2709.9258650599177,0.40839433670043945,,,,,,,,,,,,,,,,,,,,,,,,,,,,,,,,,,,,,,,,,,,,,,,,,,,,,
flow,50,,0.07445317497476936,1.845618376135826,0.5364527225494384,,2.3895164310932158,,0.8447813987731934,0.0001,1,2555.049246532474,0.40839433670043945,,,,,,,,,,,,,,,,,,,,,,,,,,,,,,,,,,,,,,,,,,,,,,,,,,,,,
flow,60,,0.06616598032414914,1.8060361593961716,0.4543046191334724,,2.2669573605060576,,0.7492802143096924,0.0001,1,2824.178895933184,0.40839433670043945,,,,,,,,,,,,,,,,,,,,,,,,,,,,,,,,,,,,,,,,,,,,,,,,,,,,,
flow,70,,0.06101206867024302,1.7785833954811097,0.4284454844892025,,2.2131300806999206,,0.8185189962387085,0.0001,1,2807.3116750747627,0.40839433670043945,,,,,,,,,,,,,,,,,,,,,,,,,,,,,,,,,,,,,,,,,,,,,,,,,,,,,
flow,80,,0.055734011344611645,1.7525260478258133,0.3611993182450533,,2.1192987680435182,,0.670570433139801,0.0001,1,2741.667020688313,0.40839433670043945,,,,,,,,,,,,,,,,,,,,,,,,,,,,,,,,,,,,,,,,,,,,,,,,,,,,,
flow,90,,0.05079331388697028,1.7302512168884276,0.3476406030356884,,2.0829711705446243,,0.6972848773002625,0.0001,1,2642.437146027718,0.40839433670043945,,,,,,,,,,,,,,,,,,,,,,,,,,,,,,,,,,,,,,,,,,,,,,,,,,,,,
flow,100,,0.04563152226619423,1.7092896789312362,0.3127319201827049,,2.0265847235918044,,0.675938069820404,0.0001,1,2729.6927953643044,0.40839433670043945,,,,,,,,,,,,,,,,,,,,,,,,,,,,,,,,,,,,,,,,,,,,,,,,,,,,,
flow,110,,0.04196346779353917,1.6830237746238708,0.30546508356928825,,1.9926851987838745,,0.6061810851097107,0.0001,1,2743.884528218564,0.40839433670043945,,,,,,,,,,,,,,,,,,,,,,,,,,,,,,,,,,,,,,,,,,,,,,,,,,,,,
flow,120,,0.045867112930864096,1.6690623492002488,0.3049083616584539,,1.9785574108362198,,0.6068138480186462,0.0001,1,2752.879571654125,0.40839433670043945,,,,,,,,,,,,,,,,,,,,,,,,,,,,,,,,,,,,,,,,,,,,,,,,,,,,,
flow,130,,0.03402651865035296,1.6487373441457749,0.28078261464834214,,1.932922586798668,,0.623008668422699,0.0001,1,2788.144592981265,0.40839433670043945,,,,,,,,,,,,,,,,,,,,,,,,,,,,,,,,,,,,,,,,,,,,,,,,,,,,,
flow,140,,0.03680574400350452,1.6258960485458374,0.2761210322380066,,1.9056976646184922,,0.5885550379753113,0.0001,1,2698.0917465757984,0.40839433670043945,,,,,,,,,,,,,,,,,,,,,,,,,,,,,,,,,,,,,,,,,,,,,,,,,,,,,
flow,150,,0.03242056532762945,1.6154591619968415,0.26926437951624393,,1.8879655987024306,,0.5909278392791748,0.0001,1,2646.5345271287297,0.40839433670043945,,,,,,,,,,,,,,,,,,,,,,,,,,,,,,,,,,,,,,,,,,,,,,,,,,,,,
flow,160,,0.030007348302751778,1.600597444176674,0.24501502886414528,,1.8486132055521012,,0.6369759440422058,0.0001,1,2663.997167767988,0.40839433670043945,,,,,,,,,,,,,,,,,,,,,,,,,,,,,,,,,,,,,,,,,,,,,,,,,,,,,
flow,170,,0.029434396792203187,1.5761814266443253,0.2505591854453087,,1.829684054851532,,0.551020622253418,0.0001,1,2595.3935038732106,0.40839433670043945,,,,,,,,,,,,,,,,,,,,,,,,,,,,,,,,,,,,,,,,,,,,,,,,,,,,,
flow,180,,0.02769743772223592,1.5805644154548646,0.24268669933080672,,1.826020860671997,,0.5903123021125793,0.0001,1,2570.0934171369186,0.40839433670043945,,,,,,,,,,,,,,,,,,,,,,,,,,,,,,,,,,,,,,,,,,,,,,,,,,,,,
flow,190,,0.027945264289155603,1.555540642142296,0.25328374803066256,,1.811618921160698,,0.5276181101799011,0.0001,1,2564.939713771973,0.40839433670043945,,,,,,,,,,,,,,,,,,,,,,,,,,,,,,,,,,,,,,,,,,,,,,,,,,,,,
flow,200,,0.024709503771737217,1.5443014442920684,0.2334949228912592,,1.7802673071622848,,0.5784004926681519,0.0001,1,2753.9763074319544,0.40839433670043945,,,,,,,,,,,,,,,,,,,,,,,,,,,,,,,,,,,,,,,,,,,,,,,,,,,,,
flow,210,,0.022638275846838952,1.5243614703416823,0.23983419202268125,,1.7664594918489456,,0.5697190761566162,0.0001,1,2626.5620986825165,0.40839433670043945,,,,,,,,,,,,,,,,,,,,,,,,,,,,,,,,,,,,,,,,,,,,,,,,,,,,,
flow,220,,0.02491108295507729,1.5186532884836197,0.2361508049070835,,1.7572952032089233,,0.5450969338417053,0.0001,1,2370.9818516242335,0.40839433670043945,,,,,,,,,,,,,,,,,,,,,,,,,,,,,,,,,,,,,,,,,,,,,,,,,,,,,
flow,230,,0.02304497160948813,1.5069696694612502,0.23625059239566326,,1.7455247640609741,,0.5172010660171509,0.0001,1,2635.5059614567126,0.40839433670043945,,,,,,,,,,,,,,,,,,,,,,,,,,,,,,,,,,,,,,,,,,,,,,,,,,,,,
flow,240,,0.02320040457416326,1.4926787257194518,0.23155277967453003,,1.7265515357255936,,0.5092617869377136,0.0001,1,2570.444806404963,0.40839433670043945,,,,,,,,,,,,,,,,,,,,,,,,,,,,,,,,,,,,,,,,,,,,,,,,,,,,,
flow,250,,0.021518787532113493,1.4807198286056518,0.22147412095218896,,1.7043458253145218,,0.48887574672698975,0.0001,1,2673.838249717056,0.40839433670043945,,,,,,,,,,,,,,,,,,,,,,,,,,,,,,,,,,,,,,,,,,,,,,,,,,,,,
flow,260,,0.0219101803842932,1.4583259850740433,0.223039136081934,,1.6835561245679855,,0.5780207514762878,0.0001,1,2675.63245806105,0.40839433670043945,,,,,,,,,,,,,,,,,,,,,,,,,,,,,,,,,,,,,,,,,,,,,,,,,,,,,
flow,270,,0.019448963506147266,1.4651822984218597,0.20707717165350914,,1.6742043524980545,,0.5506263375282288,0.0001,1,2608.7919903918278,0.40839433670043945,,,,,,,,,,,,,,,,,,,,,,,,,,,,,,,,,,,,,,,,,,,,,,,,,,,,,
flow,280,,0.02092860038392246,1.447183793783188,0.22315196990966796,,1.6724286198616027,,0.6008126139640808,0.0001,1,2756.4842256923303,0.40839433670043945,,,,,,,,,,,,,,,,,,,,,,,,,,,,,,,,,,,,,,,,,,,,,,,,,,,,,
flow,290,,0.0202339701121673,1.4351683259010315,0.20314744897186757,,1.6403391808271408,,0.5316330194473267,0.0001,1,2744.4526703392344,0.40839433670043945,,,,,,,,,,,,,,,,,,,,,,,,,,,,,,,,,,,,,,,,,,,,,,,,,,,,,
flow,300,,0.01890077986754477,1.4331328958272933,0.2074208926409483,,1.6424438536167145,,0.5577974319458008,0.0001,1,2785.333530442847,0.40839433670043945,,,,,,,,,,,,,,,,,,,,,,,,,,,,,,,,,,,,,,,,,,,,,,,,,,,,,
flow,310,,0.018971772445365787,1.410128203034401,0.20428861863911152,,1.6163139939308167,,0.5997044444084167,0.0001,1,2780.191024366513,0.40839433670043945,,,,,,,,,,,,,,,,,,,,,,,,,,,,,,,,,,,,,,,,,,,,,,,,,,,,,
flow,320,,0.01773168225772679,1.3997636437416077,0.2001462483778596,,1.6016830444335937,,0.5675353407859802,0.0001,1,2963.649438796447,0.40839433670043945,,,,,,,,,,,,,,,,,,,,,,,,,,,,,,,,,,,,,,,,,,,,,,,,,,,,,
flow,330,,0.01832983158528805,1.3853764951229095,0.1910768961533904,,1.5782863706350327,,0.5666296482086182,0.0001,1,2842.7344682863377,0.40839433670043945,,,,,,,,,,,,,,,,,,,,,,,,,,,,,,,,,,,,,,,,,,,,,,,,,,,,,
flow,340,,0.019895489956252278,1.3699747025966644,0.20821189507842064,,1.5801761478185654,,0.533233642578125,0.0001,1,2936.3707597972743,0.40839433670043945,,,,,,,,,,,,,,,,,,,,,,,,,,,,,,,,,,,,,,,,,,,,,,,,,,,,,
flow,350,,0.018142248271033168,1.3615858465433122,0.2018797792494297,,1.5652798503637313,,0.5898339748382568,0.0001,1,2709.420905091232,0.40839433670043945,,,,,,,,,,,,,,,,,,,,,,,,,,,,,,,,,,,,,,,,,,,,,,,,,,,,,
flow,360,,0.01760005219839513,1.3489437758922578,0.19715606272220612,,1.5478598445653915,,0.5406391024589539,0.0001,1,2705.587290383304,0.40839433670043945,,,,,,,,,,,,,,,,,,,,,,,,,,,,,,,,,,,,,,,,,,,,,,,,,,,,,
flow,370,,0.016663987236097456,1.3284002631902694,0.18722345847636462,,1.517290112376213,,0.5404356718063354,0.0001,1,2556.933542398722,0.40839433670043945,,,,,,,,,,,,,,,,,,,,,,,,,,,,,,,,,,,,,,,,,,,,,,,,,,,,,
flow,380,,0.016790043795481324,1.3137491464614868,0.19059292152523993,,1.5060210675001144,,0.5312100052833557,0.0001,1,2655.073496795821,0.40839433670043945,,,,,,,,,,,,,,,,,,,,,,,,,,,,,,,,,,,,,,,,,,,,,,,,,,,,,
flow,390,,0.01593831330537796,1.2854536205530167,0.18096213415265083,,1.4680095821619035,,0.5703298449516296,0.0001,1,2504.4898109129326,0.40839433670043945,,,,,,,,,,,,,,,,,,,,,,,,,,,,,,,,,,,,,,,,,,,,,,,,,,,,,
flow,400,,0.017361711570993067,1.2839070707559586,0.19144421219825744,,1.4770874500274658,,0.5932548642158508,0.0001,1,2532.1721698724764,0.40839433670043945,,,,,,,,,,,,,,,,,,,,,,,,,,,,,,,,,,,,,,,,,,,,,,,,,,,,,
flow,410,,0.015491507202386855,1.2727765053510667,0.2099494095891714,,1.4842750787734986,,0.5414038896560669,0.0001,1,2773.234751351279,0.40839433670043945,,,,,,,,,,,,,,,,,,,,,,,,,,,,,,,,,,,,,,,,,,,,,,,,,,,,,
flow,420,,0.015768307936377825,1.2518905103206635,0.17640362437814475,,1.429870966076851,,0.5912323594093323,0.0001,1,2785.2972238955726,0.40839433670043945,,,,,,,,,,,,,,,,,,,,,,,,,,,,,,,,,,,,,,,,,,,,,,,,,,,,,
flow,430,,0.016493710433132948,1.237165316939354,0.18663499355316163,,1.4254496574401856,,0.532984733581543,0.0001,1,2787.94313555585,0.40839433670043945,,,,,,,,,,,,,,,,,,,,,,,,,,,,,,,,,,,,,,,,,,,,,,,,,,,,,
flow,440,,0.014220546605065465,1.2216950505971909,0.17065352965146302,,1.3937706351280212,,0.5658392310142517,0.0001,1,2922.040912634653,0.40839433670043945,,,,,,,,,,,,,,,,,,,,,,,,,,,,,,,,,,,,,,,,,,,,,,,,,,,,,
flow,450,,0.014743400644510985,1.193004485964775,0.1686543980613351,,1.3631332159042358,,0.5580509305000305,0.0001,1,2918.447373495427,0.40839433670043945,,,,,,,,,,,,,,,,,,,,,,,,,,,,,,,,,,,,,,,,,,,,,,,,,,,,,
flow,460,,0.015288819861598312,1.1834728688001632,0.17093480098992586,,1.355936548113823,,0.5880035161972046,0.0001,1,2704.2545353157316,0.40839433670043945,,,,,,,,,,,,,,,,,,,,,,,,,,,,,,,,,,,,,,,,,,,,,,,,,,,,,
flow,470,,0.013812405220232905,1.162705162167549,0.1786809740588069,,1.3427673876285553,,0.6115590929985046,0.0001,1,2869.974103799284,0.40839433670043945,,,,,,,,,,,,,,,,,,,,,,,,,,,,,,,,,,,,,,,,,,,,,,,,,,,,,
flow,480,,0.014162068325094878,1.1475956857204437,0.15172199066728354,,1.3007338732481002,,0.5401508808135986,0.0001,1,2864.1060694916696,0.40839433670043945,,,,,,,,,,,,,,,,,,,,,,,,,,,,,,,,,,,,,,,,,,,,,,,,,,,,,
flow,490,,0.015183662925846875,1.1327337473630905,0.1782536605373025,,1.3125057637691497,,0.5918102860450745,0.0001,1,2786.273257672734,0.40839433670043945,,,,,,,,,,,,,,,,,,,,,,,,,,,,,,,,,,,,,,,,,,,,,,,,,,,,,
flow,500,,0.014506535581313073,1.115125721693039,0.179224200733006,,1.29580055475235,,0.5505565404891968,0.0001,1,2898.14251840752,0.40839433670043945,,,,,,,,,,,,,,,,,,,,,,,,,,,,,,,,,,,,,,,,,,,,,,,,,,,,,
flow,500,,,,,,,,,,,,,,0.012214024609420449,1.0679345354437828,0.12551738624460995,,1.1946733221411705,,1.1028460208326578,0.559451287612319,0.0,,,,,,,,,,,,,,,,,,,,,,,,,,,,,,,,,,,,,,,,,,,
flow,510,,0.014145637699402868,1.0978925436735154,0.17396731339395047,,1.273274412751198,,0.6014897227287292,0.0001,1,648.9974463455975,0.40839433670043945,,,,,,,,,,,,,,,,,,,,,,,,,,,,,,,,,,,,,,,,,,,,,,,,,,,,,
flow,520,,0.014784535951912403,1.084122371673584,0.1688936896622181,,1.2544945061206818,,0.6304334998130798,0.0001,1,2831.0600474221,0.40839433670043945,,,,,,,,,,,,,,,,,,,,,,,,,,,,,,,,,,,,,,,,,,,,,,,,,,,,,
flow,530,,0.01483236183412373,1.0732672780752182,0.17972864974290131,,1.2544791519641876,,0.6469230651855469,0.0001,1,2828.7444619249086,0.40839433670043945,,,,,,,,,,,,,,,,,,,,,,,,,,,,,,,,,,,,,,,,,,,,,,,,,,,,,
flow,540,,0.014132322650402785,1.0495335921645164,0.1661020977422595,,1.2170489251613616,,0.5808092951774597,0.0001,1,2890.8814575861256,0.40839433670043945,,,,,,,,,,,,,,,,,,,,,,,,,,,,,,,,,,,,,,,,,,,,,,,,,,,,,
flow,550,,0.013900828966870903,1.035064595937729,0.1633987244218588,,1.1998533964157105,,0.6202000975608826,0.0001,1,2858.533361137413,0.40839433670043945,,,,,,,,,,,,,,,,,,,,,,,,,,,,,,,,,,,,,,,,,,,,,,,,,,,,,
flow,560,,0.014529922069050372,1.0161911889910697,0.165973755531013,,1.1836179316043853,,0.6567134857177734,0.0001,1,2727.9100664081657,0.40839433670043945,,,,,,,,,,,,,,,,,,,,,,,,,,,,,,,,,,,,,,,,,,,,,,,,,,,,,
flow,570,,0.01335621306207031,1.0102144628763199,0.156507564894855,,1.1680576413869859,,0.6346806883811951,0.0001,1,2581.096668624301,0.40839433670043945,,,,,,,,,,,,,,,,,,,,,,,,,,,,,,,,,,,,,,,,,,,,,,,,,,,,,
flow,580,,0.014292356371879578,0.9906752690672874,0.16025209110230207,,1.1523565888404845,,0.5691840052604675,0.0001,1,2803.0491507153247,0.40839433670043945,,,,,,,,,,,,,,,,,,,,,,,,,,,,,,,,,,,,,,,,,,,,,,,,,,,,,
flow,590,,0.014175041555427014,0.9878224402666091,0.16746498066931964,,1.1567049235105515,,0.6800063848495483,0.0001,1,2749.5809462288344,0.40839433670043945,,,,,,,,,,,,,,,,,,,,,,,,,,,,,,,,,,,,,,,,,,,,,,,,,,,,,
flow,600,,0.01392591658513993,0.9719887405633927,0.15644842516630889,,1.1298297703266145,,0.6406126618385315,0.0001,1,2891.7598933615864,0.40839433670043945,,,,,,,,,,,,,,,,,,,,,,,,,,,,,,,,,,,,,,,,,,,,,,,,,,,,,
flow,610,,0.013759373966604472,0.9554678902029992,0.1681639751419425,,1.125007800757885,,0.6393254399299622,0.0001,1,2914.169248113589,0.40839433670043945,,,,,,,,,,,,,,,,,,,,,,,,,,,,,,,,,,,,,,,,,,,,,,,,,,,,,
flow,620,,0.013143829954788088,0.9399487748742104,0.16473382469266654,,1.105996984243393,,0.642127275466919,0.0001,1,2888.2136728513196,0.40839433670043945,,,,,,,,,,,,,,,,,,,,,,,,,,,,,,,,,,,,,,,,,,,,,,,,,,,,,
flow,630,,0.012722908938303589,0.9403512567281723,0.14248622618615628,,1.0841097772121429,,0.7190968990325928,0.0001,1,2904.82162534766,0.40839433670043945,,,,,,,,,,,,,,,,,,,,,,,,,,,,,,,,,,,,,,,,,,,,,,,,,,,,,
flow,640,,0.013609236781485378,0.9247811764478684,0.16326369158923626,,1.089405792951584,,0.6755533814430237,0.0001,1,2927.533316963106,0.40839433670043945,,,,,,,,,,,,,,,,,,,,,,,,,,,,,,,,,,,,,,,,,,,,,,,,,,,,,
flow,650,,0.01234662109054625,0.9125004783272743,0.14761785361915827,,1.0613529831171036,,0.656745970249176,0.0001,1,2867.2896561237335,0.40839433670043945,,,,,,,,,,,,,,,,,,,,,,,,,,,,,,,,,,,,,,,,,,,,,,,,,,,,,
flow,660,,0.013045143522322177,0.8923995435237885,0.1660435212776065,,1.0597475722432137,,0.6644207239151001,0.0001,1,2842.8719917638823,0.40839433670043945,,,,,,,,,,,,,,,,,,,,,,,,,,,,,,,,,,,,,,,,,,,,,,,,,,,,,
flow,670,,0.012521402607671917,0.8846974745392799,0.14656514562666417,,1.0325147569179536,,0.6627966165542603,0.0001,1,2897.2275263349215,0.40839433670043945,,,,,,,,,,,,,,,,,,,,,,,,,,,,,,,,,,,,,,,,,,,,,,,,,,,,,
flow,680,,0.013021570700220763,0.8800841465592384,0.14894823990762235,,1.0303345501422883,,0.6367745995521545,0.0001,1,2692.135420269201,0.40839433670043945,,,,,,,,,,,,,,,,,,,,,,,,,,,,,,,,,,,,,,,,,,,,,,,,,,,,,
flow,690,,0.011832330911420285,0.8589051619172097,0.15767796989530325,,1.0177663639187813,,0.6505802869796753,0.0001,1,2700.484617915417,0.40839433670043945,,,,,,,,,,,,,,,,,,,,,,,,,,,,,,,,,,,,,,,,,,,,,,,,,,,,,
flow,700,,0.012470974843017757,0.8622138574719429,0.13881576973944904,,1.002276737987995,,0.6488762497901917,0.0001,1,2706.449058628647,0.40839433670043945,,,,,,,,,,,,,,,,,,,,,,,,,,,,,,,,,,,,,,,,,,,,,,,,,,,,,
flow,710,,0.01317120660096407,0.8419045805931091,0.17036118730902672,,1.0135828971862793,,0.6898767352104187,0.0001,1,2723.7466501713857,0.40839433670043945,,,,,,,,,,,,,,,,,,,,,,,,,,,,,,,,,,,,,,,,,,,,,,,,,,,,,
flow,720,,0.012435263744555414,0.8380040809512138,0.1527442054823041,,0.9919918075203895,,0.6822079420089722,0.0001,1,2658.4857695999267,0.40839433670043945,,,,,,,,,,,,,,,,,,,,,,,,,,,,,,,,,,,,,,,,,,,,,,,,,,,,,
flow,730,,0.01205755656119436,0.8300451025366783,0.15032164715230464,,0.9815725073218345,,0.7087834477424622,0.0001,1,2724.7415628569697,0.40839433670043945,,,,,,,,,,,,,,,,,,,,,,,,,,,,,,,,,,,,,,,,,,,,,,,,,,,,,
flow,740,,0.01278281849808991,0.822770568728447,0.15500886496156455,,0.9790577098727227,,0.6907117366790771,0.0001,1,2757.775484625947,0.40839433670043945,,,,,,,,,,,,,,,,,,,,,,,,,,,,,,,,,,,,,,,,,,,,,,,,,,,,,
flow,750,,0.01325859995558858,0.8056965053081513,0.15342049654573203,,0.9604428619146347,,0.6865875124931335,0.0001,1,2722.1882878058336,0.40839433670043945,,,,,,,,,,,,,,,,,,,,,,,,,,,,,,,,,,,,,,,,,,,,,,,,,,,,,
flow,760,,0.012779640313237906,0.8059706822037697,0.15431317836046218,,0.9615618258714675,,0.7005659341812134,0.0001,1,2762.7025821165926,0.40839433670043945,,,,,,,,,,,,,,,,,,,,,,,,,,,,,,,,,,,,,,,,,,,,,,,,,,,,,
flow,770,,0.012852706015110016,0.7819343626499176,0.1503189779818058,,0.9335386142134666,,0.7357534170150757,0.0001,1,2687.8463033348235,0.40839433670043945,,,,,,,,,,,,,,,,,,,,,,,,,,,,,,,,,,,,,,,,,,,,,,,,,,,,,
flow,780,,0.012439417745918035,0.7721809983253479,0.1484859785065055,,0.9219109192490578,,0.7346764802932739,0.0001,1,2727.8454200160713,0.40839433670043945,,,,,,,,,,,,,,,,,,,,,,,,,,,,,,,,,,,,,,,,,,,,,,,,,,,,,
flow,790,,0.01169184255413711,0.7709876134991646,0.14713263232260942,,0.9192894265055657,,0.6877947449684143,0.0001,1,2715.720624009695,0.40839433670043945,,,,,,,,,,,,,,,,,,,,,,,,,,,,,,,,,,,,,,,,,,,,,,,,,,,,,
flow,800,,0.011580834886990488,0.7627858608961106,0.13602331317961217,,0.8999672591686249,,0.6841586828231812,0.0001,1,2339.900423607943,0.40839433670043945,,,,,,,,,,,,,,,,,,,,,,,,,,,,,,,,,,,,,,,,,,,,,,,,,,,,,
flow,810,,0.012181029620114714,0.7486842840909957,0.14549889750778675,,0.8954012900590896,,0.7258933186531067,0.0001,1,2541.381208379088,0.40839433670043945,,,,,,,,,,,,,,,,,,,,,,,,,,,,,,,,,,,,,,,,,,,,,,,,,,,,,
flow,820,,0.012378386477939785,0.7458668351173401,0.1391674645245075,,0.8862721413373947,,0.7343989610671997,0.0001,1,2628.2590119105867,0.40839433670043945,,,,,,,,,,,,,,,,,,,,,,,,,,,,,,,,,,,,,,,,,,,,,,,,,,,,,
flow,830,,0.012108067527879029,0.7363929837942124,0.14679098781198263,,0.884394784271717,,0.7404624819755554,0.0001,1,2777.061508064831,0.40839433670043945,,,,,,,,,,,,,,,,,,,,,,,,,,,,,,,,,,,,,,,,,,,,,,,,,,,,,
flow,840,,0.01195781360147521,0.7309581473469734,0.1461228711530566,,0.8782767996191978,,0.7613171935081482,0.0001,1,2793.990268846483,0.40839433670043945,,,,,,,,,,,,,,,,,,,,,,,,,,,,,,,,,,,,,,,,,,,,,,,,,,,,,
flow,850,,0.011665462818928062,0.7139266058802605,0.15191500671207905,,0.8670081600546837,,0.7221001386642456,0.0001,1,2640.4068547527986,0.40839433670043945,,,,,,,,,,,,,,,,,,,,,,,,,,,,,,,,,,,,,,,,,,,,,,,,,,,,,
flow,860,,0.012120158073958009,0.7072980582714081,0.14392943810671568,,0.8524395123124122,,0.7010788321495056,0.0001,1,2889.7933804707977,0.40839433670043945,,,,,,,,,,,,,,,,,,,,,,,,,,,,,,,,,,,,,,,,,,,,,,,,,,,,,
flow,870,,0.011687534768134356,0.704112634062767,0.1444691341370344,,0.8497505262494087,,0.7426386475563049,0.0001,1,2860.3696404914213,0.40839433670043945,,,,,,,,,,,,,,,,,,,,,,,,,,,,,,,,,,,,,,,,,,,,,,,,,,,,,
flow,880,,0.01171947093680501,0.7077940434217453,0.14096294371411205,,0.8499289304018021,,0.7626785635948181,0.0001,1,2842.557391420482,0.40839433670043945,,,,,,,,,,,,,,,,,,,,,,,,,,,,,,,,,,,,,,,,,,,,,,,,,,,,,
flow,890,,0.011899935128167272,0.6934788346290588,0.14029791597276925,,0.8349667489528656,,0.7438607215881348,0.0001,1,2899.6120273531533,0.40839433670043945,,,,,,,,,,,,,,,,,,,,,,,,,,,,,,,,,,,,,,,,,,,,,,,,,,,,,
flow,900,,0.011311822303105146,0.6869823575019837,0.13778804168105124,,0.8259015858173371,,0.7785998582839966,0.0001,1,2676.740488033648,0.40839433670043945,,,,,,,,,,,,,,,,,,,,,,,,,,,,,,,,,,,,,,,,,,,,,,,,,,,,,
flow,910,,0.011494746175594628,0.6704858005046844,0.14349382724612952,,0.8151291012763977,,0.7606561779975891,0.0001,1,2646.4357463421934,0.40839433670043945,,,,,,,,,,,,,,,,,,,,,,,,,,,,,,,,,,,,,,,,,,,,,,,,,,,,,
flow,920,,0.011418499075807631,0.6608107507228851,0.14345333948731423,,0.8054059386253357,,0.7148185968399048,0.0001,1,2895.6840720572363,0.40839433670043945,,,,,,,,,,,,,,,,,,,,,,,,,,,,,,,,,,,,,,,,,,,,,,,,,,,,,
flow,930,,0.012279508274514229,0.6614371538162231,0.14204661697149276,,0.8047117248177529,,0.7628674507141113,0.0001,1,3111.3983462764704,0.40839433670043945,,,,,,,,,,,,,,,,,,,,,,,,,,,,,,,,,,,,,,,,,,,,,,,,,,,,,
flow,940,,0.01177133274031803,0.6483929961919784,0.13509293552488089,,0.7846630632877349,,0.7763622999191284,0.0001,1,2723.090975889136,0.40839433670043945,,,,,,,,,,,,,,,,,,,,,,,,,,,,,,,,,,,,,,,,,,,,,,,,,,,,,
flow,950,,0.011385646776761859,0.6551684781908989,0.14263102766126395,,0.7989380642771721,,0.8419375419616699,0.0001,1,2993.932501948718,0.40839433670043945,,,,,,,,,,,,,,,,,,,,,,,,,,,,,,,,,,,,,,,,,,,,,,,,,,,,,
flow,960,,0.01111131472280249,0.6414896115660668,0.1329348174855113,,0.7755355656147003,,0.777498722076416,0.0001,1,2697.791617212175,0.40839433670043945,,,,,,,,,,,,,,,,,,,,,,,,,,,,,,,,,,,,,,,,,,,,,,,,,,,,,
flow,970,,0.011216515221167355,0.6381729900836944,0.1320409059524536,,0.7713355422019958,,0.7858492136001587,0.0001,1,2667.488250608796,0.40839433670043945,,,,,,,,,,,,,,,,,,,,,,,,,,,,,,,,,,,,,,,,,,,,,,,,,,,,,
flow,980,,0.011116572399623692,0.6300239264965057,0.12898573633283378,,0.7601213186979294,,0.7400135397911072,0.0001,1,2846.2917378550483,0.40839433670043945,,,,,,,,,,,,,,,,,,,,,,,,,,,,,,,,,,,,,,,,,,,,,,,,,,,,,
flow,990,,0.011104453029111028,0.6267580136656761,0.13362649437040092,,0.7614949509501457,,0.796393632888794,0.0001,1,2579.0018121153453,0.40839433670043945,,,,,,,,,,,,,,,,,,,,,,,,,,,,,,,,,,,,,,,,,,,,,,,,,,,,,
flow,1000,,0.011774559412151575,0.6293576344847679,0.13583667185157539,,0.7663717642426491,,0.7881798148155212,0.0001,1,2700.138355875672,0.40839433670043945,,,,,,,,,,,,,,,,,,,,,,,,,,,,,,,,,,,,,,,,,,,,,,,,,,,,,
flow,1000,,,,,,,,,,,,,,0.008953859942266718,0.5785990431904793,0.1019665221683681,,0.6814609505236149,,0.5235687429085374,0.18965716287493706,0.0,,,,,,,,,,,,,,,,,,,,,,,,,,,,,,,,,,,,,,,,,,,
flow,1000,,,,,,,,,,,,,,,,,,,,,,,0.5,10,20,0.2992949144298199,0.7007050855701801,77.58869674243033,1548.1638863217086,1586.0645291395485,0.3588314427912701,0.39525139370933177,0.356217714284475,665600,16,40,0.3,6,20,0.14547527396899385,0.5189767762289793,78.1359883248806,1563.2094737607986,1581.7625406198204,0.6031287465477362,0.479329876396805,0.4152740685794598,665600,16,40,0.2,4,20,0.0806563532712,0.41602172202575993,78.87034792080522,1569.1985975019634,1590.433821734041,1.1120201917306987,0.6979721394181252,0.4988448734466846,665600,16,40,0.3333333333333333
flow,1010,,0.011021624691784382,0.6090642541646958,0.1383747339248657,,0.7485411509871482,,0.8647876381874084,0.0001,1,4.971400836220644,0.40839433670043945,,,,,,,,,,,,,,,,,,,,,,,,,,,,,,,,,,,,,,,,,,,,,,,,,,,,,
flow,1020,,0.011280298279598356,0.6165543735027313,0.14021136481314897,,0.7578937739133835,,0.8189914226531982,0.0001,1,2909.0837698512664,0.40839433670043945,,,,,,,,,,,,,,,,,,,,,,,,,,,,,,,,,,,,,,,,,,,,,,,,,,,,,
flow,1030,,0.010778415040113032,0.6089240401983261,0.12485689697787165,,0.7348587766289711,,0.8361402750015259,0.0001,1,2762.2323008828657,0.40839433670043945,,,,,,,,,,,,,,,,,,,,,,,,,,,,,,,,,,,,,,,,,,,,,,,,,,,,,
flow,1040,,0.011039382556919008,0.600462282449007,0.13011700101196766,,0.7316832289099693,,0.7880997061729431,0.0001,1,3121.5387562587453,0.40839433670043945,,,,,,,,,,,,,,,,,,,,,,,,,,,,,,,,,,,,,,,,,,,,,,,,,,,,,
flow,1050,,0.011274364800192416,0.6021864175796509,0.13594009298831225,,0.7392539471387863,,0.9041717648506165,0.0001,1,3035.72655645629,0.40839433670043945,,,,,,,,,,,,,,,,,,,,,,,,,,,,,,,,,,,,,,,,,,,,,,,,,,,,,
flow,1060,,0.010676451784092933,0.5881500691175461,0.1288694864138961,,0.7180871993303299,,0.8194258213043213,0.0001,1,2993.9248191696156,0.40839433670043945,,,,,,,,,,,,,,,,,,,,,,,,,,,,,,,,,,,,,,,,,,,,,,,,,,,,,
flow,1070,,0.010162001149728895,0.5743636891245842,0.13735213298350574,,0.7127320230007171,,0.8151577115058899,0.0001,1,2882.1423560085163,0.40839433670043945,,,,,,,,,,,,,,,,,,,,,,,,,,,,,,,,,,,,,,,,,,,,,,,,,,,,,
flow,1080,,0.01140251054894179,0.5855378657579422,0.1286044018343091,,0.7152825236320496,,0.7912077903747559,0.0001,1,2797.6639725294012,0.40839433670043945,,,,,,,,,,,,,,,,,,,,,,,,,,,,,,,,,,,,,,,,,,,,,,,,,,,,,
flow,1090,,0.010920793819241225,0.5866834089159966,0.12991775488480925,,0.717693242430687,,0.8552178740501404,0.0001,1,2875.6492521637656,0.40839433670043945,,,,,,,,,,,,,,,,,,,,,,,,,,,,,,,,,,,,,,,,,,,,,,,,,,,,,
flow,1100,,0.011026109347585588,0.5806503497064114,0.1373951967805624,,0.7191481575369835,,0.800427258014679,0.0001,1,2906.018167817966,0.40839433670043945,,,,,,,,,,,,,,,,,,,,,,,,,,,,,,,,,,,,,,,,,,,,,,,,,,,,,
flow,1110,,0.010804426379036159,0.5668017625808716,0.14090020153671504,,0.7087824061512947,,0.8714914321899414,0.0001,1,2925.8285753947466,0.40839433670043945,,,,,,,,,,,,,,,,,,,,,,,,,,,,,,,,,,,,,,,,,,,,,,,,,,,,,
flow,1120,,0.011158487352076918,0.5624710358679295,0.1276101378723979,,0.6911970287561416,,0.8313500285148621,0.0001,1,2900.4411044847334,0.40839433670043945,,,,,,,,,,,,,,,,,,,,,,,,,,,,,,,,,,,,,,,,,,,,,,,,,,,,,
flow,1130,,0.011209408566355706,0.5470859311521054,0.1495961220934987,,0.697802996635437,,0.8701460361480713,0.0001,1,2664.6826134684843,0.40839433670043945,,,,,,,,,,,,,,,,,,,,,,,,,,,,,,,,,,,,,,,,,,,,,,,,,,,,,
flow,1140,,0.011192942608613522,0.5568250499665737,0.13748962841928006,,0.69543397128582,,0.8440688252449036,0.0001,1,2732.9911697782836,0.40839433670043945,,,,,,,,,,,,,,,,,,,,,,,,,,,,,,,,,,,,,,,,,,,,,,,,,,,,,
flow,1150,,0.011492961551994085,0.5466284565627575,0.1388905592262745,,0.6866683110594749,,0.8523754477500916,0.0001,1,2696.4520446360384,0.40839433670043945,,,,,,,,,,,,,,,,,,,,,,,,,,,,,,,,,,,,,,,,,,,,,,,,,,,,,
flow,1160,,0.010618011187762021,0.5512375451624394,0.11683262158185244,,0.669131976366043,,0.8837524652481079,0.0001,1,2761.1086010983854,0.40839433670043945,,,,,,,,,,,,,,,,,,,,,,,,,,,,,,,,,,,,,,,,,,,,,,,,,,,,,
flow,1170,,0.010898019536398351,0.5568121053278446,0.12155013214796781,,0.6794520363211631,,0.9048629403114319,0.0001,1,2845.622194564522,0.40839433670043945,,,,,,,,,,,,,,,,,,,,,,,,,,,,,,,,,,,,,,,,,,,,,,,,,,,,,
flow,1180,,0.011063532310072333,0.5410534411668777,0.1329722123220563,,0.6751320064067841,,0.8990178108215332,0.0001,1,2836.22448777146,0.40839433670043945,,,,,,,,,,,,,,,,,,,,,,,,,,,,,,,,,,,,,,,,,,,,,,,,,,,,,
flow,1190,,0.010830445028841496,0.5447189077734947,0.1328644952736795,,0.6786664471030235,,0.9344725012779236,0.0001,1,2889.3299832827524,0.40839433670043945,,,,,,,,,,,,,,,,,,,,,,,,,,,,,,,,,,,,,,,,,,,,,,,,,,,,,
flow,1200,,0.010490332555491477,0.5339433692395688,0.12646697070449592,,0.6614593759179115,,0.8717423677444458,0.0001,1,2880.51988850442,0.40839433670043945,,,,,,,,,,,,,,,,,,,,,,,,,,,,,,,,,,,,,,,,,,,,,,,,,,,,,
flow,1210,,0.011036076210439205,0.5340883590281009,0.12160811414942145,,0.6568000823259353,,0.827728807926178,0.0001,1,2859.9573369524223,0.40839433670043945,,,,,,,,,,,,,,,,,,,,,,,,,,,,,,,,,,,,,,,,,,,,,,,,,,,,,
flow,1220,,0.010638739506248385,0.5334122151136398,0.12395444586873054,,0.6584305360913276,,0.9345530867576599,0.0001,1,3103.4330836497334,0.40839433670043945,,,,,,,,,,,,,,,,,,,,,,,,,,,,,,,,,,,,,,,,,,,,,,,,,,,,,
flow,1230,,0.010465130198281259,0.5290603592991829,0.1275395075790584,,0.6576463848352432,,0.938983142375946,0.0001,1,3130.149854195717,0.40839433670043945,,,,,,,,,,,,,,,,,,,,,,,,,,,,,,,,,,,,,,,,,,,,,,,,,,,,,
flow,1240,,0.01082463152706623,0.5156661868095398,0.1408728240057826,,0.6576214745640755,,0.9200048446655273,0.0001,1,2836.9033763374473,0.40839433670043945,,,,,,,,,,,,,,,,,,,,,,,,,,,,,,,,,,,,,,,,,,,,,,,,,,,,,
flow,1250,,0.010034175147302449,0.512590205669403,0.11998462900519372,,0.6335782542824745,,0.795941948890686,0.0001,1,2634.817146687779,0.40839433670043945,,,,,,,,,,,,,,,,,,,,,,,,,,,,,,,,,,,,,,,,,,,,,,,,,,,,,
flow,1260,,0.01010271841660142,0.5000863149762154,0.12089378591626883,,0.6219903774559498,,0.8520731925964355,0.0001,1,2903.009140416926,0.40839433670043945,,,,,,,,,,,,,,,,,,,,,,,,,,,,,,,,,,,,,,,,,,,,,,,,,,,,,
flow,1270,,0.011067497718613595,0.5164269253611564,0.12202655980363489,,0.6395602375268936,,0.8400600552558899,0.0001,1,3083.4718996718193,0.40839433670043945,,,,,,,,,,,,,,,,,,,,,,,,,,,,,,,,,,,,,,,,,,,,,,,,,,,,,
flow,1280,,0.010576536518055946,0.5173874191939831,0.12878128783777357,,0.6472263604402542,,0.9004189968109131,0.0001,1,3139.302642280519,0.40839433670043945,,,,,,,,,,,,,,,,,,,,,,,,,,,,,,,,,,,,,,,,,,,,,,,,,,,,,
flow,1290,,0.010455017536878585,0.49852349385619166,0.118710676766932,,0.6182796761393548,,0.8362433910369873,0.0001,1,3091.2727512794286,0.40839433670043945,,,,,,,,,,,,,,,,,,,,,,,,,,,,,,,,,,,,,,,,,,,,,,,,,,,,,
flow,1300,,0.010218593187164515,0.5016915075480938,0.12239148523658513,,0.6251048490405082,,0.9484994411468506,0.0001,1,3069.395968378442,0.40839433670043945,,,,,,,,,,,,,,,,,,,,,,,,,,,,,,,,,,,,,,,,,,,,,,,,,,,,,
flow,1310,,0.010924322437494994,0.5099851943552494,0.12924426812678574,,0.6403218984603882,,0.8691449761390686,0.0001,1,3023.4781570012738,0.40839433670043945,,,,,,,,,,,,,,,,,,,,,,,,,,,,,,,,,,,,,,,,,,,,,,,,,,,,,
flow,1320,,0.0107486855937168,0.4917882069945335,0.12434531962499022,,0.6172083973884582,,0.8496589064598083,0.0001,1,3120.4889977903845,0.40839433670043945,,,,,,,,,,,,,,,,,,,,,,,,,,,,,,,,,,,,,,,,,,,,,,,,,,,,,
flow,1330,,0.01063813982764259,0.4936754621565342,0.12286569382995367,,0.617604973167181,,0.8582643270492554,0.0001,1,3133.243728628369,0.40839433670043945,,,,,,,,,,,,,,,,,,,,,,,,,,,,,,,,,,,,,,,,,,,,,,,,,,,,,
flow,1340,,0.01106729891616851,0.5025693699717522,0.13292321544140578,,0.6365993157029152,,0.8754820227622986,0.0001,1,3176.72639005524,0.40839433670043945,,,,,,,,,,,,,,,,,,,,,,,,,,,,,,,,,,,,,,,,,,,,,,,,,,,,,
flow,1350,,0.010516766656655819,0.5004550740122795,0.12282222164794802,,0.6243289738893509,,0.939275324344635,0.0001,1,3103.657233820852,0.40839433670043945,,,,,,,,,,,,,,,,,,,,,,,,,,,,,,,,,,,,,,,,,,,,,,,,,,,,,
flow,1360,,0.010310375271365047,0.49839573353528976,0.12927804198116064,,0.6287048161029816,,0.9161968231201172,0.0001,1,3129.2561782025878,0.40839433670043945,,,,,,,,,,,,,,,,,,,,,,,,,,,,,,,,,,,,,,,,,,,,,,,,,,,,,
flow,1370,,0.010642080963589252,0.4813090406358242,0.12788506373763084,,0.6102583147585392,,0.9085793495178223,0.0001,1,3085.4973598973393,0.40839433670043945,,,,,,,,,,,,,,,,,,,,,,,,,,,,,,,,,,,,,,,,,,,,,,,,,,,,,
flow,1380,,0.010902765719220043,0.4890555068850517,0.12884191339835524,,0.6189876973628998,,0.8796595335006714,0.0001,1,3075.6675630628993,0.40839433670043945,,,,,,,,,,,,,,,,,,,,,,,,,,,,,,,,,,,,,,,,,,,,,,,,,,,,,
flow,1390,,0.010823158174753189,0.4813651993870735,0.13483448317274452,,0.6172819986939431,,0.8697013854980469,0.0001,1,2816.931943414424,0.40839433670043945,,,,,,,,,,,,,,,,,,,,,,,,,,,,,,,,,,,,,,,,,,,,,,,,,,,,,
flow,1400,,0.010480546834878623,0.4735398717224598,0.12655281592160464,,0.6011407405138016,,0.8068826794624329,0.0001,1,2971.1362823247077,0.40839433670043945,,,,,,,,,,,,,,,,,,,,,,,,,,,,,,,,,,,,,,,,,,,,,,,,,,,,,
flow,1410,,0.010807374119758606,0.47974966987967493,0.1330680875107646,,0.613898491859436,,0.945902407169342,0.0001,1,2895.260562079009,0.40839433670043945,,,,,,,,,,,,,,,,,,,,,,,,,,,,,,,,,,,,,,,,,,,,,,,,,,,,,
flow,1420,,0.010167505568824708,0.4672715291380882,0.12509312927722932,,0.5933814063668251,,0.9269160032272339,0.0001,1,2955.580085910146,0.40839433670043945,,,,,,,,,,,,,,,,,,,,,,,,,,,,,,,,,,,,,,,,,,,,,,,,,,,,,
flow,1430,,0.010056665353477,0.4673174828290939,0.12071079518646002,,0.5890339434146881,,0.9516550898551941,0.0001,1,3032.1156500072852,0.40839433670043945,,,,,,,,,,,,,,,,,,,,,,,,,,,,,,,,,,,,,,,,,,,,,,,,,,,,,
flow,1440,,0.010320942429825664,0.48424463495612147,0.1254165679216385,,0.6106932982802391,,0.939820408821106,0.0001,1,2987.0274884253977,0.40839433670043945,,,,,,,,,,,,,,,,,,,,,,,,,,,,,,,,,,,,,,,,,,,,,,,,,,,,,
flow,1450,,0.010155167093034833,0.4635191522538662,0.11776982368901372,,0.5823045015335083,,0.9300562739372253,0.0001,1,2930.5647059946355,0.40839433670043945,,,,,,,,,,,,,,,,,,,,,,,,,,,,,,,,,,,,,,,,,,,,,,,,,,,,,
flow,1460,,0.010361727559939027,0.45394171103835107,0.12604812122881412,,0.5810260072350502,,0.9307643175125122,0.0001,1,2950.3696111402132,0.40839433670043945,,,,,,,,,,,,,,,,,,,,,,,,,,,,,,,,,,,,,,,,,,,,,,,,,,,,,
flow,1470,,0.010140932397916913,0.4704838961362839,0.11546637862920761,,0.5869643688201904,,0.9475829601287842,0.0001,1,2942.59541143884,0.40839433670043945,,,,,,,,,,,,,,,,,,,,,,,,,,,,,,,,,,,,,,,,,,,,,,,,,,,,,
flow,1480,,0.010065773595124483,0.4639250561594963,0.1251748776063323,,0.5901065059006214,,0.9958994388580322,0.0001,1,3086.205052204643,0.40839433670043945,,,,,,,,,,,,,,,,,,,,,,,,,,,,,,,,,,,,,,,,,,,,,,,,,,,,,
flow,1490,,0.010534038615878672,0.45510619655251505,0.12376828240230679,,0.5799278825521469,,0.9086024761199951,0.0001,1,3048.2181588023304,0.40839433670043945,,,,,,,,,,,,,,,,,,,,,,,,,,,,,,,,,,,,,,,,,,,,,,,,,,,,,
flow,1500,,0.009745828155428172,0.4633300594985485,0.12236341778188944,,0.5866680614650249,,1.0156922340393066,0.0001,1,3047.1998999950333,0.40839433670043945,,,,,,,,,,,,,,,,,,,,,,,,,,,,,,,,,,,,,,,,,,,,,,,,,,,,,
flow,1500,,,,,,,,,,,,,,0.008499209594447166,0.41870787367224693,0.08859145338647068,,0.5081492401659489,,0.36658268980681896,0.11764511023648083,0.0,,,,,,,,,,,,,,,,,,,,,,,,,,,,,,,,,,,,,,,,,,,
flow,1510,,0.010136839735787362,0.464562501758337,0.11992051508277654,,0.5854966975748539,,0.9351227879524231,0.0001,1,726.9212260801189,0.40839433670043945,,,,,,,,,,,,,,,,,,,,,,,,,,,,,,,,,,,,,,,,,,,,,,,,,,,,,
flow,1520,,0.01106069611851126,0.4550250209867954,0.13063478991389274,,0.5867658801376819,,0.8900960683822632,0.0001,1,3169.543894594447,0.40839433670043945,,,,,,,,,,,,,,,,,,,,,,,,,,,,,,,,,,,,,,,,,,,,,,,,,,,,,
flow,1530,,0.010194482700899243,0.45404918417334555,0.12140258625149727,,0.5764712236821652,,0.9144639372825623,0.0001,1,3094.3337677561267,0.40839433670043945,,,,,,,,,,,,,,,,,,,,,,,,,,,,,,,,,,,,,,,,,,,,,,,,,,,,,
flow,1540,,0.010934572713449598,0.4607226476073265,0.12085790513083339,,0.5826740123331546,,0.8992331624031067,0.0001,1,3148.332311094912,0.40839433670043945,,,,,,,,,,,,,,,,,,,,,,,,,,,,,,,,,,,,,,,,,,,,,,,,,,,,,
flow,1550,,0.009767883701715618,0.4498466558754444,0.11953503796830774,,0.5703584767878056,,1.0232832431793213,0.0001,1,3117.0664277042692,0.40839433670043945,,,,,,,,,,,,,,,,,,,,,,,,,,,,,,,,,,,,,,,,,,,,,,,,,,,,,
flow,1560,,0.009983011544682086,0.45761060938239095,0.11429618801921607,,0.5729050986468792,,0.9239174127578735,0.0001,1,3107.9510906623777,0.40839433670043945,,,,,,,,,,,,,,,,,,,,,,,,,,,,,,,,,,,,,,,,,,,,,,,,,,,,,
flow,1570,,0.010124776442535222,0.44048532992601397,0.11764156483113766,,0.5591393709182739,,0.898403525352478,0.0001,1,2884.0033655803345,0.40839433670043945,,,,,,,,,,,,,,,,,,,,,,,,,,,,,,,,,,,,,,,,,,,,,,,,,,,,,
flow,1580,,0.010209406143985689,0.441134075820446,0.12406894601881505,,0.5662239618599415,,0.9355019330978394,0.0001,1,3008.148964951182,0.40839433670043945,,,,,,,,,,,,,,,,,,,,,,,,,,,,,,,,,,,,,,,,,,,,,,,,,,,,,
flow,1590,,0.01038002026034519,0.4430812507867813,0.12872876599431038,,0.5728480190038681,,0.9784498810768127,0.0001,1,2890.935454856357,0.40839433670043945,,,,,,,,,,,,,,,,,,,,,,,,,,,,,,,,,,,,,,,,,,,,,,,,,,,,,
flow,1600,,0.010340704792179167,0.45241518691182137,0.12486091218888759,,0.5783101737499237,,0.9258348941802979,0.0001,1,2764.4385078113482,0.40839433670043945,,,,,,,,,,,,,,,,,,,,,,,,,,,,,,,,,,,,,,,,,,,,,,,,,,,,,
flow,1610,,0.009564008819870651,0.4376386724412441,0.10790845518931746,,0.5465035267174244,,0.9559086561203003,0.0001,1,3066.5865172418466,0.40839433670043945,,,,,,,,,,,,,,,,,,,,,,,,,,,,,,,,,,,,,,,,,,,,,,,,,,,,,
flow,1620,,0.009996979625429957,0.4325136601924896,0.12188325729221106,,0.555396618694067,,0.9178597927093506,0.0001,1,2840.0509102012998,0.40839433670043945,,,,,,,,,,,,,,,,,,,,,,,,,,,,,,,,,,,,,,,,,,,,,,,,,,,,,
flow,1630,,0.011411341454368085,0.4442226603627205,0.12232282627373933,,0.5676866203546524,,0.9391693472862244,0.0001,1,2801.284108956123,0.40839433670043945,,,,,,,,,,,,,,,,,,,,,,,,,,,,,,,,,,,,,,,,,,,,,,,,,,,,,
flow,1640,,0.0105646395473741,0.43355143666267393,0.1320238902233541,,0.5666317924857139,,0.8924001455307007,0.0001,1,2771.2831411662496,0.40839433670043945,,,,,,,,,,,,,,,,,,,,,,,,,,,,,,,,,,,,,,,,,,,,,,,,,,,,,
flow,1650,,0.009903665957972407,0.4285124123096466,0.11660586968064308,,0.5461086504161358,,0.8605139851570129,0.0001,1,2830.934020320675,0.40839433670043945,,,,,,,,,,,,,,,,,,,,,,,,,,,,,,,,,,,,,,,,,,,,,,,,,,,,,
flow,1660,,0.01014622908551246,0.4480501964688301,0.11993182748556137,,0.5689966477453708,,0.8979528546333313,0.0001,1,3074.484730577456,0.40839433670043945,,,,,,,,,,,,,,,,,,,,,,,,,,,,,,,,,,,,,,,,,,,,,,,,,,,,,
flow,1670,,0.010307818290311844,0.44903753101825716,0.12599662654101848,,0.5760649412870407,,1.0169782638549805,0.0001,1,2844.5972218562847,0.40839433670043945,,,,,,,,,,,,,,,,,,,,,,,,,,,,,,,,,,,,,,,,,,,,,,,,,,,,,
flow,1680,,0.009797535976395011,0.4373827829957008,0.11564708920195699,,0.5540096297860145,,0.9141373038291931,0.0001,1,3042.238681848504,0.40839433670043945,,,,,,,,,,,,,,,,,,,,,,,,,,,,,,,,,,,,,,,,,,,,,,,,,,,,,
flow,1690,,0.009604970552027225,0.4231091856956482,0.12153449188917875,,0.5456041768193245,,1.0456150770187378,0.0001,1,2996.225831376376,0.40839433670043945,,,,,,,,,,,,,,,,,,,,,,,,,,,,,,,,,,,,,,,,,,,,,,,,,,,,,
flow,1700,,0.010182558081578464,0.44069539532065394,0.12419165670871735,,0.5659053146839141,,0.9104663133621216,0.0001,1,2692.306982784047,0.40839433670043945,,,,,,,,,,,,,,,,,,,,,,,,,,,,,,,,,,,,,,,,,,,,,,,,,,,,,
flow,1710,,0.010526372992899269,0.4348097421228886,0.11812707390636205,,0.5539894521236419,,0.9443955421447754,0.0001,1,2943.434415490039,0.40839433670043945,,,,,,,,,,,,,,,,,,,,,,,,,,,,,,,,,,,,,,,,,,,,,,,,,,,,,
flow,1720,,0.010556943062692881,0.4251850187778473,0.12068784404546022,,0.5469285599887371,,0.9004552364349365,0.0001,1,2694.550285680773,0.40839433670043945,,,,,,,,,,,,,,,,,,,,,,,,,,,,,,,,,,,,,,,,,,,,,,,,,,,,,
flow,1730,,0.009534118860028685,0.42406850680708885,0.11190174026414752,,0.5369236566126346,,0.9650858640670776,0.0001,1,2799.9991287014363,0.40839433670043945,,,,,,,,,,,,,,,,,,,,,,,,,,,,,,,,,,,,,,,,,,,,,,,,,,,,,
flow,1740,,0.010078852181322873,0.42174500674009324,0.11091582570225,,0.5336687192320824,,0.9108647704124451,0.0001,1,2967.809090374314,0.40839433670043945,,,,,,,,,,,,,,,,,,,,,,,,,,,,,,,,,,,,,,,,,,,,,,,,,,,,,
flow,1750,,0.010216942080296576,0.42490519881248473,0.11736429324373603,,0.5432911843061448,,0.9273761510848999,0.0001,1,2869.877487496842,0.40839433670043945,,,,,,,,,,,,,,,,,,,,,,,,,,,,,,,,,,,,,,,,,,,,,,,,,,,,,
flow,1760,,0.009786660084500909,0.4340634286403656,0.12359832255169749,,0.558640418201685,,0.9035733342170715,0.0001,1,2833.2698860479613,0.40839433670043945,,,,,,,,,,,,,,,,,,,,,,,,,,,,,,,,,,,,,,,,,,,,,,,,,,,,,
flow,1770,,0.010272845078725367,0.4250740006566048,0.12757985908538103,,0.5536811426281929,,1.0702704191207886,0.0001,1,2825.534197313876,0.40839433670043945,,,,,,,,,,,,,,,,,,,,,,,,,,,,,,,,,,,,,,,,,,,,,,,,,,,,,
flow,1780,,0.009349238267168403,0.41355674564838407,0.11733646793290972,,0.5318281345069409,,0.9268391728401184,0.0001,1,2981.236320827895,0.40839433670043945,,,,,,,,,,,,,,,,,,,,,,,,,,,,,,,,,,,,,,,,,,,,,,,,,,,,,
flow,1790,,0.009873066400177776,0.4245387077331543,0.11629864731803537,,0.5418246626853943,,0.9841283559799194,0.0001,1,3021.8205483479887,0.40839433670043945,,,,,,,,,,,,,,,,,,,,,,,,,,,,,,,,,,,,,,,,,,,,,,,,,,,,,
flow,1800,,0.009719350480008871,0.40368550941348075,0.1172110834158957,,0.5218685291707515,,0.9715988636016846,0.0001,1,3033.5849607626724,0.40839433670043945,,,,,,,,,,,,,,,,,,,,,,,,,,,,,,,,,,,,,,,,,,,,,,,,,,,,,
flow,1810,,0.009506752423476428,0.40569221377372744,0.11438544765114785,,0.521028333902359,,0.9740933775901794,0.0001,1,2993.0000954265593,0.40839433670043945,,,,,,,,,,,,,,,,,,,,,,,,,,,,,,,,,,,,,,,,,,,,,,,,,,,,,
flow,1820,,0.009568856249097734,0.41421880275011064,0.11876359386369587,,0.5339392840862274,,0.9750260710716248,0.0001,1,2916.477184151413,0.40839433670043945,,,,,,,,,,,,,,,,,,,,,,,,,,,,,,,,,,,,,,,,,,,,,,,,,,,,,
flow,1830,,0.009680410544387997,0.40764313489198684,0.11798635078594089,,0.5265975266695022,,0.9821999073028564,0.0001,1,2940.8099981043356,0.40839433670043945,,,,,,,,,,,,,,,,,,,,,,,,,,,,,,,,,,,,,,,,,,,,,,,,,,,,,
flow,1840,,0.009886564430780708,0.40571842193603513,0.12335366532206535,,0.5300607427954673,,0.9646151661872864,0.0001,1,2973.4824115726565,0.40839433670043945,,,,,,,,,,,,,,,,,,,,,,,,,,,,,,,,,,,,,,,,,,,,,,,,,,,,,
flow,1850,,0.010359804367180914,0.40453387051820755,0.11342133870348334,,0.5189911909401417,,0.9634000658988953,0.0001,1,3073.3539381399446,0.40839433670043945,,,,,,,,,,,,,,,,,,,,,,,,,,,,,,,,,,,,,,,,,,,,,,,,,,,,,
flow,1860,,0.009668176190461963,0.4130347788333893,0.1209102351218462,,0.5349118292331696,,0.9643273949623108,0.0001,1,3080.4580776452226,0.40839433670043945,,,,,,,,,,,,,,,,,,,,,,,,,,,,,,,,,,,,,,,,,,,,,,,,,,,,,
flow,1870,,0.01008195502217859,0.41046317145228384,0.11479614097625017,,0.5262675046920776,,0.9970231652259827,0.0001,1,2966.588334496709,0.40839433670043945,,,,,,,,,,,,,,,,,,,,,,,,,,,,,,,,,,,,,,,,,,,,,,,,,,,,,
flow,1880,,0.010102405329234898,0.3980999536812305,0.1222242321819067,,0.521334421634674,,0.8307749032974243,0.0001,1,2924.240220095178,0.40839433670043945,,,,,,,,,,,,,,,,,,,,,,,,,,,,,,,,,,,,,,,,,,,,,,,,,,,,,
flow,1890,,0.009657458029687404,0.41335138082504275,0.11543475855141878,,0.5297518834471703,,0.9203653335571289,0.0001,1,2986.2967236829304,0.40839433670043945,,,,,,,,,,,,,,,,,,,,,,,,,,,,,,,,,,,,,,,,,,,,,,,,,,,,,
flow,1900,,0.010047884087543934,0.4222893103957176,0.10960301179438829,,0.532897113263607,,0.9756804704666138,0.0001,1,3077.5951176931585,0.40839433670043945,,,,,,,,,,,,,,,,,,,,,,,,,,,,,,,,,,,,,,,,,,,,,,,,,,,,,
flow,1910,,0.009836278483271598,0.4130472958087921,0.11494407011196017,,0.5289749898016453,,0.9393879771232605,0.0001,1,3029.9969929960944,0.40839433670043945,,,,,,,,,,,,,,,,,,,,,,,,,,,,,,,,,,,,,,,,,,,,,,,,,,,,,
flow,1920,,0.010309987224172801,0.41369776502251626,0.11210694974288345,,0.5268357150256634,,1.0082637071609497,0.0001,1,3062.7611530625873,0.40839433670043945,,,,,,,,,,,,,,,,,,,,,,,,,,,,,,,,,,,,,,,,,,,,,,,,,,,,,
flow,1930,,0.010552267881575973,0.40662803649902346,0.11276846127584576,,0.5204517260193825,,0.9518089890480042,0.0001,1,3122.8276277955024,0.40839433670043945,,,,,,,,,,,,,,,,,,,,,,,,,,,,,,,,,,,,,,,,,,,,,,,,,,,,,
flow,1940,,0.009216956107411533,0.3968229226768017,0.1214737905189395,,0.519218410551548,,0.9206477999687195,0.0001,1,2979.6907913338086,0.40839433670043945,,,,,,,,,,,,,,,,,,,,,,,,,,,,,,,,,,,,,,,,,,,,,,,,,,,,,
flow,1950,,0.009840702707879245,0.41031921952962874,0.12156035816296935,,0.5328636460006237,,0.9624789953231812,0.0001,1,2844.2933174653226,0.40839433670043945,,,,,,,,,,,,,,,,,,,,,,,,,,,,,,,,,,,,,,,,,,,,,,,,,,,,,
flow,1960,,0.009826568514108657,0.4018561437726021,0.11476490581408143,,0.5176037110388279,,1.02564537525177,0.0001,1,2901.2633432954267,0.40839433670043945,,,,,,,,,,,,,,,,,,,,,,,,,,,,,,,,,,,,,,,,,,,,,,,,,,,,,
flow,1970,,0.009808838018216193,0.39759835228323936,0.11906525772064924,,0.5176444932818413,,0.9741678237915039,0.0001,1,2841.529654860557,0.40839433670043945,,,,,,,,,,,,,,,,,,,,,,,,,,,,,,,,,,,,,,,,,,,,,,,,,,,,,
flow,1980,,0.010459917457774281,0.4039744570851326,0.11902135796844959,,0.5240418039262295,,1.021798849105835,0.0001,1,2859.5670586668325,0.40839433670043945,,,,,,,,,,,,,,,,,,,,,,,,,,,,,,,,,,,,,,,,,,,,,,,,,,,,,
flow,1990,,0.009354558086488395,0.39454895406961443,0.11256411084905267,,0.5080485254526138,,0.9923393726348877,0.0001,1,2673.521783921772,0.40839433670043945,,,,,,,,,,,,,,,,,,,,,,,,,,,,,,,,,,,,,,,,,,,,,,,,,,,,,
flow,2000,,0.009333150612656027,0.3899474710226059,0.11674042996019125,,0.5076212160289287,,0.9691534638404846,0.0001,1,2897.9596204121362,0.40839433670043945,,,,,,,,,,,,,,,,,,,,,,,,,,,,,,,,,,,,,,,,,,,,,,,,,,,,,
flow,2000,,,,,,,,,,,,,,0.007838128716684878,0.36513655818998814,0.08195245242677629,,0.4478728212416172,,0.32433756929822266,0.10630872962065041,0.0,,,,,,,,,,,,,,,,,,,,,,,,,,,,,,,,,,,,,,,,,,,
flow,2000,,,,,,,,,,,,,,,,,,,,,,,0.3,6,20,0.14547527396899385,0.5189767762289793,78.6025945879519,1571.9039656687528,1600.725257024169,0.10096722873859107,0.12246852185577155,0.1405236334945911,665600,16,40,0.15,3,20,0.05236779195949584,0.36042329588695743,78.72527773864567,1571.1669566109776,1598.1610760092735,0.364195696489187,0.2512001849897206,0.2078195558813138,665600,16,40,0.05,1,20,0.008881219432873136,0.23613589351256675,77.64904989674687,1548.8974359817803,1580.533992126584,0.7130726092075929,0.4269191940175369,0.2541282681031869,665600,16,40,0.16666666666666666
flow,2010,,0.009357825678307563,0.4008005581796169,0.11426265453919768,,0.5159989923238755,,1.0098950862884521,0.0001,1,4.996069715138253,0.40839433670043945,,,,,,,,,,,,,,,,,,,,,,,,,,,,,,,,,,,,,,,,,,,,,,,,,,,,,
flow,2020,,0.009663682943210006,0.40083109512925147,0.10436130110174417,,0.5061587661504745,,1.0300483703613281,0.0001,1,2998.3461471429855,0.40839433670043945,,,,,,,,,,,,,,,,,,,,,,,,,,,,,,,,,,,,,,,,,,,,,,,,,,,,,
flow,2030,,0.009278566029388457,0.40400015488266944,0.10248993868008256,,0.5074179470539093,,0.8610514998435974,0.0001,1,3049.2019880344887,0.40839433670043945,,,,,,,,,,,,,,,,,,,,,,,,,,,,,,,,,,,,,,,,,,,,,,,,,,,,,
flow,2040,,0.009448081930167973,0.3932583093643188,0.11232422580942511,,0.5065273448824883,,0.9670879244804382,0.0001,1,2962.855308846582,0.40839433670043945,,,,,,,,,,,,,,,,,,,,,,,,,,,,,,,,,,,,,,,,,,,,,,,,,,,,,
flow,2050,,0.009182837361004203,0.3931759908795357,0.10729004302993417,,0.5013843230903149,,0.9924605488777161,0.0001,1,2989.3471651955488,0.40839433670043945,,,,,,,,,,,,,,,,,,,,,,,,,,,,,,,,,,,,,,,,,,,,,,,,,,,,,
flow,2060,,0.009504178096540273,0.3981691598892212,0.12317364644259214,,0.5222932256758213,,0.9843101501464844,0.0001,1,2907.795298148906,0.40839433670043945,,,,,,,,,,,,,,,,,,,,,,,,,,,,,,,,,,,,,,,,,,,,,,,,,,,,,
flow,2070,,0.009696801216341555,0.3916547320783138,0.11190516240894795,,0.5045295774936676,,0.9329231977462769,0.0001,1,2866.7071811565866,0.40839433670043945,,,,,,,,,,,,,,,,,,,,,,,,,,,,,,,,,,,,,,,,,,,,,,,,,,,,,
flow,2080,,0.010090196935925633,0.38301958739757536,0.1054591841995716,,0.4894877873361111,,0.8990699648857117,0.0001,1,2989.7089898566956,0.40839433670043945,,,,,,,,,,,,,,,,,,,,,,,,,,,,,,,,,,,,,,,,,,,,,,,,,,,,,
flow,2090,,0.010088623571209609,0.3884251043200493,0.12421411853283644,,0.5136480867862702,,1.0216691493988037,0.0001,1,2667.582624003078,0.40839433670043945,,,,,,,,,,,,,,,,,,,,,,,,,,,,,,,,,,,,,,,,,,,,,,,,,,,,,
flow,2100,,0.009642559580970555,0.40546785965561866,0.10898255165666342,,0.5154146671295166,,0.9457003474235535,0.0001,1,3049.209510642075,0.40839433670043945,,,,,,,,,,,,,,,,,,,,,,,,,,,,,,,,,,,,,,,,,,,,,,,,,,,,,
flow,2110,,0.009681250702124089,0.38687544837594035,0.10873284758999943,,0.4965764209628105,,0.9395217895507812,0.0001,1,3012.292290399549,0.40839433670043945,,,,,,,,,,,,,,,,,,,,,,,,,,,,,,,,,,,,,,,,,,,,,,,,,,,,,
flow,2120,,0.009695805015508086,0.3968625389039516,0.1142206797376275,,0.5120528019964695,,0.955623984336853,0.0001,1,2925.6390026546715,0.40839433670043945,,,,,,,,,,,,,,,,,,,,,,,,,,,,,,,,,,,,,,,,,,,,,,,,,,,,,
flow,2130,,0.009364962158724666,0.3889977835118771,0.11690524807199835,,0.5068395346403122,,1.0607359409332275,0.0001,1,2889.769124948454,0.40839433670043945,,,,,,,,,,,,,,,,,,,,,,,,,,,,,,,,,,,,,,,,,,,,,,,,,,,,,
flow,2140,,0.010376419697422534,0.3940470054745674,0.11386615047231316,,0.5089507982134819,,0.9962945580482483,0.0001,1,2854.8740811681696,0.40839433670043945,,,,,,,,,,,,,,,,,,,,,,,,,,,,,,,,,,,,,,,,,,,,,,,,,,,,,
flow,2150,,0.009793037618510424,0.393295668810606,0.12302194312214851,,0.5172969192266464,,0.9465910792350769,0.0001,1,3040.599028763684,0.40839433670043945,,,,,,,,,,,,,,,,,,,,,,,,,,,,,,,,,,,,,,,,,,,,,,,,,,,,,
flow,2160,,0.009482238488271833,0.38830508962273597,0.10671020802110434,,0.4959635205566883,,0.9780066013336182,0.0001,1,3101.908790990652,0.40839433670043945,,,,,,,,,,,,,,,,,,,,,,,,,,,,,,,,,,,,,,,,,,,,,,,,,,,,,
flow,2170,,0.009453690866939724,0.37695055082440376,0.11399715719744563,,0.4918930806219578,,0.9918402433395386,0.0001,1,3110.6618895673937,0.40839433670043945,,,,,,,,,,,,,,,,,,,,,,,,,,,,,,,,,,,,,,,,,,,,,,,,,,,,,
flow,2180,,0.010237019590567798,0.389788955450058,0.11619922555983067,,0.5070118874311447,,1.0481698513031006,0.0001,1,3028.095651043407,0.40839433670043945,,,,,,,,,,,,,,,,,,,,,,,,,,,,,,,,,,,,,,,,,,,,,,,,,,,,,
flow,2190,,0.009702674311120063,0.3851340293884277,0.1245643574744463,,0.5106686554849148,,1.1137973070144653,0.0001,1,3043.3152321717785,0.40839433670043945,,,,,,,,,,,,,,,,,,,,,,,,,,,,,,,,,,,,,,,,,,,,,,,,,,,,,
flow,2200,,0.009473442391026765,0.37199396044015887,0.11425855234265328,,0.48719985857605935,,0.9213553071022034,0.0001,1,2956.014561390429,0.40839433670043945,,,,,,,,,,,,,,,,,,,,,,,,,,,,,,,,,,,,,,,,,,,,,,,,,,,,,
flow,2210,,0.010320814151782542,0.3713927067816257,0.11539033008739352,,0.4878151178359985,,0.9803751111030579,0.0001,1,3005.333209760368,0.40839433670043945,,,,,,,,,,,,,,,,,,,,,,,,,,,,,,,,,,,,,,,,,,,,,,,,,,,,,
flow,2220,,0.010071723919827491,0.37495737671852114,0.1198198446072638,,0.4957843892276287,,1.082151174545288,0.0001,1,3045.803162248546,0.40839433670043945,,,,,,,,,,,,,,,,,,,,,,,,,,,,,,,,,,,,,,,,,,,,,,,,,,,,,
flow,2230,,0.009720161464065314,0.3848018817603588,0.11189076472073793,,0.49766466617584226,,1.008438229560852,0.0001,1,2882.590270373338,0.40839433670043945,,,,,,,,,,,,,,,,,,,,,,,,,,,,,,,,,,,,,,,,,,,,,,,,,,,,,
flow,2240,,0.00904264672426507,0.37399636432528494,0.11347745256498457,,0.4883780799806118,,1.0225331783294678,0.0001,1,2839.1668183386305,0.40839433670043945,,,,,,,,,,,,,,,,,,,,,,,,,,,,,,,,,,,,,,,,,,,,,,,,,,,,,
flow,2250,,0.009416329604573549,0.3732668958604336,0.11440239576622843,,0.4886109307408333,,1.0459758043289185,0.0001,1,2919.835990815754,0.40839433670043945,,,,,,,,,,,,,,,,,,,,,,,,,,,,,,,,,,,,,,,,,,,,,,,,,,,,,
flow,2260,,0.010179551993496716,0.38087151795625684,0.11351421922445297,,0.4954036958515644,,0.9813090562820435,0.0001,1,2844.2103943511597,0.40839433670043945,,,,,,,,,,,,,,,,,,,,,,,,,,,,,,,,,,,,,,,,,,,,,,,,,,,,,
flow,2270,,0.009471369080711157,0.3641977347433567,0.10725693693384528,,0.4724018111824989,,0.9351177215576172,0.0001,1,2759.9698751331844,0.40839433670043945,,,,,,,,,,,,,,,,,,,,,,,,,,,,,,,,,,,,,,,,,,,,,,,,,,,,,
flow,2280,,0.009818154107779264,0.3621577888727188,0.11445431541651488,,0.47759392485022545,,1.0442309379577637,0.0001,1,2642.203010284965,0.40839433670043945,,,,,,,,,,,,,,,,,,,,,,,,,,,,,,,,,,,,,,,,,,,,,,,,,,,,,
flow,2290,,0.010275685484521091,0.376399702578783,0.11169773223809898,,0.4891250029206276,,0.8971914649009705,0.0001,1,2756.3175649042023,0.40839433670043945,,,,,,,,,,,,,,,,,,,,,,,,,,,,,,,,,,,,,,,,,,,,,,,,,,,,,
flow,2300,,0.009386733174324036,0.3803767874836922,0.11195385828614235,,0.49326932057738304,,1.000945806503296,0.0001,1,2891.98492252685,0.40839433670043945,,,,,,,,,,,,,,,,,,,,,,,,,,,,,,,,,,,,,,,,,,,,,,,,,,,,,
flow,2310,,0.0092932315194048,0.37154778018593787,0.10876246895641088,,0.4812395751476288,,0.992965579032898,0.0001,1,2906.7568019673986,0.40839433670043945,,,,,,,,,,,,,,,,,,,,,,,,,,,,,,,,,,,,,,,,,,,,,,,,,,,,,
flow,2320,,0.00953833453822881,0.37390332072973254,0.11226555854082107,,0.4871227085590363,,0.9917319416999817,0.0001,1,2632.12488436823,0.40839433670043945,,,,,,,,,,,,,,,,,,,,,,,,,,,,,,,,,,,,,,,,,,,,,,,,,,,,,
flow,2330,,0.009907530632335692,0.3592143081128597,0.10862451745197177,,0.4688295781612396,,0.8897862434387207,0.0001,1,2728.4678743728227,0.40839433670043945,,,,,,,,,,,,,,,,,,,,,,,,,,,,,,,,,,,,,,,,,,,,,,,,,,,,,
flow,2340,,0.009607856348156928,0.3669527530670166,0.11210966696962714,,0.4800232067704201,,0.9684405326843262,0.0001,1,2745.393987671625,0.40839433670043945,,,,,,,,,,,,,,,,,,,,,,,,,,,,,,,,,,,,,,,,,,,,,,,,,,,,,
flow,2350,,0.009673731680959464,0.36414219811558723,0.10143278697505594,,0.466542362421751,,1.0354175567626953,0.0001,1,2851.341752437612,0.40839433670043945,,,,,,,,,,,,,,,,,,,,,,,,,,,,,,,,,,,,,,,,,,,,,,,,,,,,,
flow,2360,,0.009615260828286409,0.3648664832115173,0.11704407799988985,,0.4828720897436142,,1.0926196575164795,0.0001,1,2940.9265148836603,0.40839433670043945,,,,,,,,,,,,,,,,,,,,,,,,,,,,,,,,,,,,,,,,,,,,,,,,,,,,,
flow,2370,,0.008942977909464389,0.36419503912329676,0.10891251098364592,,0.4740018494427204,,0.9061621427536011,0.0001,1,2831.320720972471,0.40839433670043945,,,,,,,,,,,,,,,,,,,,,,,,,,,,,,,,,,,,,,,,,,,,,,,,,,,,,
flow,2380,,0.009593065828084946,0.3723886102437973,0.12254139659926296,,0.495889313519001,,0.9707738757133484,0.0001,1,2835.0497700242263,0.40839433670043945,,,,,,,,,,,,,,,,,,,,,,,,,,,,,,,,,,,,,,,,,,,,,,,,,,,,,
flow,2383,,,,,,,,,,,,,,,,,,,,,,,0.4,8,20,0.21880396741419272,0.613422057684794,79.04163786955178,1574.7476217336953,1610.249614622444,0.10179616843000985,0.11618713366799056,0.13445421368934404,665600,16,40,0.35,7,20,0.18118954786794464,0.5671494897805354,79.29535517841578,1586.5503552835435,1605.939853750169,0.33518232106463985,0.22518897737376392,0.20261586024306524,665600,16,40,0.2,4,20,0.0806563532712,0.41602172202575993,78.50804735533893,1568.2084889616817,1590.524946153164,0.5779751635226421,0.3774919181317091,0.2515082313511998,665600,16,40,0.31666666666666665
flow,2390,,0.009574977192096412,0.369978579133749,0.10999866481870413,,0.48093474060297015,,1.1391760110855103,0.0001,2,4.972403990108295,0.40839433670043945,,,,,,,,,,,,,,,,,,,,,,,,,,,,,,,,,,,,,,,,,,,,,,,,,,,,,
flow,2400,,0.00990072136046365,0.3560011699795723,0.11352683920413256,,0.47051807790994643,,1.012678623199463,0.0001,2,2747.1727425939503,0.40839433670043945,,,,,,,,,,,,,,,,,,,,,,,,,,,,,,,,,,,,,,,,,,,,,,,,,,,,,
flow,2410,,0.01028911384055391,0.3678305968642235,0.11367876138538122,,0.48253827095031737,,0.9774529933929443,0.0001,2,2878.202004677935,0.40839433670043945,,,,,,,,,,,,,,,,,,,,,,,,,,,,,,,,,,,,,,,,,,,,,,,,,,,,,
flow,2420,,0.009509627695661039,0.36578728035092356,0.11152663491666318,,0.4782648764550686,,1.0942301750183105,0.0001,2,3088.9673529130496,0.40839433670043945,,,,,,,,,,,,,,,,,,,,,,,,,,,,,,,,,,,,,,,,,,,,,,,,,,,,,
flow,2430,,0.009457746415864676,0.3502219684422016,0.10303046265617014,,0.45419820472598077,,0.9463099241256714,0.0001,2,3014.827807140839,0.40839433670043945,,,,,,,,,,,,,,,,,,,,,,,,,,,,,,,,,,,,,,,,,,,,,,,,,,,,,
flow,2440,,0.008927280211355536,0.35459375828504563,0.10131397116929293,,0.4568004570901394,,0.9808119535446167,0.0001,2,3171.466256625078,0.40839433670043945,,,,,,,,,,,,,,,,,,,,,,,,,,,,,,,,,,,,,,,,,,,,,,,,,,,,,
flow,2450,,0.009748178627341985,0.37004705891013145,0.11517919264733792,,0.4862010695040226,,1.0229426622390747,0.0001,2,3113.3025802357574,0.40839433670043945,,,,,,,,,,,,,,,,,,,,,,,,,,,,,,,,,,,,,,,,,,,,,,,,,,,,,
flow,2460,,0.009526917326729745,0.364287918061018,0.11386032700538636,,0.4791009359061718,,0.928531289100647,0.0001,2,3121.7725210459357,0.40839433670043945,,,,,,,,,,,,,,,,,,,,,,,,,,,,,,,,,,,,,,,,,,,,,,,,,,,,,
flow,2470,,0.009146173787303268,0.3735340736806393,0.10588015085086226,,0.48032884374260904,,0.9915767312049866,0.0001,2,3110.5131758009666,0.40839433670043945,,,,,,,,,,,,,,,,,,,,,,,,,,,,,,,,,,,,,,,,,,,,,,,,,,,,,
flow,2480,,0.009537343273404986,0.36284688785672187,0.1106319827027619,,0.474432598054409,,0.9952194094657898,0.0001,2,2939.545734234519,0.40839433670043945,,,,,,,,,,,,,,,,,,,,,,,,,,,,,,,,,,,,,,,,,,,,,,,,,,,,,
flow,2490,,0.009595192479901015,0.3644430622458458,0.11621970683336258,,0.4816222876310349,,1.012904167175293,0.0001,2,2965.4607044422687,0.40839433670043945,,,,,,,,,,,,,,,,,,,,,,,,,,,,,,,,,,,,,,,,,,,,,,,,,,,,,
flow,2500,,0.009383945702575147,0.3568695232272148,0.110335264634341,,0.4681431859731674,,0.944936990737915,0.0001,2,2988.810513511566,0.40839433670043945,,,,,,,,,,,,,,,,,,,,,,,,,,,,,,,,,,,,,,,,,,,,,,,,,,,,,
flow,2500,,,,,,,,,,,,,,0.008007547934539616,0.33456122130155563,0.08111099037341774,,0.4164729677140713,,0.31488360883668065,0.11061310593504459,0.0,,,,,,,,,,,,,,,,,,,,,,,,,,,,,,,,,,,,,,,,,,,
flow,2510,,0.009737230034079402,0.3569930329918861,0.11532228589057922,,0.4732890471816063,,1.0146890878677368,0.0001,2,725.0218959018338,0.40839433670043945,,,,,,,,,,,,,,,,,,,,,,,,,,,,,,,,,,,,,,,,,,,,,,,,,,,,,
flow,2520,,0.00919823149451986,0.36111420318484305,0.10922222649678588,,0.47125625386834147,,1.0501787662506104,0.0001,2,2883.620146453099,0.40839433670043945,,,,,,,,,,,,,,,,,,,,,,,,,,,,,,,,,,,,,,,,,,,,,,,,,,,,,
flow,2530,,0.008707421354483814,0.3627202145755291,0.09944194713607431,,0.46303290203213693,,0.8978821039199829,0.0001,2,2925.022260942457,0.40839433670043945,,,,,,,,,,,,,,,,,,,,,,,,,,,,,,,,,,,,,,,,,,,,,,,,,,,,,
flow,2540,,0.009445731609594077,0.36516835913062096,0.10280668754130602,,0.4689196228981018,,1.0500571727752686,0.0001,2,2925.5775982628406,0.40839433670043945,,,,,,,,,,,,,,,,,,,,,,,,,,,,,,,,,,,,,,,,,,,,,,,,,,,,,
flow,2550,,0.009062665980309248,0.3569519676268101,0.10223991069942713,,0.46009814739227295,,0.974023163318634,0.0001,2,3096.1798205367163,0.40839433670043945,,,,,,,,,,,,,,,,,,,,,,,,,,,,,,,,,,,,,,,,,,,,,,,,,,,,,
flow,2560,,0.009259456733707339,0.3593081995844841,0.10165585372596979,,0.4618900023400784,,1.0125483274459839,0.0001,2,2895.956050447534,0.40839433670043945,,,,,,,,,,,,,,,,,,,,,,,,,,,,,,,,,,,,,,,,,,,,,,,,,,,,,
flow,2570,,0.009721504244953393,0.35939152240753175,0.11017280155792833,,0.4705364748835564,,1.049225926399231,0.0001,2,3045.5967659628886,0.40839433670043945,,,,,,,,,,,,,,,,,,,,,,,,,,,,,,,,,,,,,,,,,,,,,,,,,,,,,
flow,2580,,0.009347463480662555,0.35584861412644386,0.10418516555801034,,0.4609685279428959,,0.9944235682487488,0.0001,2,3068.779734210213,0.40839433670043945,,,,,,,,,,,,,,,,,,,,,,,,,,,,,,,,,,,,,,,,,,,,,,,,,,,,,
flow,2590,,0.009249496390111744,0.34517435878515246,0.11483060885220767,,0.4609299138188362,,1.0263276100158691,0.0001,2,2968.989405556745,0.40839433670043945,,,,,,,,,,,,,,,,,,,,,,,,,,,,,,,,,,,,,,,,,,,,,,,,,,,,,
flow,2600,,0.00967249992536381,0.35512383431196215,0.11198416762053967,,0.46807524710893633,,1.011972188949585,0.0001,2,2975.059037145289,0.40839433670043945,,,,,,,,,,,,,,,,,,,,,,,,,,,,,,,,,,,,,,,,,,,,,,,,,,,,,
flow,2610,,0.009631506190635264,0.35055878162384035,0.10923618748784066,,0.46075811982154846,,1.0265560150146484,0.0001,2,2967.92423146157,0.40839433670043945,,,,,,,,,,,,,,,,,,,,,,,,,,,,,,,,,,,,,,,,,,,,,,,,,,,,,
flow,2620,,0.009994920622557402,0.35010106712579725,0.11305642705410719,,0.4641569830477238,,1.057425618171692,0.0001,2,3003.263234500062,0.40839433670043945,,,,,,,,,,,,,,,,,,,,,,,,,,,,,,,,,,,,,,,,,,,,,,,,,,,,,
flow,2630,,0.009496269142255187,0.3540154829621315,0.11027893433347344,,0.46524404361844063,,1.0687346458435059,0.0001,2,3050.697199536312,0.40839433670043945,,,,,,,,,,,,,,,,,,,,,,,,,,,,,,,,,,,,,,,,,,,,,,,,,,,,,
flow,2640,,0.00937476335093379,0.35512880012393,0.12192631158977747,,0.4779925875365734,,0.989586591720581,0.0001,2,3015.0591697363257,0.40839433670043945,,,,,,,,,,,,,,,,,,,,,,,,,,,,,,,,,,,,,,,,,,,,,,,,,,,,,
flow,2650,,0.009488998691085725,0.33850314617156985,0.10775692099705339,,0.44720896780490876,,0.9790412187576294,0.0001,2,2960.346189792849,0.40839433670043945,,,,,,,,,,,,,,,,,,,,,,,,,,,,,,,,,,,,,,,,,,,,,,,,,,,,,
flow,2660,,0.009419744706247003,0.3553878590464592,0.10921028424054384,,0.46554011926054956,,1.0048282146453857,0.0001,2,2910.4561544975745,0.40839433670043945,,,,,,,,,,,,,,,,,,,,,,,,,,,,,,,,,,,,,,,,,,,,,,,,,,,,,
flow,2670,,0.009267236432060599,0.35492537915706635,0.09743951400741935,,0.4532916210591793,,0.9959591627120972,0.0001,2,2918.29028351716,0.40839433670043945,,,,,,,,,,,,,,,,,,,,,,,,,,,,,,,,,,,,,,,,,,,,,,,,,,,,,
flow,2680,,0.008729828451760114,0.35429575443267824,0.10792158553376793,,0.46309032291173935,,0.9297359585762024,0.0001,2,3090.555686233568,0.40839433670043945,,,,,,,,,,,,,,,,,,,,,,,,,,,,,,,,,,,,,,,,,,,,,,,,,,,,,
flow,2690,,0.008891739288810641,0.3485507644712925,0.10824009282514453,,0.45768003091216086,,0.9671732187271118,0.0001,2,3150.304319834973,0.40839433670043945,,,,,,,,,,,,,,,,,,,,,,,,,,,,,,,,,,,,,,,,,,,,,,,,,,,,,
flow,2700,,0.009295049635693432,0.33689549937844276,0.11515482300892473,,0.4529798239469528,,0.9715479612350464,0.0001,2,3063.316211975607,0.40839433670043945,,,,,,,,,,,,,,,,,,,,,,,,,,,,,,,,,,,,,,,,,,,,,,,,,,,,,
flow,2710,,0.00977642658399418,0.33426284343004226,0.10866076899692416,,0.4439012579619884,,1.0344212055206299,0.0001,2,3020.1936924910387,0.40839433670043945,,,,,,,,,,,,,,,,,,,,,,,,,,,,,,,,,,,,,,,,,,,,,,,,,,,,,
flow,2720,,0.0088850186788477,0.34355407804250715,0.0961536861024797,,0.44059627056121825,,1.0964078903198242,0.0001,2,3184.4764938431813,0.40839433670043945,,,,,,,,,,,,,,,,,,,,,,,,,,,,,,,,,,,,,,,,,,,,,,,,,,,,,
flow,2730,,0.009445970540400594,0.3683727793395519,0.1147065537981689,,0.4840239316225052,,0.9722681045532227,0.0001,2,3082.0493225830946,0.40839433670043945,,,,,,,,,,,,,,,,,,,,,,,,,,,,,,,,,,,,,,,,,,,,,,,,,,,,,
flow,2740,,0.008866976853460074,0.34895832985639574,0.09826585920527578,,0.4481108896434307,,1.0156645774841309,0.0001,2,3009.67692234296,0.40839433670043945,,,,,,,,,,,,,,,,,,,,,,,,,,,,,,,,,,,,,,,,,,,,,,,,,,,,,
flow,2750,,0.00982152009382844,0.35401503220200536,0.10534627651795744,,0.4603434644639492,,0.9584968090057373,0.0001,2,2992.5977251180598,0.40839433670043945,,,,,,,,,,,,,,,,,,,,,,,,,,,,,,,,,,,,,,,,,,,,,,,,,,,,,
flow,2760,,0.009471764066256582,0.3368669398128986,0.10552107412368059,,0.4433351919054985,,1.0758379697799683,0.0001,2,2813.9672086788783,0.40839433670043945,,,,,,,,,,,,,,,,,,,,,,,,,,,,,,,,,,,,,,,,,,,,,,,,,,,,,
flow,2770,,0.009207423648331315,0.3483202636241913,0.09957097871229052,,0.44881198555231094,,0.9767667055130005,0.0001,2,2719.2879779869586,0.40839433670043945,,,,,,,,,,,,,,,,,,,,,,,,,,,,,,,,,,,,,,,,,,,,,,,,,,,,,
flow,2780,,0.009245289815589785,0.34524517729878423,0.10674646152183413,,0.45291616544127467,,1.0021053552627563,0.0001,2,2812.77747526364,0.40839433670043945,,,,,,,,,,,,,,,,,,,,,,,,,,,,,,,,,,,,,,,,,,,,,,,,,,,,,
flow,2790,,0.009745150606613606,0.3482759051024914,0.11241026762872934,,0.46166068539023397,,0.934095025062561,0.0001,2,2963.28263635018,0.40839433670043945,,,,,,,,,,,,,,,,,,,,,,,,,,,,,,,,,,,,,,,,,,,,,,,,,,,,,
flow,2800,,0.009083327592816205,0.32917083874344827,0.09692666810005904,,0.4270058386027813,,1.0711851119995117,0.0001,2,3054.4378230822094,0.40839433670043945,,,,,,,,,,,,,,,,,,,,,,,,,,,,,,,,,,,,,,,,,,,,,,,,,,,,,
flow,2810,,0.009019283298403024,0.3456936925649643,0.10391455506905914,,0.45051017925143244,,0.9309365153312683,0.0001,2,3000.828222494295,0.40839433670043945,,,,,,,,,,,,,,,,,,,,,,,,,,,,,,,,,,,,,,,,,,,,,,,,,,,,,
flow,2820,,0.009281457180622964,0.3489429235458374,0.09846442686393857,,0.4483354948461056,,0.9064383506774902,0.0001,2,3008.626247905318,0.40839433670043945,,,,,,,,,,,,,,,,,,,,,,,,,,,,,,,,,,,,,,,,,,,,,,,,,,,,,
flow,2830,,0.009355983720161021,0.33974147513508796,0.10413140961900354,,0.4448084831237793,,1.0547908544540405,0.0001,2,2983.2357948165154,0.40839433670043945,,,,,,,,,,,,,,,,,,,,,,,,,,,,,,,,,,,,,,,,,,,,,,,,,,,,,
flow,2840,,0.008823051454965026,0.3398786298930645,0.10530021479353309,,0.44606115147471426,,0.9831008315086365,0.0001,2,2952.7840873631994,0.40839433670043945,,,,,,,,,,,,,,,,,,,,,,,,,,,,,,,,,,,,,,,,,,,,,,,,,,,,,
flow,2850,,0.009027035220060497,0.34382099434733393,0.10470849825069309,,0.44943219497799874,,0.944275975227356,0.0001,2,2970.4962179961067,0.40839433670043945,,,,,,,,,,,,,,,,,,,,,,,,,,,,,,,,,,,,,,,,,,,,,,,,,,,,,
flow,2860,,0.008982015668880194,0.34450510442256926,0.11295718848705291,,0.45836049392819406,,1.052943229675293,0.0001,2,2910.6977383587764,0.40839433670043945,,,,,,,,,,,,,,,,,,,,,,,,,,,,,,,,,,,,,,,,,,,,,,,,,,,,,
flow,2870,,0.008953035459853709,0.33971727192401885,0.10357487285509706,,0.44418744966387746,,0.970603346824646,0.0001,2,2887.3119382085665,0.40839433670043945,,,,,,,,,,,,,,,,,,,,,,,,,,,,,,,,,,,,,,,,,,,,,,,,,,,,,
flow,2880,,0.010020468011498451,0.35399129539728164,0.11148977531120181,,0.4664831183850765,,1.0195921659469604,0.0001,2,2872.200704627418,0.40839433670043945,,,,,,,,,,,,,,,,,,,,,,,,,,,,,,,,,,,,,,,,,,,,,,,,,,,,,
flow,2890,,0.009779733407776802,0.33610872328281405,0.11505300924181938,,0.45213970765471456,,0.9301064014434814,0.0001,2,2743.240236969379,0.40839433670043945,,,,,,,,,,,,,,,,,,,,,,,,,,,,,,,,,,,,,,,,,,,,,,,,,,,,,
flow,2900,,0.009896732098422945,0.3552346333861351,0.11239247992634774,,0.46861678659915923,,0.9958740472793579,0.0001,2,2810.47486090845,0.40839433670043945,,,,,,,,,,,,,,,,,,,,,,,,,,,,,,,,,,,,,,,,,,,,,,,,,,,,,
flow,2910,,0.009067364793736488,0.3421272344887257,0.11252766894176602,,0.45556164234876634,,0.9862677454948425,0.0001,2,2922.7830537041145,0.40839433670043945,,,,,,,,,,,,,,,,,,,,,,,,,,,,,,,,,,,,,,,,,,,,,,,,,,,,,
flow,2920,,0.009099953470285981,0.32745288833975794,0.10504688592627645,,0.433409770578146,,0.9686172604560852,0.0001,2,2844.4793587719837,0.40839433670043945,,,,,,,,,,,,,,,,,,,,,,,,,,,,,,,,,,,,,,,,,,,,,,,,,,,,,
flow,2930,,0.00916472029639408,0.3353776164352894,0.09839260606095195,,0.43468669429421425,,1.030727505683899,0.0001,2,3019.5310058785117,0.40839433670043945,,,,,,,,,,,,,,,,,,,,,,,,,,,,,,,,,,,,,,,,,,,,,,,,,,,,,
flow,2940,,0.008978904550895095,0.33225263357162477,0.10385357309132814,,0.4370040945708752,,1.0245522260665894,0.0001,2,2923.875618132946,0.40839433670043945,,,,,,,,,,,,,,,,,,,,,,,,,,,,,,,,,,,,,,,,,,,,,,,,,,,,,
flow,2950,,0.009073721850290895,0.3307475745677948,0.1040796922519803,,0.4357346400618553,,1.0810432434082031,0.0001,2,2857.960487888013,0.40839433670043945,,,,,,,,,,,,,,,,,,,,,,,,,,,,,,,,,,,,,,,,,,,,,,,,,,,,,
flow,2960,,0.008994024875573815,0.33139429092407224,0.11393055450171233,,0.44622424617409706,,0.9893469214439392,0.0001,2,3032.1095894994914,0.40839433670043945,,,,,,,,,,,,,,,,,,,,,,,,,,,,,,,,,,,,,,,,,,,,,,,,,,,,,
flow,2970,,0.009365553280804306,0.3259463131427765,0.1049900752492249,,0.431872945278883,,1.1248514652252197,0.0001,2,2983.251361713543,0.40839433670043945,,,,,,,,,,,,,,,,,,,,,,,,,,,,,,,,,,,,,,,,,,,,,,,,,,,,,
flow,2980,,0.009160085127223282,0.32300433665513995,0.11315906997770071,,0.43707941845059395,,0.9208729863166809,0.0001,2,3091.489446059626,0.40839433670043945,,,,,,,,,,,,,,,,,,,,,,,,,,,,,,,,,,,,,,,,,,,,,,,,,,,,,
flow,2990,,0.009067410917486996,0.33683454208076,0.10537250600755214,,0.44311379119753835,,1.152474045753479,0.0001,2,2835.421848791644,0.40839433670043945,,,,,,,,,,,,,,,,,,,,,,,,,,,,,,,,,,,,,,,,,,,,,,,,,,,,,
flow,3000,,0.009421081549953669,0.325268928706646,0.10721078403294086,,0.4334218204021454,,1.0142782926559448,0.0001,2,2817.3785058482636,0.40839433670043945,,,,,,,,,,,,,,,,,,,,,,,,,,,,,,,,,,,,,,,,,,,,,,,,,,,,,
flow,3000,,,,,,,,,,,,,,0.007676349167013541,0.3108086008578539,0.0772743767593056,,0.38885061256587505,,0.2945835725404322,0.10298284492455423,0.0,,,,,,,,,,,,,,,,,,,,,,,,,,,,,,,,,,,,,,,,,,,
flow,3000,,,,,,,,,,,,,,,,,,,,,,,0.3,6,20,0.14547527396899385,0.5189767762289793,79.31359468400478,1589.0290666371584,1664.6153034642336,0.09468130673398263,0.09953754184767603,0.12409018475610094,665600,16,40,0.3,6,20,0.14547527396899385,0.5189767762289793,78.77695722132921,1576.2717697303742,1588.2533187046645,0.2326391124277143,0.18157391345128418,0.1631021791830277,665600,16,40,0.0,0,20,0,0.16113012549493322,79.08831918053329,1574.7923020739108,1590.0079136714337,0.4766226095421007,0.3008605970116332,0.20708598613452453,665600,16,40,0.19999999999999998
flow,3010,,0.009112003829795868,0.33726676627993585,0.10144798979163169,,0.439625957608223,,1.0841504335403442,0.0001,2,4.947376696760369,0.40839433670043945,,,,,,,,,,,,,,,,,,,,,,,,,,,,,,,,,,,,,,,,,,,,,,,,,,,,,
flow,3020,,0.009211132174823434,0.3431831084191799,0.11322487276047469,,0.45732909217476847,,1.0313236713409424,0.0001,2,3087.6461468028137,0.40839433670043945,,,,,,,,,,,,,,,,,,,,,,,,,,,,,,,,,,,,,,,,,,,,,,,,,,,,,
flow,3030,,0.009789019287563861,0.33561272397637365,0.10804836060851812,,0.44463998824357986,,0.9247353076934814,0.0001,2,2819.860488391738,0.40839433670043945,,,,,,,,,,,,,,,,,,,,,,,,,,,,,,,,,,,,,,,,,,,,,,,,,,,,,
flow,3040,,0.008998768741730601,0.3445286475121975,0.09920612117275596,,0.44463464692234994,,1.0253181457519531,0.0001,2,2880.8322724087448,0.40839433670043945,,,,,,,,,,,,,,,,,,,,,,,,,,,,,,,,,,,,,,,,,,,,,,,,,,,,,
flow,3050,,0.008885183243546636,0.33596595786511896,0.09932135175913573,,0.4361758306622505,,0.9502489566802979,0.0001,2,2854.05312503172,0.40839433670043945,,,,,,,,,,,,,,,,,,,,,,,,,,,,,,,,,,,,,,,,,,,,,,,,,,,,,
flow,3060,,0.00925632065627724,0.3360239304602146,0.11323248445987702,,0.4501820482313633,,0.9981962442398071,0.0001,2,2943.3833434047465,0.40839433670043945,,,,,,,,,,,,,,,,,,,,,,,,,,,,,,,,,,,,,,,,,,,,,,,,,,,,,
flow,3070,,0.00883087256224826,0.33292860388755796,0.10801264811307192,,0.4418243408203125,,1.04079270362854,0.0001,2,2894.710613487996,0.40839433670043945,,,,,,,,,,,,,,,,,,,,,,,,,,,,,,,,,,,,,,,,,,,,,,,,,,,,,
flow,3080,,0.008949773595668375,0.3391224637627602,0.09707585982978344,,0.4370932973921299,,1.1021009683609009,0.0001,2,3019.2665353135126,0.40839433670043945,,,,,,,,,,,,,,,,,,,,,,,,,,,,,,,,,,,,,,,,,,,,,,,,,,,,,
flow,3090,,0.00931385492440313,0.33743114694952964,0.09298419374972582,,0.4313467271625996,,0.9673129320144653,0.0001,2,3060.290944413912,0.40839433670043945,,,,,,,,,,,,,,,,,,,,,,,,,,,,,,,,,,,,,,,,,,,,,,,,,,,,,
flow,3100,,0.008456664951518178,0.3221336305141449,0.09727662820369005,,0.42025592401623724,,1.0415022373199463,0.0001,2,3049.699466559922,0.40839433670043945,,,,,,,,,,,,,,,,,,,,,,,,,,,,,,,,,,,,,,,,,,,,,,,,,,,,,
flow,3110,,0.009342662733979523,0.3442006312310696,0.10162811763584614,,0.44676301181316375,,1.0542200803756714,0.0001,2,2989.6738843071626,0.40839433670043945,,,,,,,,,,,,,,,,,,,,,,,,,,,,,,,,,,,,,,,,,,,,,,,,,,,,,
flow,3120,,0.008628149761352687,0.3387734554708004,0.10223977193236351,,0.4418760403990746,,1.035015344619751,0.0001,2,2959.6813832215894,0.40839433670043945,,,,,,,,,,,,,,,,,,,,,,,,,,,,,,,,,,,,,,,,,,,,,,,,,,,,,
flow,3130,,0.009324046841356903,0.3283736426383257,0.09553105467930437,,0.4248371057212353,,1.0706802606582642,0.0001,2,3044.1959276428456,0.40839433670043945,,,,,,,,,,,,,,,,,,,,,,,,,,,,,,,,,,,,,,,,,,,,,,,,,,,,,
flow,3140,,0.009478610882069916,0.32990227788686755,0.1122604025527835,,0.4431105419993401,,1.1169764995574951,0.0001,2,3006.4670919065,0.40839433670043945,,,,,,,,,,,,,,,,,,,,,,,,,,,,,,,,,,,,,,,,,,,,,,,,,,,,,
flow,3150,,0.0086955662118271,0.3331106700003147,0.10186831774190068,,0.4358485475182533,,0.9761593341827393,0.0001,2,2743.7567763113416,0.40839433670043945,,,,,,,,,,,,,,,,,,,,,,,,,,,,,,,,,,,,,,,,,,,,,,,,,,,,,
flow,3160,,0.008598688908386975,0.3220641754567623,0.1060695524327457,,0.428993596881628,,1.0197283029556274,0.0001,2,2972.682553892729,0.40839433670043945,,,,,,,,,,,,,,,,,,,,,,,,,,,,,,,,,,,,,,,,,,,,,,,,,,,,,
flow,3170,,0.009158596768975258,0.32915219441056254,0.11096463222056627,,0.44103268831968306,,1.0849835872650146,0.0001,2,2902.0660103758264,0.40839433670043945,,,,,,,,,,,,,,,,,,,,,,,,,,,,,,,,,,,,,,,,,,,,,,,,,,,,,
flow,3180,,0.009016594535205513,0.3355264350771904,0.09647021731361746,,0.43289831429719927,,1.1987524032592773,0.0001,2,2943.733533541865,0.40839433670043945,,,,,,,,,,,,,,,,,,,,,,,,,,,,,,,,,,,,,,,,,,,,,,,,,,,,,
flow,3190,,0.008851562172640114,0.3167811084538698,0.10593340368941426,,0.4235996715724468,,1.0934592485427856,0.0001,2,2920.6743289956767,0.40839433670043945,,,,,,,,,,,,,,,,,,,,,,,,,,,,,,,,,,,,,,,,,,,,,,,,,,,,,
flow,3200,,0.010284299065824598,0.3211439412087202,0.13357123946771027,,0.45574361383914946,,1.044074535369873,0.0001,2,3023.4399260504606,0.40839433670043945,,,,,,,,,,,,,,,,,,,,,,,,,,,,,,,,,,,,,,,,,,,,,,,,,,,,,
flow,3210,,0.008955562929622829,0.3199376784265041,0.10530847953632475,,0.42614171355962754,,1.058158040046692,0.0001,2,2802.644472457236,0.40839433670043945,,,,,,,,,,,,,,,,,,,,,,,,,,,,,,,,,,,,,,,,,,,,,,,,,,,,,
flow,3220,,0.009551597060635686,0.3216224290430546,0.103003060631454,,0.4255806505680084,,1.0000689029693604,0.0001,2,2967.1936735218574,0.40839433670043945,,,,,,,,,,,,,,,,,,,,,,,,,,,,,,,,,,,,,,,,,,,,,,,,,,,,,
flow,3230,,0.009306794544681907,0.3141154058277607,0.10348383821547032,,0.41852992326021193,,0.9465831518173218,0.0001,2,3001.5875136363175,0.40839433670043945,,,,,,,,,,,,,,,,,,,,,,,,,,,,,,,,,,,,,,,,,,,,,,,,,,,,,
flow,3240,,0.00903856138465926,0.3215555131435394,0.10210459278896451,,0.4245639622211456,,1.040703535079956,0.0001,2,3022.344303343608,0.40839433670043945,,,,,,,,,,,,,,,,,,,,,,,,,,,,,,,,,,,,,,,,,,,,,,,,,,,,,
flow,3250,,0.009344535786658526,0.32421028763055804,0.10254002399742604,,0.4276847667992115,,0.9919533729553223,0.0001,2,2955.1445689920647,0.40839433670043945,,,,,,,,,,,,,,,,,,,,,,,,,,,,,,,,,,,,,,,,,,,,,,,,,,,,,
flow,3260,,0.009043344575911761,0.32800050973892214,0.10940569369122385,,0.4383105382323265,,0.9652662873268127,0.0001,2,2941.839070622467,0.40839433670043945,,,,,,,,,,,,,,,,,,,,,,,,,,,,,,,,,,,,,,,,,,,,,,,,,,,,,
flow,3270,,0.008890703169163317,0.31411857306957247,0.09556545754894614,,0.41057310402393343,,1.0150073766708374,0.0001,2,2903.6430233747283,0.40839433670043945,,,,,,,,,,,,,,,,,,,,,,,,,,,,,,,,,,,,,,,,,,,,,,,,,,,,,
flow,3280,,0.009106393682304769,0.3201124478131533,0.09964453279972077,,0.42066761776804923,,1.0749845504760742,0.0001,2,2894.0756513092724,0.40839433670043945,,,,,,,,,,,,,,,,,,,,,,,,,,,,,,,,,,,,,,,,,,,,,,,,,,,,,
flow,3290,,0.009703700663521886,0.317796590924263,0.10746439713984728,,0.4262313604354858,,1.0658369064331055,0.0001,2,2895.6130229468167,0.40839433670043945,,,,,,,,,,,,,,,,,,,,,,,,,,,,,,,,,,,,,,,,,,,,,,,,,,,,,
flow,3300,,0.008789260289631784,0.3168188534677029,0.10277281794697046,,0.4204706005752087,,1.0141429901123047,0.0001,2,2711.6536030286466,0.40839433670043945,,,,,,,,,,,,,,,,,,,,,,,,,,,,,,,,,,,,,,,,,,,,,,,,,,,,,
flow,3310,,0.009319123812019825,0.3207733519375324,0.10729018421843647,,0.42899544835090636,,1.0146381855010986,0.0001,2,2891.248459847313,0.40839433670043945,,,,,,,,,,,,,,,,,,,,,,,,,,,,,,,,,,,,,,,,,,,,,,,,,,,,,
flow,3320,,0.009041935135610402,0.3213652729988098,0.10240989066660404,,0.4246793560683727,,1.0692312717437744,0.0001,2,2888.16815275019,0.40839433670043945,,,,,,,,,,,,,,,,,,,,,,,,,,,,,,,,,,,,,,,,,,,,,,,,,,,,,
flow,3330,,0.009299857693258673,0.32032948806881906,0.11248060995712876,,0.43374008163809774,,1.009709358215332,0.0001,2,2900.2619188578615,0.40839433670043945,,,,,,,,,,,,,,,,,,,,,,,,,,,,,,,,,,,,,,,,,,,,,,,,,,,,,
flow,3340,,0.0096397714340128,0.32232049517333505,0.10793023314327002,,0.4312147095799446,,1.1754729747772217,0.0001,2,2905.3705463061583,0.40839433670043945,,,,,,,,,,,,,,,,,,,,,,,,,,,,,,,,,,,,,,,,,,,,,,,,,,,,,
flow,3350,,0.009403654595371336,0.3235076621174812,0.10521554918959737,,0.42966357469558714,,1.070980191230774,0.0001,2,2723.5593456686042,0.40839433670043945,,,,,,,,,,,,,,,,,,,,,,,,,,,,,,,,,,,,,,,,,,,,,,,,,,,,,
flow,3360,,0.008574582054279745,0.3064737867563963,0.10489976350218058,,0.4122310131788254,,0.9166921377182007,0.0001,2,2828.1959195127174,0.40839433670043945,,,,,,,,,,,,,,,,,,,,,,,,,,,,,,,,,,,,,,,,,,,,,,,,,,,,,
flow,3370,,0.009183209855109453,0.3267547968775034,0.1034316255711019,,0.43110474571585655,,0.9808562397956848,0.0001,2,2781.5576794660556,0.40839433670043945,,,,,,,,,,,,,,,,,,,,,,,,,,,,,,,,,,,,,,,,,,,,,,,,,,,,,
flow,3380,,0.009191179287154228,0.320100249350071,0.10409780899062752,,0.425117177516222,,0.9164605140686035,0.0001,2,2747.3328734154343,0.40839433670043945,,,,,,,,,,,,,,,,,,,,,,,,,,,,,,,,,,,,,,,,,,,,,,,,,,,,,
flow,3390,,0.008728787116706372,0.31455869451165197,0.10281640607863665,,0.4182479836046696,,1.184966802597046,0.0001,2,2765.3516448651717,0.40839433670043945,,,,,,,,,,,,,,,,,,,,,,,,,,,,,,,,,,,,,,,,,,,,,,,,,,,,,
flow,3400,,0.008615806279703975,0.31563226133584976,0.10193303441628813,,0.4184268780052662,,1.0463097095489502,0.0001,2,2747.725195927453,0.40839433670043945,,,,,,,,,,,,,,,,,,,,,,,,,,,,,,,,,,,,,,,,,,,,,,,,,,,,,
flow,3410,,0.009072617068886757,0.30679242834448817,0.10640389304608107,,0.4141035802662373,,0.9212646484375,0.0001,2,2550.3135657414573,0.40839433670043945,,,,,,,,,,,,,,,,,,,,,,,,,,,,,,,,,,,,,,,,,,,,,,,,,,,,,
flow,3420,,0.008928597602061928,0.3161413580179214,0.09427374443039298,,0.4113079659640789,,1.0090911388397217,0.0001,2,2738.6636072681213,0.40839433670043945,,,,,,,,,,,,,,,,,,,,,,,,,,,,,,,,,,,,,,,,,,,,,,,,,,,,,
flow,3430,,0.00889857355505228,0.3220052108168602,0.10185295483097434,,0.4247480250895023,,1.1379786729812622,0.0001,2,2802.2812086790864,0.40839433670043945,,,,,,,,,,,,,,,,,,,,,,,,,,,,,,,,,,,,,,,,,,,,,,,,,,,,,
flow,3440,,0.009229808347299695,0.30831145457923415,0.10731844725087285,,0.41655288115143774,,1.0604705810546875,0.0001,2,2827.229229665256,0.40839433670043945,,,,,,,,,,,,,,,,,,,,,,,,,,,,,,,,,,,,,,,,,,,,,,,,,,,,,
flow,3450,,0.009428629709873348,0.3126465227454901,0.1050989874638617,,0.41868837401270864,,1.000799536705017,0.0001,2,2681.651643696785,0.40839433670043945,,,,,,,,,,,,,,,,,,,,,,,,,,,,,,,,,,,,,,,,,,,,,,,,,,,,,
flow,3460,,0.009496107662562281,0.3127197094261646,0.09352441802620888,,0.407193735986948,,1.11238694190979,0.0001,2,2830.043345252511,0.40839433670043945,,,,,,,,,,,,,,,,,,,,,,,,,,,,,,,,,,,,,,,,,,,,,,,,,,,,,
flow,3470,,0.008955039421562106,0.3197513710707426,0.09908479880541562,,0.41973167434334757,,1.0244253873825073,0.0001,2,2843.1960489336134,0.40839433670043945,,,,,,,,,,,,,,,,,,,,,,,,,,,,,,,,,,,,,,,,,,,,,,,,,,,,,
flow,3480,,0.009081522922497243,0.3126495961099863,0.10607996168546378,,0.4196377106010914,,1.0592293739318848,0.0001,2,2863.8238568220527,0.40839433670043945,,,,,,,,,,,,,,,,,,,,,,,,,,,,,,,,,,,,,,,,,,,,,,,,,,,,,
flow,3490,,0.009178278443869203,0.3211215421557426,0.10091368379071355,,0.42295305579900744,,1.0624330043792725,0.0001,2,2998.0976042818884,0.40839433670043945,,,,,,,,,,,,,,,,,,,,,,,,,,,,,,,,,,,,,,,,,,,,,,,,,,,,,
flow,3500,,0.00914771668612957,0.3184515152126551,0.10685152532532811,,0.4262178160250187,,0.9687690734863281,0.0001,2,3013.1271768058436,0.40839433670043945,,,,,,,,,,,,,,,,,,,,,,,,,,,,,,,,,,,,,,,,,,,,,,,,,,,,,
flow,3500,,,,,,,,,,,,,,0.0072003016248345375,0.29804611951112747,0.0761690882500261,,0.3749352376908064,,0.32057468057610095,0.1042088121175766,0.0,,,,,,,,,,,,,,,,,,,,,,,,,,,,,,,,,,,,,,,,,,,
flow,3510,,0.00944151656003669,0.31726733073592184,0.09317887332290412,,0.411390358954668,,0.9225395321846008,0.0001,2,748.0047288452741,0.40839433670043945,,,,,,,,,,,,,,,,,,,,,,,,,,,,,,,,,,,,,,,,,,,,,,,,,,,,,
flow,3520,,0.00976434921612963,0.325510111451149,0.10389591557905078,,0.43038246110081674,,1.011592984199524,0.0001,2,2964.746669075067,0.40839433670043945,,,,,,,,,,,,,,,,,,,,,,,,,,,,,,,,,,,,,,,,,,,,,,,,,,,,,
flow,3530,,0.009111440274864435,0.3181901305913925,0.10699814669787884,,0.4260994255542755,,1.0094075202941895,0.0001,2,3060.4834716222636,0.40839433670043945,,,,,,,,,,,,,,,,,,,,,,,,,,,,,,,,,,,,,,,,,,,,,,,,,,,,,
flow,3540,,0.00953407920897007,0.30360478535294533,0.10106387492269278,,0.4056220680475235,,1.0087192058563232,0.0001,2,3026.0913518851203,0.40839433670043945,,,,,,,,,,,,,,,,,,,,,,,,,,,,,,,,,,,,,,,,,,,,,,,,,,,,,
flow,3550,,0.00860256920568645,0.30315441749989985,0.10208071656525135,,0.4060953915119171,,1.1122491359710693,0.0001,2,2091.4143265729563,0.40839433670043945,,,,,,,,,,,,,,,,,,,,,,,,,,,,,,,,,,,,,,,,,,,,,,,,,,,,,
flow,3560,,0.008546438126359135,0.3019725393503904,0.09722876315936446,,0.4000559486448765,,1.0089970827102661,0.0001,2,3078.118380998455,0.40839433670043945,,,,,,,,,,,,,,,,,,,,,,,,,,,,,,,,,,,,,,,,,,,,,,,,,,,,,
flow,3570,,0.009207209490705281,0.31792028807103634,0.09855426056310534,,0.4173952743411064,,0.9025512337684631,0.0001,2,3111.9909195471087,0.40839433670043945,,,,,,,,,,,,,,,,,,,,,,,,,,,,,,,,,,,,,,,,,,,,,,,,,,,,,
flow,3580,,0.010109520086552947,0.3216654691845179,0.10293027563020588,,0.42560669779777527,,1.011326789855957,0.0001,2,3065.9386632081737,0.40839433670043945,,,,,,,,,,,,,,,,,,,,,,,,,,,,,,,,,,,,,,,,,,,,,,,,,,,,,
flow,3590,,0.008880945958662779,0.31557257324457166,0.09928315700963139,,0.41574382930994036,,1.0228590965270996,0.0001,2,3041.8870566180144,0.40839433670043945,,,,,,,,,,,,,,,,,,,,,,,,,,,,,,,,,,,,,,,,,,,,,,,,,,,,,
flow,3600,,0.009163538075517863,0.3268261931836605,0.09794967155903578,,0.42569221556186676,,0.9726665616035461,0.0001,2,3189.3636296719637,0.40839433670043945,,,,,,,,,,,,,,,,,,,,,,,,,,,,,,,,,,,,,,,,,,,,,,,,,,,,,
flow,3610,,0.008832476008683443,0.3202345073223114,0.10046979300677776,,0.4215875506401062,,0.8959046602249146,0.0001,2,3153.0066120364345,0.40839433670043945,,,,,,,,,,,,,,,,,,,,,,,,,,,,,,,,,,,,,,,,,,,,,,,,,,,,,
flow,3620,,0.009700338239781559,0.3263668414205313,0.106641133595258,,0.4339780122041702,,1.2163664102554321,0.0001,2,3090.018404455229,0.40839433670043945,,,,,,,,,,,,,,,,,,,,,,,,,,,,,,,,,,,,,,,,,,,,,,,,,,,,,
flow,3630,,0.008957963378634304,0.31236317828297616,0.095350172650069,,0.4086091503500938,,0.896099865436554,0.0001,2,2992.005074116997,0.40839433670043945,,,,,,,,,,,,,,,,,,,,,,,,,,,,,,,,,,,,,,,,,,,,,,,,,,,,,
flow,3640,,0.008586492645554245,0.30867536962032316,0.09843826424330474,,0.4079722806811333,,1.1003984212875366,0.0001,2,2922.1362892446755,0.40839433670043945,,,,,,,,,,,,,,,,,,,,,,,,,,,,,,,,,,,,,,,,,,,,,,,,,,,,,
flow,3650,,0.00902226116741076,0.3150997791439295,0.0979721836745739,,0.41397418901324273,,1.0739916563034058,0.0001,2,3050.9251877213446,0.40839433670043945,,,,,,,,,,,,,,,,,,,,,,,,,,,,,,,,,,,,,,,,,,,,,,,,,,,,,
flow,3660,,0.008853956218808889,0.3014873396605253,0.09829629762098194,,0.4006690360605717,,0.9392349123954773,0.0001,2,3073.0327643819373,0.40839433670043945,,,,,,,,,,,,,,,,,,,,,,,,,,,,,,,,,,,,,,,,,,,,,,,,,,,,,
flow,3670,,0.008647116390056908,0.3173237655311823,0.10251244166865944,,0.4207009196281433,,1.188517689704895,0.0001,2,2139.1260291260537,0.40839433670043945,,,,,,,,,,,,,,,,,,,,,,,,,,,,,,,,,,,,,,,,,,,,,,,,,,,,,
flow,3680,,0.009503420698456467,0.3084472842514515,0.11542897373437881,,0.4248265989124775,,0.9643744826316833,0.0001,2,3032.1031677958154,0.40839433670043945,,,,,,,,,,,,,,,,,,,,,,,,,,,,,,,,,,,,,,,,,,,,,,,,,,,,,
flow,3690,,0.00911931535229087,0.31471955478191377,0.10556910634040832,,0.42120058834552765,,1.0589303970336914,0.0001,2,3023.1364406591015,0.40839433670043945,,,,,,,,,,,,,,,,,,,,,,,,,,,,,,,,,,,,,,,,,,,,,,,,,,,,,
flow,3700,,0.009067625773604959,0.3041129373013973,0.1029998485930264,,0.40801955088973046,,1.0937243700027466,0.0001,2,2973.3115966101323,0.40839433670043945,,,,,,,,,,,,,,,,,,,,,,,,,,,,,,,,,,,,,,,,,,,,,,,,,,,,,
flow,3710,,0.009302632662001997,0.3090522799640894,0.10834364667534828,,0.4183261923491955,,0.9652677774429321,0.0001,2,3023.790279573717,0.40839433670043945,,,,,,,,,,,,,,,,,,,,,,,,,,,,,,,,,,,,,,,,,,,,,,,,,,,,,
flow,3720,,0.009130131674464793,0.3100449040532112,0.09872788991779088,,0.4096858069300652,,0.9598606824874878,0.0001,2,2985.5382733628317,0.40839433670043945,,,,,,,,,,,,,,,,,,,,,,,,,,,,,,,,,,,,,,,,,,,,,,,,,,,,,
flow,3730,,0.009337686945218592,0.3137389622628689,0.10654729641973973,,0.4212200306355953,,1.0440150499343872,0.0001,2,2995.8920364363235,0.40839433670043945,,,,,,,,,,,,,,,,,,,,,,,,,,,,,,,,,,,,,,,,,,,,,,,,,,,,,
flow,3740,,0.008741007838398217,0.31108962260186673,0.11019166624173522,,0.42215538397431374,,1.0744825601577759,0.0001,2,3078.4154649589323,0.40839433670043945,,,,,,,,,,,,,,,,,,,,,,,,,,,,,,,,,,,,,,,,,,,,,,,,,,,,,
flow,3750,,0.008916016737930476,0.3186936371028423,0.10840230295434594,,0.42798754423856733,,1.0684250593185425,0.0001,2,3064.8405965918205,0.40839433670043945,,,,,,,,,,,,,,,,,,,,,,,,,,,,,,,,,,,,,,,,,,,,,,,,,,,,,
flow,3760,,0.00912307227263227,0.31402928866446017,0.10730134928599,,0.422242946177721,,0.9730834364891052,0.0001,2,2997.3351488227054,0.40839433670043945,,,,,,,,,,,,,,,,,,,,,,,,,,,,,,,,,,,,,,,,,,,,,,,,,,,,,
flow,3770,,0.008707523834891618,0.3153159372508526,0.09107585158199072,,0.40726254135370255,,1.0213934183120728,0.0001,2,3050.522273232593,0.40839433670043945,,,,,,,,,,,,,,,,,,,,,,,,,,,,,,,,,,,,,,,,,,,,,,,,,,,,,
flow,3780,,0.008909428445622324,0.310287169739604,0.09382586134597659,,0.4050039775669575,,1.15215265750885,0.0001,2,3022.739941167936,0.40839433670043945,,,,,,,,,,,,,,,,,,,,,,,,,,,,,,,,,,,,,,,,,,,,,,,,,,,,,
flow,3790,,0.009565300378017127,0.3079970426857471,0.11646126261912286,,0.4254148378968239,,1.2050882577896118,0.0001,2,2871.1540520704716,0.40839433670043945,,,,,,,,,,,,,,,,,,,,,,,,,,,,,,,,,,,,,,,,,,,,,,,,,,,,,
flow,3800,,0.009057920437771826,0.3040208160877228,0.10115154404193163,,0.4060781553387642,,0.970071017742157,0.0001,2,3047.8016574570124,0.40839433670043945,,,,,,,,,,,,,,,,,,,,,,,,,,,,,,,,,,,,,,,,,,,,,,,,,,,,,
flow,3810,,0.008659784484189003,0.3125405080616474,0.09952435046434402,,0.4129308395087719,,1.0481284856796265,0.0001,2,3037.161408440762,0.40839433670043945,,,,,,,,,,,,,,,,,,,,,,,,,,,,,,,,,,,,,,,,,,,,,,,,,,,,,
flow,3820,,0.008914117049425841,0.3074505336582661,0.10214205384254456,,0.4104839965701103,,1.0819932222366333,0.0001,2,3013.096050621802,0.40839433670043945,,,,,,,,,,,,,,,,,,,,,,,,,,,,,,,,,,,,,,,,,,,,,,,,,,,,,
flow,3830,,0.009284621477127076,0.3035567279905081,0.11166692711412907,,0.4161521166563034,,0.9579416513442993,0.0001,2,3020.595552045996,0.40839433670043945,,,,,,,,,,,,,,,,,,,,,,,,,,,,,,,,,,,,,,,,,,,,,,,,,,,,,
flow,3840,,0.009084987605456262,0.2971851583570242,0.09652387266978621,,0.39461753368377683,,1.0996724367141724,0.0001,2,3122.402463448904,0.40839433670043945,,,,,,,,,,,,,,,,,,,,,,,,,,,,,,,,,,,,,,,,,,,,,,,,,,,,,
flow,3850,,0.009338910633232445,0.3089300148189068,0.10624472126364708,,0.41610862910747526,,1.072633147239685,0.0001,2,3136.588130746112,0.40839433670043945,,,,,,,,,,,,,,,,,,,,,,,,,,,,,,,,,,,,,,,,,,,,,,,,,,,,,
flow,3860,,0.009129497781395912,0.29726121202111244,0.09632639344781638,,0.3945005588233471,,0.9940755367279053,0.0001,2,3004.4317032408226,0.40839433670043945,,,,,,,,,,,,,,,,,,,,,,,,,,,,,,,,,,,,,,,,,,,,,,,,,,,,,
flow,3870,,0.009630356973502785,0.2995796173810959,0.10954150008037686,,0.410084156692028,,1.0764763355255127,0.0001,2,2947.8666388361685,0.40839433670043945,,,,,,,,,,,,,,,,,,,,,,,,,,,,,,,,,,,,,,,,,,,,,,,,,,,,,
flow,3880,,0.009258568554650992,0.30600019469857215,0.1068921348080039,,0.4138181895017624,,0.9810205101966858,0.0001,2,3043.5368881982004,0.40839433670043945,,,,,,,,,,,,,,,,,,,,,,,,,,,,,,,,,,,,,,,,,,,,,,,,,,,,,
flow,3890,,0.008966166607569903,0.3119851317256689,0.09320376440882683,,0.4060855105519295,,0.9858901500701904,0.0001,2,3059.424027164758,0.40839433670043945,,,,,,,,,,,,,,,,,,,,,,,,,,,,,,,,,,,,,,,,,,,,,,,,,,,,,
flow,3900,,0.00853283820906654,0.3138153780251741,0.10025945864617825,,0.41492812186479566,,1.1270924806594849,0.0001,2,2995.193416131187,0.40839433670043945,,,,,,,,,,,,,,,,,,,,,,,,,,,,,,,,,,,,,,,,,,,,,,,,,,,,,
flow,3910,,0.009050608787219971,0.3088596124202013,0.09535924810916185,,0.405123919993639,,1.074228048324585,0.0001,2,2051.4341852467237,0.40839433670043945,,,,,,,,,,,,,,,,,,,,,,,,,,,,,,,,,,,,,,,,,,,,,,,,,,,,,
flow,3920,,0.009508923662360757,0.30254955440759657,0.1047418243251741,,0.40824227035045624,,1.1530596017837524,0.0001,2,3118.8076163078226,0.40839433670043945,,,,,,,,,,,,,,,,,,,,,,,,,,,,,,,,,,,,,,,,,,,,,,,,,,,,,
flow,3930,,0.00916445404291153,0.2900212578475475,0.10366540858522058,,0.39460311606526377,,0.9921536445617676,0.0001,2,3101.2494969795484,0.40839433670043945,,,,,,,,,,,,,,,,,,,,,,,,,,,,,,,,,,,,,,,,,,,,,,,,,,,,,
flow,3940,,0.008829784695990384,0.30034301355481147,0.10290686162188649,,0.404132854193449,,1.1819018125534058,0.0001,2,3110.8136592902383,0.40839433670043945,,,,,,,,,,,,,,,,,,,,,,,,,,,,,,,,,,,,,,,,,,,,,,,,,,,,,
flow,3950,,0.008823277452029288,0.31583800762891767,0.10259561659768224,,0.41931595355272294,,0.9857318997383118,0.0001,2,3126.9196660009384,0.40839433670043945,,,,,,,,,,,,,,,,,,,,,,,,,,,,,,,,,,,,,,,,,,,,,,,,,,,,,
flow,3960,,0.008645421115215868,0.2989349726587534,0.10457519851624966,,0.40437471494078636,,0.9338724613189697,0.0001,2,3122.767132291211,0.40839433670043945,,,,,,,,,,,,,,,,,,,,,,,,,,,,,,,,,,,,,,,,,,,,,,,,,,,,,
flow,3970,,0.009052472922485321,0.2948784980922937,0.10273163132369519,,0.39851537346839905,,1.0843762159347534,0.0001,2,3140.1252128065626,0.40839433670043945,,,,,,,,,,,,,,,,,,,,,,,,,,,,,,,,,,,,,,,,,,,,,,,,,,,,,
flow,3980,,0.008746761025395244,0.31188655719161035,0.09816940957680345,,0.41093064174056054,,1.061652660369873,0.0001,2,2995.473323936548,0.40839433670043945,,,,,,,,,,,,,,,,,,,,,,,,,,,,,,,,,,,,,,,,,,,,,,,,,,,,,
flow,3990,,0.008764169528149068,0.30484394244849683,0.10632555289193987,,0.41204591318964956,,1.0057871341705322,0.0001,2,2989.095574348888,0.40839433670043945,,,,,,,,,,,,,,,,,,,,,,,,,,,,,,,,,,,,,,,,,,,,,,,,,,,,,
flow,4000,,0.009042277280241252,0.28870905600488184,0.10176712814718485,,0.39138041362166404,,0.9125725626945496,0.0001,2,3009.4089825218484,0.40839433670043945,,,,,,,,,,,,,,,,,,,,,,,,,,,,,,,,,,,,,,,,,,,,,,,,,,,,,
flow,4000,,,,,,,,,,,,,,0.007538803416537121,0.2839336870238185,0.07218509295489639,,0.35687266290187836,,0.2747650856617838,0.09514828317333013,0.0,,,,,,,,,,,,,,,,,,,,,,,,,,,,,,,,,,,,,,,,,,,
flow,4000,,,,,,,,,,,,,,,,,,,,,,,0.5,10,20,0.2992949144298199,0.7007050855701801,78.20146670937538,1562.0856462512165,1605.4990847595036,0.07209898605011404,0.07684331765398383,0.104796116751356,665600,16,40,0.25,5,20,0.11186005278940309,0.4687050099580636,77.64079415053129,1549.65612674132,1569.8917957022786,0.21594591328757815,0.1607770638144575,0.16564185702218076,665600,16,40,0.15,3,20,0.05236779195949584,0.36042329588695743,79.11149914376438,1576.3923604041338,1583.481340482831,0.47868681645486505,0.3166790266660973,0.21117543559999039,665600,16,40,0.3
flow,4010,,0.009619772457517684,0.3066772077232599,0.09995393473654986,,0.4075931183993816,,1.074990153312683,0.0001,2,4.996912411687433,0.40839433670043945,,,,,,,,,,,,,,,,,,,,,,,,,,,,,,,,,,,,,,,,,,,,,,,,,,,,,
flow,4020,,0.009159467031713575,0.30352870337665083,0.11111455522477627,,0.4155592083930969,,1.0452369451522827,0.0001,2,2504.002434818393,0.40839433670043945,,,,,,,,,,,,,,,,,,,,,,,,,,,,,,,,,,,,,,,,,,,,,,,,,,,,,
flow,4030,,0.009862431895453484,0.30486729741096497,0.1037884395569563,,0.40964198037981986,,1.0007787942886353,0.0001,2,2644.5768596315797,0.40839433670043945,,,,,,,,,,,,,,,,,,,,,,,,,,,,,,,,,,,,,,,,,,,,,,,,,,,,,
flow,4040,,0.008780485589522869,0.3026478711515665,0.09449161663651466,,0.3980175405740738,,0.9928106665611267,0.0001,2,2669.3083777098873,0.40839433670043945,,,,,,,,,,,,,,,,,,,,,,,,,,,,,,,,,,,,,,,,,,,,,,,,,,,,,
flow,4050,,0.009629631019197404,0.2979884218424559,0.09884111089631915,,0.39779249802231786,,0.978827953338623,0.0001,2,2543.8259624810207,0.40839433670043945,,,,,,,,,,,,,,,,,,,,,,,,,,,,,,,,,,,,,,,,,,,,,,,,,,,,,
flow,4060,,0.008764070051256567,0.2986602891236544,0.10298807704821229,,0.40252477303147316,,0.9486308693885803,0.0001,2,2779.3305941807953,0.40839433670043945,,,,,,,,,,,,,,,,,,,,,,,,,,,,,,,,,,,,,,,,,,,,,,,,,,,,,
flow,4070,,0.008858810714446008,0.3018223628401756,0.09771430380642414,,0.4004225470125675,,1.0198519229888916,0.0001,2,2775.7015760732897,0.40839433670043945,,,,,,,,,,,,,,,,,,,,,,,,,,,,,,,,,,,,,,,,,,,,,,,,,,,,,
flow,4080,,0.008963085187133402,0.3023064944893122,0.1070820165798068,,0.4102848246693611,,0.9809479117393494,0.0001,2,2805.289998163648,0.40839433670043945,,,,,,,,,,,,,,,,,,,,,,,,,,,,,,,,,,,,,,,,,,,,,,,,,,,,,
flow,4090,,0.008837015135213733,0.30320899933576584,0.10395877920091152,,0.40805148482322695,,1.095847249031067,0.0001,2,2674.6335625258503,0.40839433670043945,,,,,,,,,,,,,,,,,,,,,,,,,,,,,,,,,,,,,,,,,,,,,,,,,,,,,
flow,4100,,0.008782175846863537,0.2974055606871843,0.09736880920827388,,0.3956525906920433,,1.104215383529663,0.0001,2,2692.8080840030857,0.40839433670043945,,,,,,,,,,,,,,,,,,,,,,,,,,,,,,,,,,,,,,,,,,,,,,,,,,,,,
flow,4110,,0.008876297541428357,0.30092536360025407,0.10473490813747048,,0.40654790624976156,,0.8775470852851868,0.0001,2,2674.5663367441502,0.40839433670043945,,,,,,,,,,,,,,,,,,,,,,,,,,,,,,,,,,,,,,,,,,,,,,,,,,,,,
flow,4120,,0.009418332308996469,0.30963843539357183,0.10609626797959208,,0.4166765369474888,,1.0354416370391846,0.0001,2,2832.44838236722,0.40839433670043945,,,,,,,,,,,,,,,,,,,,,,,,,,,,,,,,,,,,,,,,,,,,,,,,,,,,,
flow,4130,,0.00900347251445055,0.28749629743397237,0.10526535212993622,,0.39366200044751165,,1.0220052003860474,0.0001,2,2428.440543756856,0.40839433670043945,,,,,,,,,,,,,,,,,,,,,,,,,,,,,,,,,,,,,,,,,,,,,,,,,,,,,
flow,4140,,0.009374926751479506,0.2951895881444216,0.11074828077107668,,0.4068753644824028,,0.9060539603233337,0.0001,2,2530.970491451107,0.40839433670043945,,,,,,,,,,,,,,,,,,,,,,,,,,,,,,,,,,,,,,,,,,,,,,,,,,,,,
flow,4150,,0.008966439741197974,0.3002405744045973,0.10026614172384143,,0.40140336081385614,,1.0976570844650269,0.0001,2,2817.610868542708,0.40839433670043945,,,,,,,,,,,,,,,,,,,,,,,,,,,,,,,,,,,,,,,,,,,,,,,,,,,,,
flow,4160,,0.008414567343425005,0.30392356067895887,0.09914459800347686,,0.4039096161723137,,1.1141927242279053,0.0001,2,2845.5706190807555,0.40839433670043945,,,,,,,,,,,,,,,,,,,,,,,,,,,,,,,,,,,,,,,,,,,,,,,,,,,,,
flow,4170,,0.008414421253837645,0.2867490939795971,0.09323303001001478,,0.380823565274477,,0.9606004953384399,0.0001,2,2848.659462590248,0.40839433670043945,,,,,,,,,,,,,,,,,,,,,,,,,,,,,,,,,,,,,,,,,,,,,,,,,,,,,
flow,4180,,0.00922065689228475,0.291049063578248,0.09289063811302185,,0.3848617672920227,,0.9941017627716064,0.0001,2,2784.382297628018,0.40839433670043945,,,,,,,,,,,,,,,,,,,,,,,,,,,,,,,,,,,,,,,,,,,,,,,,,,,,,
flow,4190,,0.008934245945420116,0.2947623196989298,0.09784701392054558,,0.3935027591884136,,0.9833710193634033,0.0001,2,2685.0706977230434,0.40839433670043945,,,,,,,,,,,,,,,,,,,,,,,,,,,,,,,,,,,,,,,,,,,,,,,,,,,,,
flow,4200,,0.008653701818548142,0.2981754157692194,0.10180627265945077,,0.40084705874323845,,0.9804027676582336,0.0001,2,2820.885101392155,0.40839433670043945,,,,,,,,,,,,,,,,,,,,,,,,,,,,,,,,,,,,,,,,,,,,,,,,,,,,,
flow,4210,,0.008660800196230412,0.30440374091267586,0.09435287481173874,,0.3996226966381073,,1.0281548500061035,0.0001,2,2715.10046370966,0.40839433670043945,,,,,,,,,,,,,,,,,,,,,,,,,,,,,,,,,,,,,,,,,,,,,,,,,,,,,
flow,4220,,0.00871291708899662,0.29054359160363674,0.09406476682052016,,0.38547965213656427,,0.99247807264328,0.0001,2,2813.6109686461778,0.40839433670043945,,,,,,,,,,,,,,,,,,,,,,,,,,,,,,,,,,,,,,,,,,,,,,,,,,,,,
flow,4230,,0.008833848603535444,0.2915413696318865,0.10136701697483659,,0.39379177391529085,,0.9306080341339111,0.0001,2,2650.663702817388,0.40839433670043945,,,,,,,,,,,,,,,,,,,,,,,,,,,,,,,,,,,,,,,,,,,,,,,,,,,,,
flow,4240,,0.009525372961070389,0.299696584418416,0.1071294172666967,,0.40777853801846503,,1.0331825017929077,0.0001,2,2659.3058003488445,0.40839433670043945,,,,,,,,,,,,,,,,,,,,,,,,,,,,,,,,,,,,,,,,,,,,,,,,,,,,,
flow,4250,,0.008502208476420492,0.2876921210438013,0.093467718642205,,0.38201006054878234,,1.1244308948516846,0.0001,2,2890.897461972104,0.40839433670043945,,,,,,,,,,,,,,,,,,,,,,,,,,,,,,,,,,,,,,,,,,,,,,,,,,,,,
flow,4260,,0.008393689757212996,0.29651308842003343,0.09666250525042415,,0.39401496574282646,,0.941695511341095,0.0001,2,2729.1985436564783,0.40839433670043945,,,,,,,,,,,,,,,,,,,,,,,,,,,,,,,,,,,,,,,,,,,,,,,,,,,,,
flow,4270,,0.009276226197835058,0.29515167474746706,0.10236846664920449,,0.39844776764512063,,1.1545281410217285,0.0001,2,2623.6694745056225,0.40839433670043945,,,,,,,,,,,,,,,,,,,,,,,,,,,,,,,,,,,,,,,,,,,,,,,,,,,,,
flow,4280,,0.009334250772371887,0.28772781156003474,0.10285809999331832,,0.3915193371474743,,1.0919493436813354,0.0001,2,2853.450505074966,0.40839433670043945,,,,,,,,,,,,,,,,,,,,,,,,,,,,,,,,,,,,,,,,,,,,,,,,,,,,,
flow,4290,,0.00895849170628935,0.29446701519191265,0.11376747945323587,,0.4091303490102291,,1.0208810567855835,0.0001,2,2677.458775382825,0.40839433670043945,,,,,,,,,,,,,,,,,,,,,,,,,,,,,,,,,,,,,,,,,,,,,,,,,,,,,
flow,4300,,0.009069721517153084,0.3029664311558008,0.08769480078481137,,0.3915682002902031,,1.056400179862976,0.0001,2,2812.390021944012,0.40839433670043945,,,,,,,,,,,,,,,,,,,,,,,,,,,,,,,,,,,,,,,,,,,,,,,,,,,,,
flow,4310,,0.008494520594831556,0.2805993590503931,0.08918170481920243,,0.3706305168569088,,0.9919637441635132,0.0001,2,2749.836337514393,0.40839433670043945,,,,,,,,,,,,,,,,,,,,,,,,,,,,,,,,,,,,,,,,,,,,,,,,,,,,,
flow,4320,,0.008760061382781714,0.2809316962957382,0.10495253102853894,,0.38676023483276367,,0.9692940711975098,0.0001,2,2797.790893413619,0.40839433670043945,,,,,,,,,,,,,,,,,,,,,,,,,,,,,,,,,,,,,,,,,,,,,,,,,,,,,
flow,4330,,0.009023607429116964,0.29015494249761103,0.10160080678761005,,0.39265810921788213,,0.9654608964920044,0.0001,2,2857.8288931038305,0.40839433670043945,,,,,,,,,,,,,,,,,,,,,,,,,,,,,,,,,,,,,,,,,,,,,,,,,,,,,
flow,4340,,0.00894060565624386,0.29009964056313037,0.10479714907705784,,0.3957908540964127,,1.1379586458206177,0.0001,2,2825.5181068489815,0.40839433670043945,,,,,,,,,,,,,,,,,,,,,,,,,,,,,,,,,,,,,,,,,,,,,,,,,,,,,
flow,4350,,0.008964158920571208,0.2892367046326399,0.1085766576230526,,0.3987097769975662,,1.0489181280136108,0.0001,2,2531.6566973697463,0.40839433670043945,,,,,,,,,,,,,,,,,,,,,,,,,,,,,,,,,,,,,,,,,,,,,,,,,,,,,
flow,4360,,0.009068975178524851,0.2920759469270706,0.10339064039289951,,0.39637349024415014,,1.0611532926559448,0.0001,2,2904.5216462201706,0.40839433670043945,,,,,,,,,,,,,,,,,,,,,,,,,,,,,,,,,,,,,,,,,,,,,,,,,,,,,
flow,4370,,0.009209678636398166,0.2963729102164507,0.09059666246175765,,0.38789054527878764,,1.1833783388137817,0.0001,2,2959.05701093463,0.40839433670043945,,,,,,,,,,,,,,,,,,,,,,,,,,,,,,,,,,,,,,,,,,,,,,,,,,,,,
flow,4380,,0.008817869902122766,0.2923918444663286,0.10307464944198727,,0.39634828120470045,,0.9600731730461121,0.0001,2,2627.789441949559,0.40839433670043945,,,,,,,,,,,,,,,,,,,,,,,,,,,,,,,,,,,,,,,,,,,,,,,,,,,,,
flow,4390,,0.008969586517196149,0.28779700621962545,0.1012378660030663,,0.3899318315088749,,0.9843156337738037,0.0001,2,2876.383266405778,0.40839433670043945,,,,,,,,,,,,,,,,,,,,,,,,,,,,,,,,,,,,,,,,,,,,,,,,,,,,,
flow,4400,,0.009025238361209631,0.29843825846910477,0.10000471542589366,,0.3993454955518246,,0.9632748365402222,0.0001,2,2996.2033748869185,0.40839433670043945,,,,,,,,,,,,,,,,,,,,,,,,,,,,,,,,,,,,,,,,,,,,,,,,,,,,,
flow,4410,,0.008516140782739967,0.2927027646452188,0.08967297421768308,,0.38322735354304316,,1.0158380270004272,0.0001,2,3051.817531097678,0.40839433670043945,,,,,,,,,,,,,,,,,,,,,,,,,,,,,,,,,,,,,,,,,,,,,,,,,,,,,
flow,4420,,0.008908168901689351,0.28895930089056493,0.10383067354559898,,0.39368079602718353,,1.106157660484314,0.0001,2,2751.6673405540087,0.40839433670043945,,,,,,,,,,,,,,,,,,,,,,,,,,,,,,,,,,,,,,,,,,,,,,,,,,,,,
flow,4430,,0.009182874904945492,0.29657228477299213,0.09686000533401966,,0.39435057938098905,,0.8935582041740417,0.0001,2,2809.5950583458434,0.40839433670043945,,,,,,,,,,,,,,,,,,,,,,,,,,,,,,,,,,,,,,,,,,,,,,,,,,,,,
flow,4440,,0.009052236808929592,0.28900268375873567,0.09541722387075424,,0.38532513603568075,,1.029233694076538,0.0001,2,3019.253946422764,0.40839433670043945,,,,,,,,,,,,,,,,,,,,,,,,,,,,,,,,,,,,,,,,,,,,,,,,,,,,,
flow,4450,,0.00875934612704441,0.287764335796237,0.10984398191794753,,0.39848425462841985,,1.141420602798462,0.0001,2,3054.5734974828824,0.40839433670043945,,,,,,,,,,,,,,,,,,,,,,,,,,,,,,,,,,,,,,,,,,,,,,,,,,,,,
flow,4460,,0.008327884483151138,0.29695084504783154,0.10405047554522753,,0.40183410942554476,,1.1578580141067505,0.0001,2,2833.5883225979433,0.40839433670043945,,,,,,,,,,,,,,,,,,,,,,,,,,,,,,,,,,,,,,,,,,,,,,,,,,,,,
flow,4470,,0.00879363133572042,0.2841588489711285,0.09292585765942932,,0.37796407043933866,,0.9614416360855103,0.0001,2,2960.6915500870773,0.40839433670043945,,,,,,,,,,,,,,,,,,,,,,,,,,,,,,,,,,,,,,,,,,,,,,,,,,,,,
flow,4480,,0.008599020820111037,0.27591422758996487,0.0971224730834365,,0.37389659881591797,,0.9110314249992371,0.0001,2,3014.197153724414,0.40839433670043945,,,,,,,,,,,,,,,,,,,,,,,,,,,,,,,,,,,,,,,,,,,,,,,,,,,,,
flow,4490,,0.008385419810656458,0.282444778829813,0.09289416810497642,,0.3761774867773056,,0.923982560634613,0.0001,2,3021.3780053393766,0.40839433670043945,,,,,,,,,,,,,,,,,,,,,,,,,,,,,,,,,,,,,,,,,,,,,,,,,,,,,
flow,4500,,0.008995780092664062,0.3009929917752743,0.09675006661564112,,0.39864263236522673,,0.9708830714225769,0.0001,2,2995.2162099685565,0.40839433670043945,,,,,,,,,,,,,,,,,,,,,,,,,,,,,,,,,,,,,,,,,,,,,,,,,,,,,
flow,4500,,,,,,,,,,,,,,0.007230562245240435,0.27292516827583313,0.07389669306576252,,0.3475449187681079,,0.27715646289289,0.08697247656527907,0.0,,,,,,,,,,,,,,,,,,,,,,,,,,,,,,,,,,,,,,,,,,,
flow,4510,,0.008783688326366246,0.28955225721001626,0.10358867142349482,,0.39401929676532743,,1.0587762594223022,0.0001,2,575.016923286086,0.40839433670043945,,,,,,,,,,,,,,,,,,,,,,,,,,,,,,,,,,,,,,,,,,,,,,,,,,,,,
flow,4520,,0.008566098741721363,0.28299982808530333,0.08999037556350231,,0.3738468140363693,,1.0454500913619995,0.0001,2,2672.513519075967,0.40839433670043945,,,,,,,,,,,,,,,,,,,,,,,,,,,,,,,,,,,,,,,,,,,,,,,,,,,,,
flow,4530,,0.008679459092672915,0.29115125760436056,0.09552920330315828,,0.3875484116375446,,1.1191776990890503,0.0001,2,2794.965380437828,0.40839433670043945,,,,,,,,,,,,,,,,,,,,,,,,,,,,,,,,,,,,,,,,,,,,,,,,,,,,,
flow,4540,,0.008849324588663877,0.2839677006006241,0.09100271705538035,,0.37585535272955894,,0.9685760736465454,0.0001,2,2755.4352641902938,0.40839433670043945,,,,,,,,,,,,,,,,,,,,,,,,,,,,,,,,,,,,,,,,,,,,,,,,,,,,,
flow,4550,,0.00948825404047966,0.2946420334279537,0.10048560639843344,,0.39607646465301516,,1.0246367454528809,0.0001,2,2816.291733062657,0.40839433670043945,,,,,,,,,,,,,,,,,,,,,,,,,,,,,,,,,,,,,,,,,,,,,,,,,,,,,
flow,4560,,0.00884469375014305,0.30053857490420344,0.10415129419416189,,0.40557433664798737,,1.038788080215454,0.0001,2,2817.995278148873,0.40839433670043945,,,,,,,,,,,,,,,,,,,,,,,,,,,,,,,,,,,,,,,,,,,,,,,,,,,,,
flow,4570,,0.009103118884377181,0.29262665323913095,0.10202699806541204,,0.39556396529078486,,1.1216403245925903,0.0001,2,2456.193594364174,0.40839433670043945,,,,,,,,,,,,,,,,,,,,,,,,,,,,,,,,,,,,,,,,,,,,,,,,,,,,,
flow,4580,,0.008352103596553206,0.2898435566574335,0.09335170220583677,,0.38403046876192093,,1.012139916419983,0.0001,2,2747.6134988224376,0.40839433670043945,,,,,,,,,,,,,,,,,,,,,,,,,,,,,,,,,,,,,,,,,,,,,,,,,,,,,
flow,4590,,0.008697792852763087,0.28821707926690576,0.10389747973531485,,0.39298433884978295,,1.0509744882583618,0.0001,2,2974.3444020646193,0.40839433670043945,,,,,,,,,,,,,,,,,,,,,,,,,,,,,,,,,,,,,,,,,,,,,,,,,,,,,
flow,4600,,0.008489421417471022,0.2833925250917673,0.09716780195012689,,0.3814092718064785,,0.857464075088501,0.0001,2,2941.377490868017,0.40839433670043945,,,,,,,,,,,,,,,,,,,,,,,,,,,,,,,,,,,,,,,,,,,,,,,,,,,,,
flow,4610,,0.008246878092177213,0.2801066480576992,0.09524351563304663,,0.37617484852671623,,1.0683865547180176,0.0001,2,2606.730069005207,0.40839433670043945,,,,,,,,,,,,,,,,,,,,,,,,,,,,,,,,,,,,,,,,,,,,,,,,,,,,,
flow,4620,,0.009010662918444722,0.28040552586317063,0.10636978698894381,,0.3876763805747032,,0.9460000991821289,0.0001,2,2696.961231365895,0.40839433670043945,,,,,,,,,,,,,,,,,,,,,,,,,,,,,,,,,,,,,,,,,,,,,,,,,,,,,
flow,4630,,0.008973507781047375,0.29606799110770227,0.09774035140872002,,0.394705693423748,,1.0766654014587402,0.0001,2,2925.258810157414,0.40839433670043945,,,,,,,,,,,,,,,,,,,,,,,,,,,,,,,,,,,,,,,,,,,,,,,,,,,,,
flow,4640,,0.009254862391389906,0.28527335487306116,0.10502808429300785,,0.391226926445961,,0.9949617981910706,0.0001,2,2903.895760740933,0.40839433670043945,,,,,,,,,,,,,,,,,,,,,,,,,,,,,,,,,,,,,,,,,,,,,,,,,,,,,
flow,4650,,0.008677319786511362,0.28426900394260884,0.1098974198102951,,0.39503415673971176,,0.9796838760375977,0.0001,2,2720.1384703523668,0.40839433670043945,,,,,,,,,,,,,,,,,,,,,,,,,,,,,,,,,,,,,,,,,,,,,,,,,,,,,
flow,4660,,0.00904813533416018,0.2867626152932644,0.09753552852198481,,0.3852029576897621,,1.0695133209228516,0.0001,2,2372.379378512446,0.40839433670043945,,,,,,,,,,,,,,,,,,,,,,,,,,,,,,,,,,,,,,,,,,,,,,,,,,,,,
flow,4670,,0.008233772963285447,0.2844839420169592,0.09941009618341923,,0.3847174160182476,,0.8737607002258301,0.0001,2,2607.805941208541,0.40839433670043945,,,,,,,,,,,,,,,,,,,,,,,,,,,,,,,,,,,,,,,,,,,,,,,,,,,,,
flow,4680,,0.008891372219659388,0.2775798119604588,0.1046482039615512,,0.383117151260376,,0.9718817472457886,0.0001,2,2673.502448045471,0.40839433670043945,,,,,,,,,,,,,,,,,,,,,,,,,,,,,,,,,,,,,,,,,,,,,,,,,,,,,
flow,4690,,0.008503538987133652,0.2853587191551924,0.08995650061406195,,0.3761655740439892,,1.0991361141204834,0.0001,2,2789.091233045924,0.40839433670043945,,,,,,,,,,,,,,,,,,,,,,,,,,,,,,,,,,,,,,,,,,,,,,,,,,,,,
flow,4700,,0.008527052833233028,0.2788222454488277,0.09392838375642895,,0.3736033335328102,,0.9436048269271851,0.0001,2,2837.771305143247,0.40839433670043945,,,,,,,,,,,,,,,,,,,,,,,,,,,,,,,,,,,,,,,,,,,,,,,,,,,,,
flow,4710,,0.009249899059068412,0.278598927333951,0.10228439224883915,,0.38180831000208854,,1.2336504459381104,0.0001,2,2769.0870777855016,0.40839433670043945,,,,,,,,,,,,,,,,,,,,,,,,,,,,,,,,,,,,,,,,,,,,,,,,,,,,,
flow,4720,,0.008518653351347893,0.2843265596777201,0.10360174821689724,,0.38878017514944074,,1.0543125867843628,0.0001,2,2852.7951530275964,0.40839433670043945,,,,,,,,,,,,,,,,,,,,,,,,,,,,,,,,,,,,,,,,,,,,,,,,,,,,,
flow,4730,,0.009460682491771876,0.2792731441557407,0.10619159955531358,,0.3864108115434647,,1.0727483034133911,0.0001,2,2767.353847337545,0.40839433670043945,,,,,,,,,,,,,,,,,,,,,,,,,,,,,,,,,,,,,,,,,,,,,,,,,,,,,
flow,4740,,0.00899503311375156,0.26739926524460317,0.10515930708497763,,0.37345807552337645,,1.0308101177215576,0.0001,2,3027.761908190801,0.40839433670043945,,,,,,,,,,,,,,,,,,,,,,,,,,,,,,,,,,,,,,,,,,,,,,,,,,,,,
flow,4750,,0.008674983924720436,0.2819506719708443,0.10359108718112112,,0.3864092595875263,,1.0081226825714111,0.0001,2,3105.267028292045,0.40839433670043945,,,,,,,,,,,,,,,,,,,,,,,,,,,,,,,,,,,,,,,,,,,,,,,,,,,,,
flow,4760,,0.009187155519612134,0.2846263937652111,0.09715896183624864,,0.3827040694653988,,0.9618862867355347,0.0001,2,2976.870997638594,0.40839433670043945,,,,,,,,,,,,,,,,,,,,,,,,,,,,,,,,,,,,,,,,,,,,,,,,,,,,,
flow,4766,,,,,,,,,,,,,,,,,,,,,,,0.3,6,20,0.14547527396899385,0.5189767762289793,78.49377227202058,1573.5362640116364,1602.2048782557247,0.067399432414677,0.07048890581121668,0.09457882432004389,665600,16,40,0.3,6,20,0.14547527396899385,0.5189767762289793,79.33535310067236,1587.0516886003315,1608.6167170666156,0.3068836324766744,0.17800935255829245,0.14780335551939713,665600,16,40,0.1,2,20,0.027865893984153206,0.30103820641179335,78.51693940348923,1563.4172872174531,1583.2009498029947,0.5149561218987219,0.34108470476698133,0.2066532592062289,665600,16,40,0.2333333333333333
flow,4770,,0.008656080509535969,0.2868601053953171,0.0921148800291121,,0.37984059378504753,,0.8999108076095581,0.0001,3,4.991495783728702,0.40839433670043945,,,,,,,,,,,,,,,,,,,,,,,,,,,,,,,,,,,,,,,,,,,,,,,,,,,,,
flow,4780,,0.00867998159956187,0.2867677792906761,0.09585318146273494,,0.38348895981907843,,1.0390619039535522,0.0001,3,2808.2063203586035,0.40839433670043945,,,,,,,,,,,,,,,,,,,,,,,,,,,,,,,,,,,,,,,,,,,,,,,,,,,,,
flow,4790,,0.00916909392690286,0.2845680445432663,0.10293407402932644,,0.38841902986168864,,0.9327523112297058,0.0001,3,2608.7533762961943,0.40839433670043945,,,,,,,,,,,,,,,,,,,,,,,,,,,,,,,,,,,,,,,,,,,,,,,,,,,,,
flow,4800,,0.00891944874310866,0.27314380183815956,0.09724984932690858,,0.37128559723496435,,0.976456880569458,0.0001,3,2925.6319528511235,0.40839433670043945,,,,,,,,,,,,,,,,,,,,,,,,,,,,,,,,,,,,,,,,,,,,,,,,,,,,,
flow,4810,,0.008857342903502286,0.2765492215752602,0.09624982895329595,,0.37368478924036025,,1.0709627866744995,0.0001,3,3011.7007760811425,0.40839433670043945,,,,,,,,,,,,,,,,,,,,,,,,,,,,,,,,,,,,,,,,,,,,,,,,,,,,,
flow,4820,,0.008807713561691344,0.2805910624563694,0.10907444227486848,,0.39054627642035483,,1.0539970397949219,0.0001,3,3094.281170384382,0.40839433670043945,,,,,,,,,,,,,,,,,,,,,,,,,,,,,,,,,,,,,,,,,,,,,,,,,,,,,
flow,4830,,0.008883043401874601,0.2710153918713331,0.09222263284027576,,0.36412633061408994,,0.8758875727653503,0.0001,3,2949.8594355091063,0.40839433670043945,,,,,,,,,,,,,,,,,,,,,,,,,,,,,,,,,,,,,,,,,,,,,,,,,,,,,
flow,4840,,0.008855190686881542,0.2846557807177305,0.09463075511157512,,0.3801720544695854,,0.9806584715843201,0.0001,3,3098.1529996638624,0.40839433670043945,,,,,,,,,,,,,,,,,,,,,,,,,,,,,,,,,,,,,,,,,,,,,,,,,,,,,
flow,4850,,0.008410366380121558,0.2818168319761753,0.10008994117379189,,0.38274780809879305,,1.2561252117156982,0.0001,3,3055.2151170136294,0.40839433670043945,,,,,,,,,,,,,,,,,,,,,,,,,,,,,,,,,,,,,,,,,,,,,,,,,,,,,
flow,4860,,0.008727416826877743,0.27610412053763866,0.09259742181748151,,0.3695742845535278,,0.9736025929450989,0.0001,3,2846.091385186451,0.40839433670043945,,,,,,,,,,,,,,,,,,,,,,,,,,,,,,,,,,,,,,,,,,,,,,,,,,,,,
flow,4870,,0.008554094529245049,0.27189792804419993,0.09900171477347612,,0.3717550508677959,,0.9837983250617981,0.0001,3,2870.991576683875,0.40839433670043945,,,,,,,,,,,,,,,,,,,,,,,,,,,,,,,,,,,,,,,,,,,,,,,,,,,,,
flow,4880,,0.009035712061449885,0.28077930882573127,0.10499532520771027,,0.38667820319533347,,0.9865683913230896,0.0001,3,2806.8489685112972,0.40839433670043945,,,,,,,,,,,,,,,,,,,,,,,,,,,,,,,,,,,,,,,,,,,,,,,,,,,,,
flow,4890,,0.009052572154905647,0.2798367965966463,0.10419324990361929,,0.3849353052675724,,1.1156550645828247,0.0001,3,2915.8480538142358,0.40839433670043945,,,,,,,,,,,,,,,,,,,,,,,,,,,,,,,,,,,,,,,,,,,,,,,,,,,,,
flow,4900,,0.008491598919499665,0.28386202454566956,0.09065814716741442,,0.37536933124065397,,0.9752589464187622,0.0001,3,3083.1485940028724,0.40839433670043945,,,,,,,,,,,,,,,,,,,,,,,,,,,,,,,,,,,,,,,,,,,,,,,,,,,,,
flow,4910,,0.008597812452353536,0.27509228996932505,0.09456395898014307,,0.37051603123545646,,1.0811268091201782,0.0001,3,2623.052821666545,0.40839433670043945,,,,,,,,,,,,,,,,,,,,,,,,,,,,,,,,,,,,,,,,,,,,,,,,,,,,,
flow,4920,,0.008924893150106073,0.28263619914650917,0.1020527900196612,,0.3855814769864082,,0.8781321048736572,0.0001,3,2716.5468820996985,0.40839433670043945,,,,,,,,,,,,,,,,,,,,,,,,,,,,,,,,,,,,,,,,,,,,,,,,,,,,,
flow,4930,,0.008276236604433506,0.27226310931146147,0.09324668096378445,,0.36633741185069085,,0.9626919031143188,0.0001,3,2884.02374805158,0.40839433670043945,,,,,,,,,,,,,,,,,,,,,,,,,,,,,,,,,,,,,,,,,,,,,,,,,,,,,
flow,4940,,0.008503569441381842,0.2819358557462692,0.09577575493603945,,0.3785619728267193,,0.9857154488563538,0.0001,3,2669.9245460445845,0.40839433670043945,,,,,,,,,,,,,,,,,,,,,,,,,,,,,,,,,,,,,,,,,,,,,,,,,,,,,
flow,4950,,0.008332305832300334,0.2854684814810753,0.09534522760659456,,0.38164694160223006,,1.0347769260406494,0.0001,3,2952.490192927541,0.40839433670043945,,,,,,,,,,,,,,,,,,,,,,,,,,,,,,,,,,,,,,,,,,,,,,,,,,,,,
flow,4960,,0.009080086892936379,0.2820085994899273,0.09685716852545738,,0.3797737777233124,,1.0836740732192993,0.0001,3,2986.4648417596386,0.40839433670043945,,,,,,,,,,,,,,,,,,,,,,,,,,,,,,,,,,,,,,,,,,,,,,,,,,,,,
flow,4970,,0.008838620770256966,0.28330448977649214,0.09972963714972138,,0.3839179888367653,,0.9677712917327881,0.0001,3,2780.4516051814594,0.40839433670043945,,,,,,,,,,,,,,,,,,,,,,,,,,,,,,,,,,,,,,,,,,,,,,,,,,,,,
flow,4980,,0.008642477553803474,0.27369858175516126,0.0918013489805162,,0.3663641784340143,,0.9666726589202881,0.0001,3,3001.4020758233924,0.40839433670043945,,,,,,,,,,,,,,,,,,,,,,,,,,,,,,,,,,,,,,,,,,,,,,,,,,,,,
flow,4990,,0.008652156894095242,0.2668534066528082,0.09660330871120096,,0.36432192772626876,,1.0511683225631714,0.0001,3,2768.0185477344767,0.40839433670043945,,,,,,,,,,,,,,,,,,,,,,,,,,,,,,,,,,,,,,,,,,,,,,,,,,,,,
flow,5000,,0.008959648571908474,0.278794164955616,0.09975630789995193,,0.37944643944501877,,1.0034610033035278,0.0001,3,3092.524261863358,0.40839433670043945,,,,,,,,,,,,,,,,,,,,,,,,,,,,,,,,,,,,,,,,,,,,,,,,,,,,,
flow,5000,,,,,,,,,,,,,,0.007218294340418652,0.25873049162328243,0.07174353604204953,,0.33119585271924734,,0.2507296835538,0.08247314812615514,0.0,,,,,,,,,,,,,,,,,,,,,,,,,,,,,,,,,,,,,,,,,,,
flow,5000,,,,,,,,,,,,,,,,,,,,,,,0.45,9,20,0.25819502085709295,0.6579179916924003,78.50338764116168,1568.2562660891563,1613.486352469772,0.07802477134391665,0.0778168364148587,0.09639028754467384,665600,16,40,0.1,2,20,0.027865893984153206,0.30103820641179335,79.04969651810825,1580.9309581294656,1599.6011070907116,0.29343532567319924,0.18806672505801544,0.16900258500200624,665600,16,40,0.25,5,20,0.11186005278940309,0.4687050099580636,78.90534208901227,1573.656960669905,1611.9695402681825,0.4053854867222253,0.2691874145437032,0.18864234576288325,665600,16,40,0.26666666666666666
flow,5010,,0.009164958563633262,0.2818907041102648,0.09259311091154813,,0.375400310754776,,1.1571729183197021,0.0001,3,4.967108862614247,0.40839433670043945,,,,,,,,,,,,,,,,,,,,,,,,,,,,,,,,,,,,,,,,,,,,,,,,,,,,,
flow,5020,,0.00908188367029652,0.28342399522662165,0.0997293340973556,,0.38406151756644247,,1.0746610164642334,0.0001,3,2972.6665955909016,0.40839433670043945,,,,,,,,,,,,,,,,,,,,,,,,,,,,,,,,,,,,,,,,,,,,,,,,,,,,,
flow,5030,,0.008751137007493526,0.2801854260265827,0.0980239612981677,,0.3790845014154911,,1.0064626932144165,0.0001,3,2832.132933221448,0.40839433670043945,,,,,,,,,,,,,,,,,,,,,,,,,,,,,,,,,,,,,,,,,,,,,,,,,,,,,
flow,5040,,0.00879201436182484,0.2690632063895464,0.09101585075259208,,0.36095826178789137,,1.009520411491394,0.0001,3,2943.224868589277,0.40839433670043945,,,,,,,,,,,,,,,,,,,,,,,,,,,,,,,,,,,,,,,,,,,,,,,,,,,,,
flow,5050,,0.009275634086225181,0.28858066387474535,0.0985236327163875,,0.3880318611860275,,1.008772373199463,0.0001,3,2851.6212617769907,0.40839433670043945,,,,,,,,,,,,,,,,,,,,,,,,,,,,,,,,,,,,,,,,,,,,,,,,,,,,,
flow,5060,,0.009215375315397978,0.2781534343957901,0.09762552864849568,,0.37670050635933877,,0.920103907585144,0.0001,3,2793.0495074314827,0.40839433670043945,,,,,,,,,,,,,,,,,,,,,,,,,,,,,,,,,,,,,,,,,,,,,,,,,,,,,
flow,5070,,0.008734626893419773,0.27409595549106597,0.08755867825821043,,0.36252809688448906,,0.9824580550193787,0.0001,3,3075.332239147568,0.40839433670043945,,,,,,,,,,,,,,,,,,,,,,,,,,,,,,,,,,,,,,,,,,,,,,,,,,,,,
flow,5080,,0.008774637989699841,0.2634733885526657,0.08821443002671003,,0.3525652874261141,,1.0231359004974365,0.0001,3,3088.7344213468195,0.40839433670043945,,,,,,,,,,,,,,,,,,,,,,,,,,,,,,,,,,,,,,,,,,,,,,,,,,,,,
flow,5090,,0.009382359450682998,0.27926986664533615,0.09783486304804682,,0.3780429646372795,,0.9869801998138428,0.0001,3,3087.421029676502,0.40839433670043945,,,,,,,,,,,,,,,,,,,,,,,,,,,,,,,,,,,,,,,,,,,,,,,,,,,,,
flow,5100,,0.00869782897643745,0.27078121080994605,0.09311472065746784,,0.36476571336388586,,0.9977107644081116,0.0001,3,3033.8903869572555,0.40839433670043945,,,,,,,,,,,,,,,,,,,,,,,,,,,,,,,,,,,,,,,,,,,,,,,,,,,,,
flow,5110,,0.008201605477370321,0.26987904086709025,0.09569044718518853,,0.3663896478712559,,0.9971094131469727,0.0001,3,3120.9492742874786,0.40839433670043945,,,,,,,,,,,,,,,,,,,,,,,,,,,,,,,,,,,,,,,,,,,,,,,,,,,,,
flow,5120,,0.008694033022038639,0.2770946018397808,0.09869921216741204,,0.37666321769356725,,0.9283011555671692,0.0001,3,3148.6875385521857,0.40839433670043945,,,,,,,,,,,,,,,,,,,,,,,,,,,,,,,,,,,,,,,,,,,,,,,,,,,,,
flow,5130,,0.00880406602518633,0.2662957016378641,0.09102116525173187,,0.3581972762942314,,1.1500571966171265,0.0001,3,3110.133725861267,0.40839433670043945,,,,,,,,,,,,,,,,,,,,,,,,,,,,,,,,,,,,,,,,,,,,,,,,,,,,,
flow,5140,,0.008584846497979016,0.2814488887786865,0.09265958126634359,,0.37496695294976234,,1.055306077003479,0.0001,3,3001.6598596056383,0.40839433670043945,,,,,,,,,,,,,,,,,,,,,,,,,,,,,,,,,,,,,,,,,,,,,,,,,,,,,
flow,5150,,0.008212255011312664,0.2692265212535858,0.09620651006698608,,0.36625425815582274,,0.9236640930175781,0.0001,3,2962.3516737132045,0.40839433670043945,,,,,,,,,,,,,,,,,,,,,,,,,,,,,,,,,,,,,,,,,,,,,,,,,,,,,
flow,5160,,0.008986433316022158,0.2713925834745169,0.0980512835085392,,0.37034251131117346,,1.0806474685668945,0.0001,3,2919.4045066177737,0.40839433670043945,,,,,,,,,,,,,,,,,,,,,,,,,,,,,,,,,,,,,,,,,,,,,,,,,,,,,
flow,5170,,0.008898646407760679,0.2743268750607967,0.09234507000073791,,0.3675618104636669,,0.9929633140563965,0.0001,3,2935.1958090996127,0.40839433670043945,,,,,,,,,,,,,,,,,,,,,,,,,,,,,,,,,,,,,,,,,,,,,,,,,,,,,
flow,5180,,0.008888538647443055,0.27626003213226796,0.09566496312618256,,0.37281385287642477,,1.0358067750930786,0.0001,3,2941.41181128883,0.40839433670043945,,,,,,,,,,,,,,,,,,,,,,,,,,,,,,,,,,,,,,,,,,,,,,,,,,,,,
flow,5190,,0.008177539834287017,0.2679784305393696,0.09440302820876241,,0.36319921612739564,,1.0277328491210938,0.0001,3,3005.4234545749573,0.40839433670043945,,,,,,,,,,,,,,,,,,,,,,,,,,,,,,,,,,,,,,,,,,,,,,,,,,,,,
flow,5200,,0.008259537967387588,0.28016735650599,0.09406611872836948,,0.37505943030118943,,1.0010895729064941,0.0001,3,2996.8367012163026,0.40839433670043945,,,,,,,,,,,,,,,,,,,,,,,,,,,,,,,,,,,,,,,,,,,,,,,,,,,,,
flow,5210,,0.008377831091638654,0.28014081344008446,0.08965245983563364,,0.37063105776906013,,1.031246304512024,0.0001,3,2877.172464862986,0.40839433670043945,,,,,,,,,,,,,,,,,,,,,,,,,,,,,,,,,,,,,,,,,,,,,,,,,,,,,
flow,5220,,0.008777039963752032,0.2718134555965662,0.08637450579553843,,0.3590656630694866,,0.987271249294281,0.0001,3,2896.065329662697,0.40839433670043945,,,,,,,,,,,,,,,,,,,,,,,,,,,,,,,,,,,,,,,,,,,,,,,,,,,,,
flow,5230,,0.008502607722766698,0.27545122765004637,0.09083862854167819,,0.3671401161700487,,1.0614420175552368,0.0001,3,3006.0528742305582,0.40839433670043945,,,,,,,,,,,,,,,,,,,,,,,,,,,,,,,,,,,,,,,,,,,,,,,,,,,,,
flow,5240,,0.00851022064452991,0.2746131453663111,0.08714273171499372,,0.3626069001853466,,0.940978467464447,0.0001,3,2932.590598866573,0.40839433670043945,,,,,,,,,,,,,,,,,,,,,,,,,,,,,,,,,,,,,,,,,,,,,,,,,,,,,
flow,5250,,0.008340647001750768,0.28296082019805907,0.09629008919000626,,0.38008497655391693,,1.0291613340377808,0.0001,3,2970.841176566511,0.40839433670043945,,,,,,,,,,,,,,,,,,,,,,,,,,,,,,,,,,,,,,,,,,,,,,,,,,,,,
flow,5260,,0.00836974618723616,0.29235810562968256,0.09749666647985578,,0.39069174639880655,,1.0566685199737549,0.0001,3,2963.0427980340028,0.40839433670043945,,,,,,,,,,,,,,,,,,,,,,,,,,,,,,,,,,,,,,,,,,,,,,,,,,,,,
flow,5270,,0.008762820612173528,0.2810058660805225,0.09436806356534362,,0.37625020891427996,,0.7854251861572266,0.0001,3,2951.6041571461997,0.40839433670043945,,,,,,,,,,,,,,,,,,,,,,,,,,,,,,,,,,,,,,,,,,,,,,,,,,,,,
flow,5280,,0.009532726870384067,0.2939679931849241,0.10016873255372047,,0.39508999660611155,,0.9761595129966736,0.0001,3,2953.0898295985007,0.40839433670043945,,,,,,,,,,,,,,,,,,,,,,,,,,,,,,,,,,,,,,,,,,,,,,,,,,,,,
flow,5290,,0.008987995609641076,0.2662342496216297,0.09088534666225315,,0.3580183982849121,,0.9949959516525269,0.0001,3,2951.601913216127,0.40839433670043945,,,,,,,,,,,,,,,,,,,,,,,,,,,,,,,,,,,,,,,,,,,,,,,,,,,,,
flow,5300,,0.008828811079729349,0.2617265872657299,0.09983412036672235,,0.36244358867406845,,1.0369064807891846,0.0001,3,2900.1883438517166,0.40839433670043945,,,,,,,,,,,,,,,,,,,,,,,,,,,,,,,,,,,,,,,,,,,,,,,,,,,,,
flow,5310,,0.008548575930763035,0.27396984919905665,0.0947514391504228,,0.3695761479437351,,1.0112900733947754,0.0001,3,3004.9284365727603,0.40839433670043945,,,,,,,,,,,,,,,,,,,,,,,,,,,,,,,,,,,,,,,,,,,,,,,,,,,,,
flow,5320,,0.008838714857120067,0.2690379310399294,0.0933907431550324,,0.3633125491440296,,1.0525500774383545,0.0001,3,3021.980144876379,0.40839433670043945,,,,,,,,,,,,,,,,,,,,,,,,,,,,,,,,,,,,,,,,,,,,,,,,,,,,,
flow,5330,,0.008556618832517415,0.2754336465150118,0.10079003991559148,,0.3770793505012989,,1.0252066850662231,0.0001,3,3038.4315588831605,0.40839433670043945,,,,,,,,,,,,,,,,,,,,,,,,,,,,,,,,,,,,,,,,,,,,,,,,,,,,,
flow,5340,,0.008533367165364325,0.2785128731280565,0.09761043433099985,,0.37697664797306063,,1.0394092798233032,0.0001,3,3150.9409042081684,0.40839433670043945,,,,,,,,,,,,,,,,,,,,,,,,,,,,,,,,,,,,,,,,,,,,,,,,,,,,,
flow,5350,,0.00888941555749625,0.2714028310030699,0.10397803010419011,,0.3762698031961918,,0.969159722328186,0.0001,3,2795.515492649632,0.40839433670043945,,,,,,,,,,,,,,,,,,,,,,,,,,,,,,,,,,,,,,,,,,,,,,,,,,,,,
flow,5360,,0.00858694784110412,0.2744900330901146,0.09763335948809981,,0.3729820840060711,,1.1010888814926147,0.0001,3,3044.026451976237,0.40839433670043945,,,,,,,,,,,,,,,,,,,,,,,,,,,,,,,,,,,,,,,,,,,,,,,,,,,,,
flow,5370,,0.008850003872066737,0.2621475238353014,0.10256950231269002,,0.36560202986001966,,0.8132872581481934,0.0001,3,3146.2888263673685,0.40839433670043945,,,,,,,,,,,,,,,,,,,,,,,,,,,,,,,,,,,,,,,,,,,,,,,,,,,,,
flow,5380,,0.00855559683404863,0.2742925375699997,0.08845871766097843,,0.3636068131774664,,1.036912202835083,0.0001,3,3142.346937113468,0.40839433670043945,,,,,,,,,,,,,,,,,,,,,,,,,,,,,,,,,,,,,,,,,,,,,,,,,,,,,
flow,5390,,0.00863795621553436,0.274535420909524,0.09454423692077399,,0.3699434570968151,,1.1689974069595337,0.0001,3,3080.8431105192826,0.40839433670043945,,,,,,,,,,,,,,,,,,,,,,,,,,,,,,,,,,,,,,,,,,,,,,,,,,,,,
flow,5400,,0.008771504426840692,0.2721208602190018,0.09560131235048175,,0.36859932318329813,,1.0446810722351074,0.0001,3,3143.7110811997795,0.40839433670043945,,,,,,,,,,,,,,,,,,,,,,,,,,,,,,,,,,,,,,,,,,,,,,,,,,,,,
flow,5410,,0.009170133247971534,0.2682457033544779,0.09629221674986184,,0.3654549352824688,,1.035008430480957,0.0001,3,3164.075393473751,0.40839433670043945,,,,,,,,,,,,,,,,,,,,,,,,,,,,,,,,,,,,,,,,,,,,,,,,,,,,,
flow,5420,,0.008331395674031229,0.27374271042644976,0.09312208974733949,,0.3676979400217533,,0.9933847188949585,0.0001,3,3109.9598269962153,0.40839433670043945,,,,,,,,,,,,,,,,,,,,,,,,,,,,,,,,,,,,,,,,,,,,,,,,,,,,,
flow,5430,,0.008685341221280396,0.27080793045461177,0.09247291488572955,,0.3641493782401085,,0.8690980076789856,0.0001,3,3184.070464201254,0.40839433670043945,,,,,,,,,,,,,,,,,,,,,,,,,,,,,,,,,,,,,,,,,,,,,,,,,,,,,
flow,5440,,0.008923420123755932,0.27180858626961707,0.09320869306102395,,0.3659096211194992,,1.0014469623565674,0.0001,3,3128.5807651641717,0.40839433670043945,,,,,,,,,,,,,,,,,,,,,,,,,,,,,,,,,,,,,,,,,,,,,,,,,,,,,
flow,5450,,0.008396951190661639,0.27031881250441075,0.09300543684512377,,0.3641639448702335,,1.0339996814727783,0.0001,3,3055.3337577398524,0.40839433670043945,,,,,,,,,,,,,,,,,,,,,,,,,,,,,,,,,,,,,,,,,,,,,,,,,,,,,
flow,5460,,0.009351036930456757,0.272211080417037,0.10151389446109534,,0.3746600732207298,,0.990333616733551,0.0001,3,3069.7391864151823,0.40839433670043945,,,,,,,,,,,,,,,,,,,,,,,,,,,,,,,,,,,,,,,,,,,,,,,,,,,,,
flow,5470,,0.008791733905673027,0.27828162238001825,0.0903051869943738,,0.36946598440408707,,1.0222119092941284,0.0001,3,3166.443286921624,0.40839433670043945,,,,,,,,,,,,,,,,,,,,,,,,,,,,,,,,,,,,,,,,,,,,,,,,,,,,,
flow,5480,,0.008775495504960418,0.26754112616181375,0.09714381331577897,,0.3655624933540821,,0.9525861144065857,0.0001,3,3138.3642030703704,0.40839433670043945,,,,,,,,,,,,,,,,,,,,,,,,,,,,,,,,,,,,,,,,,,,,,,,,,,,,,
flow,5490,,0.00904812189983204,0.2725366212427616,0.09659280115738511,,0.3700342372059822,,0.9109252691268921,0.0001,3,3102.4546280614354,0.40839433670043945,,,,,,,,,,,,,,,,,,,,,,,,,,,,,,,,,,,,,,,,,,,,,,,,,,,,,
flow,5500,,0.008614869078155608,0.2746451131999493,0.09761984320357442,,0.3731264419853687,,1.0702978372573853,0.0001,3,3057.618620298803,0.40839433670043945,,,,,,,,,,,,,,,,,,,,,,,,,,,,,,,,,,,,,,,,,,,,,,,,,,,,,
flow,5500,,,,,,,,,,,,,,0.007401527545880526,0.2460668133571744,0.07354111724998802,,0.32034808304160833,,0.24268037686124444,0.0988953848136589,0.0,,,,,,,,,,,,,,,,,,,,,,,,,,,,,,,,,,,,,,,,,,,
flow,5510,,0.008547368331346662,0.2662481591105461,0.09238111609593033,,0.3594840131700039,,1.1418018341064453,0.0001,3,694.0475646719218,0.40839433670043945,,,,,,,,,,,,,,,,,,,,,,,,,,,,,,,,,,,,,,,,,,,,,,,,,,,,,
flow,5520,,0.008975243824534119,0.26998740844428537,0.10221765525639057,,0.3731025904417038,,0.9725295901298523,0.0001,3,2885.119875313507,0.40839433670043945,,,,,,,,,,,,,,,,,,,,,,,,,,,,,,,,,,,,,,,,,,,,,,,,,,,,,
flow,5530,,0.008257903810590505,0.27154792584478854,0.08408119026571512,,0.35645490810275077,,1.1007468700408936,0.0001,3,2824.954870200701,0.40839433670043945,,,,,,,,,,,,,,,,,,,,,,,,,,,,,,,,,,,,,,,,,,,,,,,,,,,,,
flow,5540,,0.008729710208717734,0.267585077136755,0.09427642915397882,,0.3627344809472561,,0.9329708814620972,0.0001,3,2577.708370775939,0.40839433670043945,,,,,,,,,,,,,,,,,,,,,,,,,,,,,,,,,,,,,,,,,,,,,,,,,,,,,
flow,5550,,0.008313639927655459,0.2681358437985182,0.0937369148246944,,0.3627041194587946,,1.0877560377120972,0.0001,3,3048.9350136204844,0.40839433670043945,,,,,,,,,,,,,,,,,,,,,,,,,,,,,,,,,,,,,,,,,,,,,,,,,,,,,
flow,5560,,0.008808714302722365,0.27356533594429494,0.09779131254181266,,0.3722375206649303,,0.9752674102783203,0.0001,3,2987.2194907923063,0.40839433670043945,,,,,,,,,,,,,,,,,,,,,,,,,,,,,,,,,,,,,,,,,,,,,,,,,,,,,
flow,5570,,0.008869598701130599,0.2644030872732401,0.09945178125053644,,0.3647418275475502,,0.9984118342399597,0.0001,3,3066.417371818628,0.40839433670043945,,,,,,,,,,,,,,,,,,,,,,,,,,,,,,,,,,,,,,,,,,,,,,,,,,,,,
flow,5580,,0.00889601615490392,0.26262480169534685,0.09669097121804952,,0.36020537167787553,,0.8440338373184204,0.0001,3,2975.0413531948757,0.40839433670043945,,,,,,,,,,,,,,,,,,,,,,,,,,,,,,,,,,,,,,,,,,,,,,,,,,,,,
flow,5590,,0.008639693656004966,0.26986256465315817,0.09959884686395526,,0.37032538279891014,,1.000038504600525,0.0001,3,2997.6915739072833,0.40839433670043945,,,,,,,,,,,,,,,,,,,,,,,,,,,,,,,,,,,,,,,,,,,,,,,,,,,,,
flow,5600,,0.009138240374159067,0.2768358465284109,0.10279394732788205,,0.3805436171591282,,1.0448739528656006,0.0001,3,2963.62700784725,0.40839433670043945,,,,,,,,,,,,,,,,,,,,,,,,,,,,,,,,,,,,,,,,,,,,,,,,,,,,,
flow,5610,,0.008556636597495526,0.267430979013443,0.08776262579485775,,0.35604926720261576,,0.9700085520744324,0.0001,3,3094.694961448778,0.40839433670043945,,,,,,,,,,,,,,,,,,,,,,,,,,,,,,,,,,,,,,,,,,,,,,,,,,,,,
flow,5620,,0.008623329596593976,0.2656407982110977,0.09185621012002229,,0.3583593420684338,,0.9347116351127625,0.0001,3,3127.787307714773,0.40839433670043945,,,,,,,,,,,,,,,,,,,,,,,,,,,,,,,,,,,,,,,,,,,,,,,,,,,,,
flow,5630,,0.008649846445769072,0.271462669968605,0.09322469960898161,,0.3655523553490639,,0.882668673992157,0.0001,3,3051.2257431922517,0.40839433670043945,,,,,,,,,,,,,,,,,,,,,,,,,,,,,,,,,,,,,,,,,,,,,,,,,,,,,
flow,5640,,0.008428720547817648,0.26962320506572723,0.08627181695774197,,0.35673789493739605,,1.2120749950408936,0.0001,3,2756.5713674340336,0.40839433670043945,,,,,,,,,,,,,,,,,,,,,,,,,,,,,,,,,,,,,,,,,,,,,,,,,,,,,
flow,5650,,0.008570911514107138,0.26519651599228383,0.10099453367292881,,0.36704814061522484,,1.0965216159820557,0.0001,3,2939.503020274662,0.40839433670043945,,,,,,,,,,,,,,,,,,,,,,,,,,,,,,,,,,,,,,,,,,,,,,,,,,,,,
flow,5660,,0.008322844805661589,0.2646368745714426,0.08772839764133096,,0.3531975567340851,,0.9485815167427063,0.0001,3,2970.9234663233337,0.40839433670043945,,,,,,,,,,,,,,,,,,,,,,,,,,,,,,,,,,,,,,,,,,,,,,,,,,,,,
flow,5670,,0.008624621131457389,0.2789348099380732,0.09724818430840969,,0.37704545482993124,,0.9012438654899597,0.0001,3,3060.808025977229,0.40839433670043945,,,,,,,,,,,,,,,,,,,,,,,,,,,,,,,,,,,,,,,,,,,,,,,,,,,,,
flow,5680,,0.008903336711227894,0.2658594697713852,0.09694992853328585,,0.3636997327208519,,0.9841210246086121,0.0001,3,3128.780243019202,0.40839433670043945,,,,,,,,,,,,,,,,,,,,,,,,,,,,,,,,,,,,,,,,,,,,,,,,,,,,,
flow,5690,,0.008870117564219982,0.26548247039318085,0.09349243850447238,,0.35986192263662814,,1.0788705348968506,0.0001,3,3134.39180933032,0.40839433670043945,,,,,,,,,,,,,,,,,,,,,,,,,,,,,,,,,,,,,,,,,,,,,,,,,,,,,
flow,5700,,0.008872703183442354,0.2669537544250488,0.10293878987431526,,0.37077981755137446,,0.9728132486343384,0.0001,3,3095.0391493456127,0.40839433670043945,,,,,,,,,,,,,,,,,,,,,,,,,,,,,,,,,,,,,,,,,,,,,,,,,,,,,
flow,5710,,0.00835504949791357,0.2646141592413187,0.09444711487740279,,0.35989678278565407,,1.1186600923538208,0.0001,3,3160.680203060347,0.40839433670043945,,,,,,,,,,,,,,,,,,,,,,,,,,,,,,,,,,,,,,,,,,,,,,,,,,,,,
flow,5720,,0.009116664750035853,0.26532471887767317,0.09132157871499658,,0.3575579673051834,,0.9811564683914185,0.0001,3,3105.131667961242,0.40839433670043945,,,,,,,,,,,,,,,,,,,,,,,,,,,,,,,,,,,,,,,,,,,,,,,,,,,,,
flow,5730,,0.009222677943762391,0.2752171538770199,0.10862418208271266,,0.3847636036574841,,0.9665747284889221,0.0001,3,3038.651832243404,0.40839433670043945,,,,,,,,,,,,,,,,,,,,,,,,,,,,,,,,,,,,,,,,,,,,,,,,,,,,,
flow,5740,,0.008807275048457085,0.2786938909441233,0.0942838833667338,,0.37385850474238397,,1.0511831045150757,0.0001,3,2646.9748497110036,0.40839433670043945,,,,,,,,,,,,,,,,,,,,,,,,,,,,,,,,,,,,,,,,,,,,,,,,,,,,,
flow,5750,,0.00896982183912769,0.2689368300139904,0.09363257884979248,,0.3634663984179497,,0.997633159160614,0.0001,3,2844.06822142228,0.40839433670043945,,,,,,,,,,,,,,,,,,,,,,,,,,,,,,,,,,,,,,,,,,,,,,,,,,,,,
flow,5760,,0.009021603548899294,0.27342052161693575,0.10135394427925348,,0.37567662782967093,,1.04935622215271,0.0001,3,3049.8940744460756,0.40839433670043945,,,,,,,,,,,,,,,,,,,,,,,,,,,,,,,,,,,,,,,,,,,,,,,,,,,,,
flow,5770,,0.008702788676600903,0.26850729882717134,0.09781586192548275,,0.3671934403479099,,1.1175719499588013,0.0001,3,2915.400864286331,0.40839433670043945,,,,,,,,,,,,,,,,,,,,,,,,,,,,,,,,,,,,,,,,,,,,,,,,,,,,,
flow,5780,,0.008761234721168876,0.27440862618386747,0.0995263715274632,,0.37481112256646154,,1.0647635459899902,0.0001,3,2809.8169477820247,0.40839433670043945,,,,,,,,,,,,,,,,,,,,,,,,,,,,,,,,,,,,,,,,,,,,,,,,,,,,,
flow,5790,,0.009055730316322296,0.26427684016525743,0.09605883480980992,,0.3612412516027689,,0.9451305270195007,0.0001,3,2995.9376196046305,0.40839433670043945,,,,,,,,,,,,,,,,,,,,,,,,,,,,,,,,,,,,,,,,,,,,,,,,,,,,,
flow,5800,,0.008631344244349748,0.27266532368957996,0.08971802890300751,,0.36324648670852183,,1.0951297283172607,0.0001,3,3048.5939566887414,0.40839433670043945,,,,,,,,,,,,,,,,,,,,,,,,,,,,,,,,,,,,,,,,,,,,,,,,,,,,,
flow,5810,,0.009073456015903503,0.2737950667738914,0.09506450360640883,,0.36976691484451296,,0.9650733470916748,0.0001,3,3078.9884356310386,0.40839433670043945,,,,,,,,,,,,,,,,,,,,,,,,,,,,,,,,,,,,,,,,,,,,,,,,,,,,,
flow,5820,,0.008499830984510482,0.2625045247375965,0.08696140572428704,,0.35031591579318044,,1.084649682044983,0.0001,3,3087.10914106446,0.40839433670043945,,,,,,,,,,,,,,,,,,,,,,,,,,,,,,,,,,,,,,,,,,,,,,,,,,,,,
flow,5830,,0.009047259960789233,0.2664131361991167,0.09483376257121563,,0.362151625752449,,0.9491073489189148,0.0001,3,3057.615749724236,0.40839433670043945,,,,,,,,,,,,,,,,,,,,,,,,,,,,,,,,,,,,,,,,,,,,,,,,,,,,,
flow,5840,,0.00831689618062228,0.2581244111061096,0.10139994705095887,,0.3603560484945774,,0.9185331463813782,0.0001,3,2940.1630562156356,0.40839433670043945,,,,,,,,,,,,,,,,,,,,,,,,,,,,,,,,,,,,,,,,,,,,,,,,,,,,,
flow,5850,,0.008193634531926364,0.2656087137758732,0.08498723860830068,,0.35141531378030777,,1.003298044204712,0.0001,3,3005.154129415394,0.40839433670043945,,,,,,,,,,,,,,,,,,,,,,,,,,,,,,,,,,,,,,,,,,,,,,,,,,,,,
flow,5860,,0.008799274370539933,0.26278934739530085,0.09307424500584602,,0.3567435201257467,,1.0505945682525635,0.0001,3,3022.203595048497,0.40839433670043945,,,,,,,,,,,,,,,,,,,,,,,,,,,,,,,,,,,,,,,,,,,,,,,,,,,,,
flow,5870,,0.008380953199230134,0.26438275799155236,0.0930192731320858,,0.35824012756347656,,0.960239827632904,0.0001,3,2879.9880293509223,0.40839433670043945,,,,,,,,,,,,,,,,,,,,,,,,,,,,,,,,,,,,,,,,,,,,,,,,,,,,,
flow,5880,,0.008740203664638102,0.27119886316359043,0.09435430960729718,,0.366427194327116,,0.9055026769638062,0.0001,3,2952.7750410475164,0.40839433670043945,,,,,,,,,,,,,,,,,,,,,,,,,,,,,,,,,,,,,,,,,,,,,,,,,,,,,
flow,5890,,0.008545027335640044,0.2719374429434538,0.09654672378674149,,0.36933866888284683,,1.0033478736877441,0.0001,3,3040.283520807851,0.40839433670043945,,,,,,,,,,,,,,,,,,,,,,,,,,,,,,,,,,,,,,,,,,,,,,,,,,,,,
flow,5900,,0.008887830178719015,0.2572235055267811,0.09531107433140278,,0.3534233674407005,,1.042893886566162,0.0001,3,2987.9764441135558,0.40839433670043945,,,,,,,,,,,,,,,,,,,,,,,,,,,,,,,,,,,,,,,,,,,,,,,,,,,,,
flow,5910,,0.009126984153408558,0.26488574370741846,0.0954507059417665,,0.3612491488456726,,0.9100372195243835,0.0001,3,3055.7290442725107,0.40839433670043945,,,,,,,,,,,,,,,,,,,,,,,,,,,,,,,,,,,,,,,,,,,,,,,,,,,,,
flow,5920,,0.008849534066393971,0.2716881185770035,0.09592341305688024,,0.3684964869171381,,1.1695897579193115,0.0001,3,3016.566706474793,0.40839433670043945,,,,,,,,,,,,,,,,,,,,,,,,,,,,,,,,,,,,,,,,,,,,,,,,,,,,,
flow,5930,,0.008520105958450586,0.26175018697977065,0.08987420005723834,,0.35247639417648313,,1.087476134300232,0.0001,3,2958.0832425081794,0.40839433670043945,,,,,,,,,,,,,,,,,,,,,,,,,,,,,,,,,,,,,,,,,,,,,,,,,,,,,
flow,5940,,0.008705992542672902,0.27015647366642953,0.09671593471430243,,0.3677430093288422,,1.0738368034362793,0.0001,3,3100.6238909753865,0.40839433670043945,,,,,,,,,,,,,,,,,,,,,,,,,,,,,,,,,,,,,,,,,,,,,,,,,,,,,
flow,5950,,0.008424881368409843,0.26322626881301403,0.0915817853063345,,0.35565054342150687,,1.0576257705688477,0.0001,3,3071.094805682214,0.40839433670043945,,,,,,,,,,,,,,,,,,,,,,,,,,,,,,,,,,,,,,,,,,,,,,,,,,,,,
flow,5960,,0.008355967793613672,0.25066499039530754,0.090871292212978,,0.3423718769103289,,0.9440109729766846,0.0001,3,3091.603882950878,0.40839433670043945,,,,,,,,,,,,,,,,,,,,,,,,,,,,,,,,,,,,,,,,,,,,,,,,,,,,,
flow,5970,,0.008782565011642873,0.2645874656736851,0.09084739862009883,,0.3563131168484688,,0.941930890083313,0.0001,3,3034.136446755445,0.40839433670043945,,,,,,,,,,,,,,,,,,,,,,,,,,,,,,,,,,,,,,,,,,,,,,,,,,,,,
flow,5980,,0.008668491523712874,0.2677870124578476,0.08840907579287886,,0.35706293806433675,,1.0614582300186157,0.0001,3,3095.8310972330646,0.40839433670043945,,,,,,,,,,,,,,,,,,,,,,,,,,,,,,,,,,,,,,,,,,,,,,,,,,,,,
flow,5990,,0.008105913398321719,0.2623139336705208,0.09318856373429299,,0.3563130907714367,,0.9608184099197388,0.0001,3,2836.0991709385908,0.40839433670043945,,,,,,,,,,,,,,,,,,,,,,,,,,,,,,,,,,,,,,,,,,,,,,,,,,,,,
flow,6000,,0.008786157937720418,0.2593943875283003,0.10208367938175797,,0.3623566836118698,,0.9661656618118286,0.0001,3,3157.9299907232344,0.40839433670043945,,,,,,,,,,,,,,,,,,,,,,,,,,,,,,,,,,,,,,,,,,,,,,,,,,,,,
flow,6000,,,,,,,,,,,,,,0.0071204788400791585,0.23978333361446857,0.07048461434897035,,0.3109799986705184,,0.24283528560772538,0.08044502511620522,0.0,,,,,,,,,,,,,,,,,,,,,,,,,,,,,,,,,,,,,,,,,,,
flow,6000,,,,,,,,,,,,,,,,,,,,,,,0.25,5,20,0.11186005278940309,0.4687050099580636,77.55240263976157,1544.941942859441,1581.396107934415,0.06276942027383484,0.06640097173629328,0.08817464995484513,665600,16,40,0.05,1,20,0.008881219432873136,0.23613589351256675,78.38663363829255,1566.1192606203258,1611.0322138294578,0.1547826858976623,0.12688686118926853,0.14477123548754323,665600,16,40,0.05,1,20,0.008881219432873136,0.23613589351256675,77.99075833708048,1549.1739366203547,1590.1364309713244,0.45614169009728356,0.2953413024637848,0.1960390334805617,665600,16,40,0.11666666666666665
flow,6010,,0.008348276070319117,0.2769502837210894,0.09251221856102347,,0.37029732912778857,,1.1675713062286377,0.0001,3,5.020109923828678,0.40839433670043945,,,,,,,,,,,,,,,,,,,,,,,,,,,,,,,,,,,,,,,,,,,,,,,,,,,,,
flow,6020,,0.009287764772307128,0.26813425272703173,0.10075031369924545,,0.3698133438825607,,0.8776895999908447,0.0001,3,3036.996298694449,0.40839433670043945,,,,,,,,,,,,,,,,,,,,,,,,,,,,,,,,,,,,,,,,,,,,,,,,,,,,,
flow,6030,,0.009215791116002948,0.26786656491458416,0.09561145673505962,,0.36439960412681105,,0.9661238789558411,0.0001,3,3101.1711792104566,0.40839433670043945,,,,,,,,,,,,,,,,,,,,,,,,,,,,,,,,,,,,,,,,,,,,,,,,,,,,,
flow,6040,,0.009091218386311084,0.26790260449051856,0.10143718728795648,,0.37024891637265683,,0.9765681028366089,0.0001,3,3017.493093754501,0.40839433670043945,,,,,,,,,,,,,,,,,,,,,,,,,,,,,,,,,,,,,,,,,,,,,,,,,,,,,
flow,6050,,0.008538640511687845,0.2737893607467413,0.09694642871618271,,0.3715896546840668,,0.9942518472671509,0.0001,3,3000.8974785002747,0.40839433670043945,,,,,,,,,,,,,,,,,,,,,,,,,,,,,,,,,,,,,,,,,,,,,,,,,,,,,
flow,6060,,0.00853787490632385,0.27316424436867237,0.09211630579084158,,0.36613433733582496,,1.0580151081085205,0.0001,3,3108.4849391400876,0.40839433670043945,,,,,,,,,,,,,,,,,,,,,,,,,,,,,,,,,,,,,,,,,,,,,,,,,,,,,
flow,6070,,0.008653889596462249,0.26490302123129367,0.09129961533471942,,0.3570680245757103,,1.153520107269287,0.0001,3,3176.0986485264575,0.40839433670043945,,,,,,,,,,,,,,,,,,,,,,,,,,,,,,,,,,,,,,,,,,,,,,,,,,,,,
flow,6080,,0.00872269767569378,0.26641798466444017,0.09036305174231529,,0.35765330381691457,,0.91129469871521,0.0001,3,3179.365381068395,0.40839433670043945,,,,,,,,,,,,,,,,,,,,,,,,,,,,,,,,,,,,,,,,,,,,,,,,,,,,,
flow,6090,,0.008637975063174963,0.2685619115829468,0.09968725126236677,,0.3691129617393017,,1.0635143518447876,0.0001,3,3105.31062617597,0.40839433670043945,,,,,,,,,,,,,,,,,,,,,,,,,,,,,,,,,,,,,,,,,,,,,,,,,,,,,
flow,6100,,0.008378829923458397,0.26288931258022785,0.0835971056483686,,0.34732430465519426,,0.9380607008934021,0.0001,3,3190.789769802499,0.40839433670043945,,,,,,,,,,,,,,,,,,,,,,,,,,,,,,,,,,,,,,,,,,,,,,,,,,,,,
flow,6110,,0.00907628594432026,0.2541053410619497,0.08980459645390511,,0.34481756687164306,,1.0746734142303467,0.0001,3,3160.317671922303,0.40839433670043945,,,,,,,,,,,,,,,,,,,,,,,,,,,,,,,,,,,,,,,,,,,,,,,,,,,,,
flow,6120,,0.00837272290373221,0.267850212007761,0.0970460070297122,,0.36573349200189115,,0.9391953349113464,0.0001,3,3000.2816643261935,0.40839433670043945,,,,,,,,,,,,,,,,,,,,,,,,,,,,,,,,,,,,,,,,,,,,,,,,,,,,,
flow,6130,,0.008685323363170027,0.2586361810564995,0.09501825291663409,,0.3545229688286781,,1.0374482870101929,0.0001,3,3111.1067781446163,0.40839433670043945,,,,,,,,,,,,,,,,,,,,,,,,,,,,,,,,,,,,,,,,,,,,,,,,,,,,,
flow,6140,,0.00876495025586337,0.2641343783587217,0.09770177938044071,,0.36271265596151353,,0.9284481406211853,0.0001,3,3169.910622047295,0.40839433670043945,,,,,,,,,,,,,,,,,,,,,,,,,,,,,,,,,,,,,,,,,,,,,,,,,,,,,
flow,6150,,0.008814141643233598,0.2568302366882563,0.0979783178307116,,0.35568996965885163,,1.0972683429718018,0.0001,3,3187.4667822104343,0.40839433670043945,,,,,,,,,,,,,,,,,,,,,,,,,,,,,,,,,,,,,,,,,,,,,,,,,,,,,
flow,6160,,0.008201297302730382,0.2682081826031208,0.09432554664090276,,0.3633538596332073,,1.0583783388137817,0.0001,3,3161.0045325709452,0.40839433670043945,,,,,,,,,,,,,,,,,,,,,,,,,,,,,,,,,,,,,,,,,,,,,,,,,,,,,
flow,6170,,0.008392953663133085,0.269820711761713,0.09373121345415711,,0.3643912188708782,,0.9082018733024597,0.0001,3,3123.231189791301,0.40839433670043945,,,,,,,,,,,,,,,,,,,,,,,,,,,,,,,,,,,,,,,,,,,,,,,,,,,,,
flow,6180,,0.00846143098315224,0.2585297107696533,0.09594502430409194,,0.35532088167965414,,0.9858196377754211,0.0001,3,3152.7721384945535,0.40839433670043945,,,,,,,,,,,,,,,,,,,,,,,,,,,,,,,,,,,,,,,,,,,,,,,,,,,,,
flow,6190,,0.008391172788105906,0.2584011353552341,0.09053346333093941,,0.3497737176716328,,1.001626968383789,0.0001,3,3016.8679470845764,0.40839433670043945,,,,,,,,,,,,,,,,,,,,,,,,,,,,,,,,,,,,,,,,,,,,,,,,,,,,,
flow,6200,,0.008490821195300669,0.2722630750387907,0.09060236532241106,,0.3637145236134529,,1.0982720851898193,0.0001,3,2757.488895926585,0.40839433670043945,,,,,,,,,,,,,,,,,,,,,,,,,,,,,,,,,,,,,,,,,,,,,,,,,,,,,
flow,6210,,0.00873074799310416,0.2535178229212761,0.1000679770950228,,0.354458873718977,,0.9028093814849854,0.0001,3,3018.2080159094153,0.40839433670043945,,,,,,,,,,,,,,,,,,,,,,,,,,,,,,,,,,,,,,,,,,,,,,,,,,,,,
flow,6220,,0.008401906653307378,0.25524267330765726,0.09556924290955067,,0.35165210738778113,,0.9486836194992065,0.0001,3,2957.144179777834,0.40839433670043945,,,,,,,,,,,,,,,,,,,,,,,,,,,,,,,,,,,,,,,,,,,,,,,,,,,,,
flow,6230,,0.008553225395735354,0.2616919603198767,0.09106799578294159,,0.35361528024077415,,0.9488785862922668,0.0001,3,2982.045201544852,0.40839433670043945,,,,,,,,,,,,,,,,,,,,,,,,,,,,,,,,,,,,,,,,,,,,,,,,,,,,,
flow,6240,,0.008683357131667435,0.24914413541555405,0.0957385228946805,,0.3457509927451611,,1.0145584344863892,0.0001,3,3007.1427946415215,0.40839433670043945,,,,,,,,,,,,,,,,,,,,,,,,,,,,,,,,,,,,,,,,,,,,,,,,,,,,,
flow,6250,,0.00840463936328888,0.26097965985536575,0.09231478460133076,,0.3541349109262228,,1.2013134956359863,0.0001,3,3101.8524355048785,0.40839433670043945,,,,,,,,,,,,,,,,,,,,,,,,,,,,,,,,,,,,,,,,,,,,,,,,,,,,,
flow,6260,,0.008918004611041397,0.25982057489454746,0.09052076055668294,,0.3512331355363131,,1.0080485343933105,0.0001,3,3084.473664539085,0.40839433670043945,,,,,,,,,,,,,,,,,,,,,,,,,,,,,,,,,,,,,,,,,,,,,,,,,,,,,
flow,6270,,0.008722934557590633,0.2518938846886158,0.09235760439187288,,0.34512378051877024,,1.070125699043274,0.0001,3,3028.7479661297893,0.40839433670043945,,,,,,,,,,,,,,,,,,,,,,,,,,,,,,,,,,,,,,,,,,,,,,,,,,,,,
flow,6280,,0.009228684788104147,0.24973966255784036,0.09535403242334724,,0.346016563475132,,0.9022552967071533,0.0001,3,3075.4052796312285,0.40839433670043945,,,,,,,,,,,,,,,,,,,,,,,,,,,,,,,,,,,,,,,,,,,,,,,,,,,,,
flow,6290,,0.008555738045834005,0.26287939921021464,0.08903465792536736,,0.35276963114738463,,0.9716900587081909,0.0001,3,2902.853291055775,0.40839433670043945,,,,,,,,,,,,,,,,,,,,,,,,,,,,,,,,,,,,,,,,,,,,,,,,,,,,,
flow,6300,,0.008435876946896315,0.26062730699777603,0.09417557073757052,,0.35564646795392035,,0.9624210000038147,0.0001,3,3025.1677221531686,0.40839433670043945,,,,,,,,,,,,,,,,,,,,,,,,,,,,,,,,,,,,,,,,,,,,,,,,,,,,,
flow,6310,,0.008548800356220455,0.25338768362998965,0.08883357280865312,,0.3430761322379112,,0.9414002895355225,0.0001,3,3088.194927557168,0.40839433670043945,,,,,,,,,,,,,,,,,,,,,,,,,,,,,,,,,,,,,,,,,,,,,,,,,,,,,
flow,6320,,0.008407069090753793,0.2611001130193472,0.0880481363274157,,0.3499889560043812,,1.0641266107559204,0.0001,3,3132.652102859792,0.40839433670043945,,,,,,,,,,,,,,,,,,,,,,,,,,,,,,,,,,,,,,,,,,,,,,,,,,,,,
flow,6330,,0.008641227451153099,0.27104649394750596,0.0906609570607543,,0.36257157325744627,,1.1310086250305176,0.0001,3,3038.969057805753,0.40839433670043945,,,,,,,,,,,,,,,,,,,,,,,,,,,,,,,,,,,,,,,,,,,,,,,,,,,,,
flow,6340,,0.00844070902094245,0.25306287556886675,0.08099713278934359,,0.3349040783941746,,0.8666847348213196,0.0001,3,3042.0358656014955,0.40839433670043945,,,,,,,,,,,,,,,,,,,,,,,,,,,,,,,,,,,,,,,,,,,,,,,,,,,,,
flow,6350,,0.008813621348235757,0.2649248529225588,0.09502783007919788,,0.36083404421806337,,1.1178823709487915,0.0001,3,3109.2229818862675,0.40839433670043945,,,,,,,,,,,,,,,,,,,,,,,,,,,,,,,,,,,,,,,,,,,,,,,,,,,,,
flow,6360,,0.008434707939159125,0.2503663867712021,0.08792879553511738,,0.33913865126669407,,1.0430272817611694,0.0001,3,3094.8921346441994,0.40839433670043945,,,,,,,,,,,,,,,,,,,,,,,,,,,,,,,,,,,,,,,,,,,,,,,,,,,,,
flow,6370,,0.008412981557194143,0.25142740197479724,0.09273591106757521,,0.3450046110898256,,1.0538570880889893,0.0001,3,3047.2606379827507,0.40839433670043945,,,,,,,,,,,,,,,,,,,,,,,,,,,,,,,,,,,,,,,,,,,,,,,,,,,,,
flow,6380,,0.009025034296792,0.25996013581752775,0.10246082646772266,,0.36332346946001054,,0.9415573477745056,0.0001,3,3047.005014290194,0.40839433670043945,,,,,,,,,,,,,,,,,,,,,,,,,,,,,,,,,,,,,,,,,,,,,,,,,,,,,
flow,6390,,0.008366468164604157,0.2513942427933216,0.09229391664266587,,0.3445248078554869,,0.9784963726997375,0.0001,3,3130.524977274138,0.40839433670043945,,,,,,,,,,,,,,,,,,,,,,,,,,,,,,,,,,,,,,,,,,,,,,,,,,,,,
flow,6400,,0.008647232875227928,0.2524833604693413,0.09770557470619678,,0.35105366036295893,,0.9207572340965271,0.0001,3,3132.5811730465284,0.40839433670043945,,,,,,,,,,,,,,,,,,,,,,,,,,,,,,,,,,,,,,,,,,,,,,,,,,,,,
flow,6410,,0.008121962449513376,0.2561191041022539,0.09341268399730325,,0.35034398585557935,,0.9826808571815491,0.0001,3,3070.428322203944,0.40839433670043945,,,,,,,,,,,,,,,,,,,,,,,,,,,,,,,,,,,,,,,,,,,,,,,,,,,,,
flow,6420,,0.008915242610964925,0.26064030192792415,0.09950748840346932,,0.36103931441903114,,1.096303105354309,0.0001,3,3135.4045217750345,0.40839433670043945,,,,,,,,,,,,,,,,,,,,,,,,,,,,,,,,,,,,,,,,,,,,,,,,,,,,,
flow,6430,,0.008311324182432144,0.2541896354407072,0.0962275885976851,,0.35124835595488546,,1.0106055736541748,0.0001,3,3155.882075618872,0.40839433670043945,,,,,,,,,,,,,,,,,,,,,,,,,,,,,,,,,,,,,,,,,,,,,,,,,,,,,
flow,6440,,0.008483972772955895,0.2567469924688339,0.08622458362951875,,0.34381997436285017,,0.9964098334312439,0.0001,3,2744.882423372251,0.40839433670043945,,,,,,,,,,,,,,,,,,,,,,,,,,,,,,,,,,,,,,,,,,,,,,,,,,,,,
flow,6450,,0.008636233711149544,0.25595647022128104,0.09698530612513423,,0.35380540080368517,,0.9612047672271729,0.0001,3,3089.8899136502287,0.40839433670043945,,,,,,,,,,,,,,,,,,,,,,,,,,,,,,,,,,,,,,,,,,,,,,,,,,,,,
flow,6460,,0.009160350845195352,0.25957265086472037,0.0982184928841889,,0.3587071821093559,,1.06515634059906,0.0001,3,3102.529774997744,0.40839433670043945,,,,,,,,,,,,,,,,,,,,,,,,,,,,,,,,,,,,,,,,,,,,,,,,,,,,,
flow,6470,,0.008657274406868965,0.24871812984347344,0.08784892335534096,,0.33743278235197066,,0.9313258528709412,0.0001,3,3087.806556540741,0.40839433670043945,,,,,,,,,,,,,,,,,,,,,,,,,,,,,,,,,,,,,,,,,,,,,,,,,,,,,
flow,6480,,0.008362558030057698,0.25648598112165927,0.08891234621405601,,0.3462345842272043,,1.2021206617355347,0.0001,3,3013.8021759922653,0.40839433670043945,,,,,,,,,,,,,,,,,,,,,,,,,,,,,,,,,,,,,,,,,,,,,,,,,,,,,
flow,6490,,0.008179160987492651,0.25310269221663473,0.09719872456043958,,0.35111933574080467,,1.0234894752502441,0.0001,3,3161.9535509443576,0.40839433670043945,,,,,,,,,,,,,,,,,,,,,,,,,,,,,,,,,,,,,,,,,,,,,,,,,,,,,
flow,6500,,0.009092501085251569,0.26121531762182715,0.08610749207437038,,0.3482320599257946,,1.005028247833252,0.0001,3,3163.173542094434,0.40839433670043945,,,,,,,,,,,,,,,,,,,,,,,,,,,,,,,,,,,,,,,,,,,,,,,,,,,,,
flow,6500,,,,,,,,,,,,,,0.007191169454017654,0.23858887888491154,0.06901604926679283,,0.30832404736429453,,0.21950895537156612,0.08099669753573835,0.0,,,,,,,,,,,,,,,,,,,,,,,,,,,,,,,,,,,,,,,,,,,
flow,6510,,0.008360475697554649,0.2616549778729677,0.09246266297996045,,0.3549536891281605,,0.9806742668151855,0.0001,3,721.6132394171053,0.40839433670043945,,,,,,,,,,,,,,,,,,,,,,,,,,,,,,,,,,,,,,,,,,,,,,,,,,,,,
flow,6520,,0.008420177060179413,0.25354766845703125,0.09284864431247115,,0.34723832793533804,,0.892129123210907,0.0001,3,3030.604885381095,0.40839433670043945,,,,,,,,,,,,,,,,,,,,,,,,,,,,,,,,,,,,,,,,,,,,,,,,,,,,,
flow,6530,,0.008583879214711487,0.25340142399072646,0.08921614326536656,,0.34347595535218717,,1.0030546188354492,0.0001,3,3031.958285336705,0.40839433670043945,,,,,,,,,,,,,,,,,,,,,,,,,,,,,,,,,,,,,,,,,,,,,,,,,,,,,
flow,6540,,0.009069343795999885,0.24827181734144688,0.10489130569621921,,0.35407006070017816,,0.957124650478363,0.0001,3,3085.714423451199,0.40839433670043945,,,,,,,,,,,,,,,,,,,,,,,,,,,,,,,,,,,,,,,,,,,,,,,,,,,,,
flow,6550,,0.008566184632945806,0.2587919067591429,0.08302434734068811,,0.34267287477850916,,1.0074694156646729,0.0001,3,3074.9668961318525,0.40839433670043945,,,,,,,,,,,,,,,,,,,,,,,,,,,,,,,,,,,,,,,,,,,,,,,,,,,,,
flow,6560,,0.008450007741339504,0.2593302112072706,0.0904672141186893,,0.3506424307823181,,0.9446297287940979,0.0001,3,3049.699277080412,0.40839433670043945,,,,,,,,,,,,,,,,,,,,,,,,,,,,,,,,,,,,,,,,,,,,,,,,,,,,,
flow,6570,,0.008236023492645472,0.2528803709894419,0.09138564309105277,,0.3450896192342043,,0.9621173739433289,0.0001,3,3061.284710876207,0.40839433670043945,,,,,,,,,,,,,,,,,,,,,,,,,,,,,,,,,,,,,,,,,,,,,,,,,,,,,
flow,6580,,0.008802991837728768,0.25633152201771736,0.0927176202647388,,0.3499294389039278,,1.0311219692230225,0.0001,3,3078.519254472469,0.40839433670043945,,,,,,,,,,,,,,,,,,,,,,,,,,,,,,,,,,,,,,,,,,,,,,,,,,,,,
flow,6590,,0.008521700918208808,0.2573453184217215,0.0966151688247919,,0.3548126596957445,,0.9593355655670166,0.0001,3,3010.245449100195,0.40839433670043945,,,,,,,,,,,,,,,,,,,,,,,,,,,,,,,,,,,,,,,,,,,,,,,,,,,,,
flow,6600,,0.008600067463703454,0.2546639759093523,0.08848053058609366,,0.3440045140683651,,0.9823223948478699,0.0001,3,3138.0387277568975,0.40839433670043945,,,,,,,,,,,,,,,,,,,,,,,,,,,,,,,,,,,,,,,,,,,,,,,,,,,,,
flow,6610,,0.008306396752595901,0.25009981654584407,0.09572227727621793,,0.34665273427963256,,0.9729121923446655,0.0001,3,3163.7924263444224,0.40839433670043945,,,,,,,,,,,,,,,,,,,,,,,,,,,,,,,,,,,,,,,,,,,,,,,,,,,,,
flow,6620,,0.00846506740199402,0.2550390612334013,0.09677187502384185,,0.35265744253993037,,1.0312995910644531,0.0001,3,3131.1580863632194,0.40839433670043945,,,,,,,,,,,,,,,,,,,,,,,,,,,,,,,,,,,,,,,,,,,,,,,,,,,,,
flow,6630,,0.008782867074478418,0.2623751126229763,0.09734159428626299,,0.36059499606490136,,0.9745641350746155,0.0001,3,3016.773067084518,0.40839433670043945,,,,,,,,,,,,,,,,,,,,,,,,,,,,,,,,,,,,,,,,,,,,,,,,,,,,,
flow,6640,,0.008811868773773313,0.25458306446671486,0.08901864429935813,,0.34448289349675176,,0.94048011302948,0.0001,3,3111.785150320495,0.40839433670043945,,,,,,,,,,,,,,,,,,,,,,,,,,,,,,,,,,,,,,,,,,,,,,,,,,,,,
flow,6650,,0.009191300417296589,0.25541302338242533,0.09704907182604075,,0.3533812239766121,,0.9718859195709229,0.0001,3,3128.875803119145,0.40839433670043945,,,,,,,,,,,,,,,,,,,,,,,,,,,,,,,,,,,,,,,,,,,,,,,,,,,,,
flow,6660,,0.008508010278455913,0.250986023619771,0.09100011354312301,,0.3428369387984276,,1.0193332433700562,0.0001,3,3053.6829750532065,0.40839433670043945,,,,,,,,,,,,,,,,,,,,,,,,,,,,,,,,,,,,,,,,,,,,,,,,,,,,,
flow,6670,,0.008342551323585213,0.256576856225729,0.08684683633036912,,0.3442579463124275,,0.938433825969696,0.0001,3,2929.7003846527227,0.40839433670043945,,,,,,,,,,,,,,,,,,,,,,,,,,,,,,,,,,,,,,,,,,,,,,,,,,,,,
flow,6680,,0.00898565660463646,0.24890653640031815,0.0911222267895937,,0.3409273263067007,,1.0306912660598755,0.0001,3,2913.3251664643944,0.40839433670043945,,,,,,,,,,,,,,,,,,,,,,,,,,,,,,,,,,,,,,,,,,,,,,,,,,,,,
flow,6690,,0.008290013438090682,0.2549365576356649,0.08931541312485933,,0.34508097395300863,,1.0295069217681885,0.0001,3,3079.7183334133297,0.40839433670043945,,,,,,,,,,,,,,,,,,,,,,,,,,,,,,,,,,,,,,,,,,,,,,,,,,,,,
flow,6700,,0.008917146013118327,0.2544600430876017,0.10372300129383802,,0.35907476060092447,,1.0355995893478394,0.0001,3,3026.8331789373847,0.40839433670043945,,,,,,,,,,,,,,,,,,,,,,,,,,,,,,,,,,,,,,,,,,,,,,,,,,,,,
flow,6710,,0.008830811583902688,0.2641279064118862,0.08744754157960415,,0.3524585284292698,,0.9714815616607666,0.0001,3,2928.6976964521937,0.40839433670043945,,,,,,,,,,,,,,,,,,,,,,,,,,,,,,,,,,,,,,,,,,,,,,,,,,,,,
flow,6720,,0.008614817424677313,0.26483464054763317,0.09684776621870697,,0.3625438906252384,,1.1143689155578613,0.0001,3,2936.441790416033,0.40839433670043945,,,,,,,,,,,,,,,,,,,,,,,,,,,,,,,,,,,,,,,,,,,,,,,,,,,,,
flow,6730,,0.008065459690988064,0.25349484384059906,0.09117580046877265,,0.34547718837857244,,0.927383542060852,0.0001,3,3004.7395771023334,0.40839433670043945,,,,,,,,,,,,,,,,,,,,,,,,,,,,,,,,,,,,,,,,,,,,,,,,,,,,,
flow,6740,,0.0082598018925637,0.2557975061237812,0.09143736055120825,,0.34806084223091605,,0.9961668252944946,0.0001,3,2931.0609028422173,0.40839433670043945,,,,,,,,,,,,,,,,,,,,,,,,,,,,,,,,,,,,,,,,,,,,,,,,,,,,,
flow,6750,,0.008640280773397535,0.25026460476219653,0.09519671713933349,,0.3463253520429134,,1.1457256078720093,0.0001,3,3090.268261296205,0.40839433670043945,,,,,,,,,,,,,,,,,,,,,,,,,,,,,,,,,,,,,,,,,,,,,,,,,,,,,
flow,6760,,0.008615148859098554,0.25269041284918786,0.09090067204087973,,0.34445259943604467,,0.9595348834991455,0.0001,3,3083.708051109673,0.40839433670043945,,,,,,,,,,,,,,,,,,,,,,,,,,,,,,,,,,,,,,,,,,,,,,,,,,,,,
flow,6770,,0.00832756976597011,0.254328428953886,0.08565041543915868,,0.3408116031438112,,1.1048669815063477,0.0001,3,3071.5837890031144,0.40839433670043945,,,,,,,,,,,,,,,,,,,,,,,,,,,,,,,,,,,,,,,,,,,,,,,,,,,,,
flow,6780,,0.008507093822117895,0.2531712751835585,0.08650835501030088,,0.3405303403735161,,0.9745030999183655,0.0001,3,3128.7465960849086,0.40839433670043945,,,,,,,,,,,,,,,,,,,,,,,,,,,,,,,,,,,,,,,,,,,,,,,,,,,,,
flow,6790,,0.008417704468593001,0.26024548076093196,0.08801165409386158,,0.34909890592098236,,0.9987282156944275,0.0001,3,3115.487204183609,0.40839433670043945,,,,,,,,,,,,,,,,,,,,,,,,,,,,,,,,,,,,,,,,,,,,,,,,,,,,,
flow,6800,,0.00878383353119716,0.25980579741299153,0.08853568769991398,,0.3492198698222637,,0.942370593547821,0.0001,3,3064.8901474261743,0.40839433670043945,,,,,,,,,,,,,,,,,,,,,,,,,,,,,,,,,,,,,,,,,,,,,,,,,,,,,
flow,6810,,0.008343278127722443,0.250210065767169,0.08486265279352664,,0.3359070472419262,,0.9260134696960449,0.0001,3,3077.3669022522713,0.40839433670043945,,,,,,,,,,,,,,,,,,,,,,,,,,,,,,,,,,,,,,,,,,,,,,,,,,,,,
flow,6820,,0.008719159523025155,0.2526719603687525,0.08872705828398467,,0.3422709345817566,,1.0241495370864868,0.0001,3,2995.1899305062266,0.40839433670043945,,,,,,,,,,,,,,,,,,,,,,,,,,,,,,,,,,,,,,,,,,,,,,,,,,,,,
flow,6830,,0.008678450074512511,0.2513418886810541,0.08593729585409164,,0.3381470315158367,,0.9084222912788391,0.0001,3,3003.2525506000447,0.40839433670043945,,,,,,,,,,,,,,,,,,,,,,,,,,,,,,,,,,,,,,,,,,,,,,,,,,,,,
flow,6840,,0.008385329763405025,0.2550336170941591,0.09742497252300382,,0.35329711996018887,,0.791278600692749,0.0001,3,2904.924501527942,0.40839433670043945,,,,,,,,,,,,,,,,,,,,,,,,,,,,,,,,,,,,,,,,,,,,,,,,,,,,,
flow,6850,,0.008682578976731747,0.24866894148290158,0.0876279660500586,,0.3371651656925678,,1.0671014785766602,0.0001,3,3003.2870044815136,0.40839433670043945,,,,,,,,,,,,,,,,,,,,,,,,,,,,,,,,,,,,,,,,,,,,,,,,,,,,,
flow,6860,,0.008831749111413956,0.25727989301085474,0.1003714244812727,,0.3585344932973385,,1.1263810396194458,0.0001,3,2809.9555445046517,0.40839433670043945,,,,,,,,,,,,,,,,,,,,,,,,,,,,,,,,,,,,,,,,,,,,,,,,,,,,,
flow,6870,,0.008693307149223983,0.2521415837109089,0.0985611624084413,,0.3515720747411251,,1.1858161687850952,0.0001,3,3038.1022362256185,0.40839433670043945,,,,,,,,,,,,,,,,,,,,,,,,,,,,,,,,,,,,,,,,,,,,,,,,,,,,,
flow,6880,,0.008878609247040004,0.24346022456884384,0.09491127515211702,,0.3392593592405319,,0.9726910591125488,0.0001,3,2953.8960008173312,0.40839433670043945,,,,,,,,,,,,,,,,,,,,,,,,,,,,,,,,,,,,,,,,,,,,,,,,,,,,,
flow,6890,,0.008480363746639342,0.24981451146304606,0.08904319149442017,,0.3397057443857193,,1.043717384338379,0.0001,3,3105.6780785417504,0.40839433670043945,,,,,,,,,,,,,,,,,,,,,,,,,,,,,,,,,,,,,,,,,,,,,,,,,,,,,
flow,6900,,0.008592199895065277,0.244051169231534,0.09930658843368292,,0.3442169800400734,,1.0643445253372192,0.0001,3,3063.2593929901136,0.40839433670043945,,,,,,,,,,,,,,,,,,,,,,,,,,,,,,,,,,,,,,,,,,,,,,,,,,,,,
flow,6910,,0.008517816138919443,0.24277776367962361,0.09498315453529357,,0.33861269764602187,,0.9878074526786804,0.0001,3,2985.112555889947,0.40839433670043945,,,,,,,,,,,,,,,,,,,,,,,,,,,,,,,,,,,,,,,,,,,,,,,,,,,,,
flow,6920,,0.008984736260026693,0.2524174075573683,0.10137194953858852,,0.3546878322958946,,1.0460596084594727,0.0001,3,2844.354229715464,0.40839433670043945,,,,,,,,,,,,,,,,,,,,,,,,,,,,,,,,,,,,,,,,,,,,,,,,,,,,,
flow,6930,,0.008574325498193503,0.24862864501774312,0.09872368313372135,,0.3482097640633583,,0.9504528045654297,0.0001,3,2912.71420987984,0.40839433670043945,,,,,,,,,,,,,,,,,,,,,,,,,,,,,,,,,,,,,,,,,,,,,,,,,,,,,
flow,6940,,0.008405980304814875,0.2522433403879404,0.08604743415489793,,0.3391313746571541,,0.9418824911117554,0.0001,3,2923.8171489376396,0.40839433670043945,,,,,,,,,,,,,,,,,,,,,,,,,,,,,,,,,,,,,,,,,,,,,,,,,,,,,
flow,6950,,0.008524944446980954,0.2577651008963585,0.09503056034445763,,0.3536481536924839,,1.128004789352417,0.0001,3,2901.074001055244,0.40839433670043945,,,,,,,,,,,,,,,,,,,,,,,,,,,,,,,,,,,,,,,,,,,,,,,,,,,,,
flow,6960,,0.008356691466178744,0.2542009141296148,0.09925078926607966,,0.3542873740196228,,1.0015822649002075,0.0001,3,2958.831551278928,0.40839433670043945,,,,,,,,,,,,,,,,,,,,,,,,,,,,,,,,,,,,,,,,,,,,,,,,,,,,,
flow,6970,,0.009113875532057137,0.2524300754070282,0.09157894561067223,,0.34492040872573854,,0.9471657276153564,0.0001,3,2832.6373609880975,0.40839433670043945,,,,,,,,,,,,,,,,,,,,,,,,,,,,,,,,,,,,,,,,,,,,,,,,,,,,,
flow,6980,,0.008419087389484048,0.2538209971040487,0.09363594297319651,,0.3482988506555557,,0.8889327049255371,0.0001,3,2828.364506308612,0.40839433670043945,,,,,,,,,,,,,,,,,,,,,,,,,,,,,,,,,,,,,,,,,,,,,,,,,,,,,
flow,6990,,0.008604494587052614,0.25086650662124155,0.09196459073573351,,0.343691548705101,,1.046486735343933,0.0001,3,2863.0824482822736,0.40839433670043945,,,,,,,,,,,,,,,,,,,,,,,,,,,,,,,,,,,,,,,,,,,,,,,,,,,,,
flow,7000,,0.00867277525831014,0.25160177797079086,0.09335952885448932,,0.3458285853266716,,0.9822824597358704,0.0001,3,2870.3175452469827,0.40839433670043945,,,,,,,,,,,,,,,,,,,,,,,,,,,,,,,,,,,,,,,,,,,,,,,,,,,,,
flow,7000,,,,,,,,,,,,,,0.007159009779570624,0.22867682669311762,0.06858654308598489,,0.29797927010804415,,0.2219664048170671,0.08157852781005204,0.0,,,,,,,,,,,,,,,,,,,,,,,,,,,,,,,,,,,,,,,,,,,
flow,7000,,,,,,,,,,,,,,,,,,,,,,,0.35,7,20,0.18118954786794464,0.5671494897805354,78.33748644404113,1563.2276034448296,1569.0047951415181,0.0684004038583953,0.06335062224417926,0.08579520914130485,665600,16,40,0.1,2,20,0.027865893984153206,0.30103820641179335,78.56163190864027,1568.4413466602564,1576.6038911417127,0.16556638217240105,0.12258444306440651,0.130512325773732,665600,16,40,0.2,4,20,0.0806563532712,0.41602172202575993,78.61436619795859,1566.771203232929,1584.4134523533285,0.3353337045526132,0.22814087416976692,0.1825844871525008,665600,16,40,0.21666666666666665
flow,7010,,0.008699612051714212,0.24410170800983905,0.09326978297904134,,0.33824145384132864,,0.9324964284896851,0.0001,3,4.9837047813888935,0.40839433670043945,,,,,,,,,,,,,,,,,,,,,,,,,,,,,,,,,,,,,,,,,,,,,,,,,,,,,
flow,7020,,0.008742492902092636,0.2526901476085186,0.08862804183736443,,0.34219243936240673,,1.019112229347229,0.0001,3,3065.1844919021264,0.40839433670043945,,,,,,,,,,,,,,,,,,,,,,,,,,,,,,,,,,,,,,,,,,,,,,,,,,,,,
flow,7030,,0.008632008207496256,0.2537679895758629,0.09491269011050463,,0.3495438821613789,,1.1552931070327759,0.0001,3,2780.131873193611,0.40839433670043945,,,,,,,,,,,,,,,,,,,,,,,,,,,,,,,,,,,,,,,,,,,,,,,,,,,,,
flow,7040,,0.008332732389681042,0.24951384030282497,0.09721404230222105,,0.3475611574947834,,0.9055690169334412,0.0001,3,3081.9149836245783,0.40839433670043945,,,,,,,,,,,,,,,,,,,,,,,,,,,,,,,,,,,,,,,,,,,,,,,,,,,,,
flow,7050,,0.008890208520460874,0.25912315100431443,0.09765973640605807,,0.3576719142496586,,1.0721544027328491,0.0001,3,3153.9233304039076,0.40839433670043945,,,,,,,,,,,,,,,,,,,,,,,,,,,,,,,,,,,,,,,,,,,,,,,,,,,,,
flow,7060,,0.008506663178559392,0.24623836092650891,0.08948801280930638,,0.33657704293727875,,1.0018541812896729,0.0001,3,3154.5823469641555,0.40839433670043945,,,,,,,,,,,,,,,,,,,,,,,,,,,,,,,,,,,,,,,,,,,,,,,,,,,,,
flow,7070,,0.008480078598950058,0.2531086340546608,0.09119773637503385,,0.34515437819063666,,1.080806016921997,0.0001,3,3113.5581495596994,0.40839433670043945,,,,,,,,,,,,,,,,,,,,,,,,,,,,,,,,,,,,,,,,,,,,,,,,,,,,,
flow,7080,,0.008580018347129226,0.2578861515969038,0.08813395639881491,,0.3468781102448702,,0.9097594618797302,0.0001,3,3125.1731341136106,0.40839433670043945,,,,,,,,,,,,,,,,,,,,,,,,,,,,,,,,,,,,,,,,,,,,,,,,,,,,,
flow,7090,,0.00868789063533768,0.2514420934021473,0.09410239588469267,,0.34641327485442164,,1.0075713396072388,0.0001,3,3059.228882189677,0.40839433670043945,,,,,,,,,,,,,,,,,,,,,,,,,,,,,,,,,,,,,,,,,,,,,,,,,,,,,
flow,7100,,0.00876068719662726,0.2540931135416031,0.0887149884365499,,0.3436841733753681,,0.9096786975860596,0.0001,3,3035.9559069992856,0.40839433670043945,,,,,,,,,,,,,,,,,,,,,,,,,,,,,,,,,,,,,,,,,,,,,,,,,,,,,
flow,7110,,0.008450694754719735,0.25310207828879355,0.08131468133069575,,0.3352618284523487,,1.055906057357788,0.0001,3,2940.6213355110644,0.40839433670043945,,,,,,,,,,,,,,,,,,,,,,,,,,,,,,,,,,,,,,,,,,,,,,,,,,,,,
flow,7120,,0.008537030790466815,0.24162311106920242,0.09330678330734372,,0.3357835981994867,,0.9824544787406921,0.0001,3,3005.7765733973624,0.40839433670043945,,,,,,,,,,,,,,,,,,,,,,,,,,,,,,,,,,,,,,,,,,,,,,,,,,,,,
flow,7130,,0.008201754884794354,0.2516198340803385,0.08225371539592743,,0.3346937257796526,,0.9776227474212646,0.0001,3,2949.8681600645336,0.40839433670043945,,,,,,,,,,,,,,,,,,,,,,,,,,,,,,,,,,,,,,,,,,,,,,,,,,,,,
flow,7140,,0.008469764597248287,0.24522496126592158,0.0912151113152504,,0.33728704825043676,,0.97197026014328,0.0001,3,3027.9832922964006,0.40839433670043945,,,,,,,,,,,,,,,,,,,,,,,,,,,,,,,,,,,,,,,,,,,,,,,,,,,,,
flow,7149,,,,,,,,,,,,,,,,,,,,,,,0.2,4,20,0.0806563532712,0.41602172202575993,78.09286678209901,1559.0776233002543,1595.6466972827911,0.07208721787901595,0.07084028773009778,0.10023764489003673,665600,16,40,0.1,2,20,0.027865893984153206,0.30103820641179335,77.84222073294222,1555.7170008309186,1564.3027544021606,0.26674519503430927,0.16848262243671341,0.1392792930934005,665600,16,40,0.15,3,20,0.05236779195949584,0.36042329588695743,79.23729565367103,1581.328815082088,1631.0510786250231,0.43571156547492135,0.2779873191891238,0.18549558110296344,665600,16,40,0.15000000000000002
flow,7150,,0.008619583398103713,0.24285568110644817,0.08656742889434099,,0.33028506971895694,,0.9647946953773499,0.0001,4,5.005580442428316,0.40839433670043945,,,,,,,,,,,,,,,,,,,,,,,,,,,,,,,,,,,,,,,,,,,,,,,,,,,,,
flow,7160,,0.008740187936928124,0.24998899213969708,0.08424206208437682,,0.33510507009923457,,0.8724355101585388,0.0001,4,2749.3339070171073,0.40839433670043945,,,,,,,,,,,,,,,,,,,,,,,,,,,,,,,,,,,,,,,,,,,,,,,,,,,,,
flow,7170,,0.008247795701026916,0.24815742410719394,0.08433359935879707,,0.3333158068358898,,0.9248160123825073,0.0001,4,2902.202482946886,0.40839433670043945,,,,,,,,,,,,,,,,,,,,,,,,,,,,,,,,,,,,,,,,,,,,,,,,,,,,,
flow,7180,,0.0087766217533499,0.2503812275826931,0.0762667112518102,,0.3275256011635065,,0.8282168507575989,0.0001,4,2975.208051774383,0.40839433670043945,,,,,,,,,,,,,,,,,,,,,,,,,,,,,,,,,,,,,,,,,,,,,,,,,,,,,
flow,7190,,0.008702952170278878,0.2503488570451736,0.08099673064425587,,0.33221587873995306,,1.0003323554992676,0.0001,4,3118.9029645484643,0.40839433670043945,,,,,,,,,,,,,,,,,,,,,,,,,,,,,,,,,,,,,,,,,,,,,,,,,,,,,
flow,7200,,0.008286893460899591,0.2477054510265589,0.07990202815271914,,0.32843617014586923,,0.8941690921783447,0.0001,4,3120.572928110775,0.40839433670043945,,,,,,,,,,,,,,,,,,,,,,,,,,,,,,,,,,,,,,,,,,,,,,,,,,,,,
flow,7210,,0.008490015182178467,0.23745273426175117,0.08011546838097275,,0.31841720193624495,,1.051384449005127,0.0001,4,3143.5405685233386,0.40839433670043945,,,,,,,,,,,,,,,,,,,,,,,,,,,,,,,,,,,,,,,,,,,,,,,,,,,,,
flow,7220,,0.008411683212034404,0.24548842757940292,0.08527431534603239,,0.3316039122641087,,0.956694483757019,0.0001,4,3144.000852803,0.40839433670043945,,,,,,,,,,,,,,,,,,,,,,,,,,,,,,,,,,,,,,,,,,,,,,,,,,,,,
flow,7230,,0.008401294227223844,0.24973013587296009,0.08649114230647684,,0.3370614070445299,,1.0523983240127563,0.0001,4,3139.7847682169886,0.40839433670043945,,,,,,,,,,,,,,,,,,,,,,,,,,,,,,,,,,,,,,,,,,,,,,,,,,,,,
flow,7240,,0.008492965542245656,0.24542396552860737,0.09524587015621364,,0.3415191303938627,,0.9477577805519104,0.0001,4,3146.3387841687004,0.40839433670043945,,,,,,,,,,,,,,,,,,,,,,,,,,,,,,,,,,,,,,,,,,,,,,,,,,,,,
flow,7250,,0.008316177339293063,0.2358226180076599,0.08837172640487552,,0.3250259667634964,,0.9117888808250427,0.0001,4,3125.1788475206763,0.40839433670043945,,,,,,,,,,,,,,,,,,,,,,,,,,,,,,,,,,,,,,,,,,,,,,,,,,,,,
flow,7260,,0.009296440612524748,0.24238755069673062,0.09671335406601429,,0.34003054946660993,,0.9473342895507812,0.0001,4,2898.7451023457797,0.40839433670043945,,,,,,,,,,,,,,,,,,,,,,,,,,,,,,,,,,,,,,,,,,,,,,,,,,,,,
flow,7270,,0.008088651520665735,0.2533034548163414,0.0803324962966144,,0.33444481492042544,,1.001900315284729,0.0001,4,3017.3097792224385,0.40839433670043945,,,,,,,,,,,,,,,,,,,,,,,,,,,,,,,,,,,,,,,,,,,,,,,,,,,,,
flow,7280,,0.008602383057586848,0.24360831268131733,0.09541992247104644,,0.3398884743452072,,0.8407760262489319,0.0001,4,3091.9787829068046,0.40839433670043945,,,,,,,,,,,,,,,,,,,,,,,,,,,,,,,,,,,,,,,,,,,,,,,,,,,,,
flow,7290,,0.008388896682299673,0.2450293481349945,0.08563493341207504,,0.3315031699836254,,1.055385708808899,0.0001,4,2973.999787871531,0.40839433670043945,,,,,,,,,,,,,,,,,,,,,,,,,,,,,,,,,,,,,,,,,,,,,,,,,,,,,
flow,7300,,0.008649620693176985,0.24754150472581388,0.09237968693487346,,0.3407861564308405,,0.8732627630233765,0.0001,4,3167.739156562376,0.40839433670043945,,,,,,,,,,,,,,,,,,,,,,,,,,,,,,,,,,,,,,,,,,,,,,,,,,,,,
flow,7310,,0.008208224608097225,0.24613856561481953,0.08640849450603127,,0.33336788006126883,,0.9808267951011658,0.0001,4,3118.7328677036967,0.40839433670043945,,,,,,,,,,,,,,,,,,,,,,,,,,,,,,,,,,,,,,,,,,,,,,,,,,,,,
flow,7320,,0.00893300948664546,0.2560360781848431,0.09298643786460162,,0.3499158188700676,,0.9978855848312378,0.0001,4,3044.4889271843304,0.40839433670043945,,,,,,,,,,,,,,,,,,,,,,,,,,,,,,,,,,,,,,,,,,,,,,,,,,,,,
flow,7330,,0.00813708669738844,0.2475024450570345,0.08495839973911642,,0.3332745559513569,,1.0136001110076904,0.0001,4,2991.912962952151,0.40839433670043945,,,,,,,,,,,,,,,,,,,,,,,,,,,,,,,,,,,,,,,,,,,,,,,,,,,,,
flow,7340,,0.008393316133879124,0.25242044888436793,0.0827144286595285,,0.3359742112457752,,1.1031057834625244,0.0001,4,3065.1298457230614,0.40839433670043945,,,,,,,,,,,,,,,,,,,,,,,,,,,,,,,,,,,,,,,,,,,,,,,,,,,,,
flow,7350,,0.008039456489495934,0.24560776874423026,0.08871198585256934,,0.3351237021386623,,1.1250450611114502,0.0001,4,3116.1648175157584,0.40839433670043945,,,,,,,,,,,,,,,,,,,,,,,,,,,,,,,,,,,,,,,,,,,,,,,,,,,,,
flow,7360,,0.008339445700403302,0.23722242340445518,0.08905501933768392,,0.32711139097809794,,0.9450841546058655,0.0001,4,3039.3417719230315,0.40839433670043945,,,,,,,,,,,,,,,,,,,,,,,,,,,,,,,,,,,,,,,,,,,,,,,,,,,,,
flow,7370,,0.008109343878459185,0.2468062799423933,0.09053302630782127,,0.3381502404808998,,1.0697240829467773,0.0001,4,3132.542903412296,0.40839433670043945,,,,,,,,,,,,,,,,,,,,,,,,,,,,,,,,,,,,,,,,,,,,,,,,,,,,,
flow,7380,,0.008539245557039976,0.24983490407466888,0.08754651071503758,,0.3382353410124779,,1.0546081066131592,0.0001,4,3157.6185809219533,0.40839433670043945,,,,,,,,,,,,,,,,,,,,,,,,,,,,,,,,,,,,,,,,,,,,,,,,,,,,,
flow,7390,,0.008805052982643247,0.2441564366221428,0.0896523330360651,,0.3346892759203911,,1.1272190809249878,0.0001,4,3184.343554139167,0.40839433670043945,,,,,,,,,,,,,,,,,,,,,,,,,,,,,,,,,,,,,,,,,,,,,,,,,,,,,
flow,7400,,0.008699268789496273,0.2347675994038582,0.08036419628188014,,0.3160017214715481,,0.9041584730148315,0.0001,4,3086.399731089537,0.40839433670043945,,,,,,,,,,,,,,,,,,,,,,,,,,,,,,,,,,,,,,,,,,,,,,,,,,,,,
flow,7410,,0.008874300017487258,0.23775585032999516,0.0914595728740096,,0.3301028497517109,,0.9490007162094116,0.0001,4,3097.9010283139714,0.40839433670043945,,,,,,,,,,,,,,,,,,,,,,,,,,,,,,,,,,,,,,,,,,,,,,,,,,,,,
flow,7420,,0.008408805343788118,0.24072920270264148,0.09314202154055237,,0.33471210189163686,,0.909954845905304,0.0001,4,3008.5813183758887,0.40839433670043945,,,,,,,,,,,,,,,,,,,,,,,,,,,,,,,,,,,,,,,,,,,,,,,,,,,,,
flow,7430,,0.008575016132090241,0.24442242905497552,0.09298895271494985,,0.3382688842713833,,1.0146528482437134,0.0001,4,2911.895537070848,0.40839433670043945,,,,,,,,,,,,,,,,,,,,,,,,,,,,,,,,,,,,,,,,,,,,,,,,,,,,,
flow,7440,,0.008415306708775461,0.25473695024847987,0.09202173082157969,,0.34760021418333054,,1.0237826108932495,0.0001,4,2972.0931748790217,0.40839433670043945,,,,,,,,,,,,,,,,,,,,,,,,,,,,,,,,,,,,,,,,,,,,,,,,,,,,,
flow,7450,,0.00826871213503182,0.24666396901011467,0.08851681407541037,,0.3360076569020748,,0.9432665705680847,0.0001,4,2883.2569048077808,0.40839433670043945,,,,,,,,,,,,,,,,,,,,,,,,,,,,,,,,,,,,,,,,,,,,,,,,,,,,,
flow,7460,,0.008908941119443625,0.24701253026723863,0.10313972365111113,,0.35104314610362053,,0.9048341512680054,0.0001,4,2863.048845935052,0.40839433670043945,,,,,,,,,,,,,,,,,,,,,,,,,,,,,,,,,,,,,,,,,,,,,,,,,,,,,
flow,7470,,0.0086104717804119,0.23502556458115578,0.0839213983155787,,0.31980801224708555,,0.9579636454582214,0.0001,4,2942.0235188914776,0.40839433670043945,,,,,,,,,,,,,,,,,,,,,,,,,,,,,,,,,,,,,,,,,,,,,,,,,,,,,
flow,7480,,0.00835275969002396,0.25302393212914465,0.09072369942441583,,0.34458290562033655,,0.8943052887916565,0.0001,4,3061.773057763818,0.40839433670043945,,,,,,,,,,,,,,,,,,,,,,,,,,,,,,,,,,,,,,,,,,,,,,,,,,,,,
flow,7490,,0.008696272748056798,0.24745738059282302,0.09209920838475227,,0.340426217392087,,0.9937351942062378,0.0001,4,2842.641241192657,0.40839433670043945,,,,,,,,,,,,,,,,,,,,,,,,,,,,,,,,,,,,,,,,,,,,,,,,,,,,,
flow,7500,,0.008555735368281603,0.24663437753915787,0.09143187385052443,,0.33892182596027853,,0.979003369808197,0.0001,4,2873.3326734485613,0.40839433670043945,,,,,,,,,,,,,,,,,,,,,,,,,,,,,,,,,,,,,,,,,,,,,,,,,,,,,
flow,7500,,,,,,,,,,,,,,0.007061857235385105,0.22740499209612608,0.06667921529151499,,0.2947903936728835,,0.21019275183789432,0.07940494641661644,0.0,,,,,,,,,,,,,,,,,,,,,,,,,,,,,,,,,,,,,,,,,,,
flow,7510,,0.008659149135928601,0.23098913356661796,0.08738697031512857,,0.3192420218139887,,1.0734206438064575,0.0001,4,739.5130067887488,0.40839433670043945,,,,,,,,,,,,,,,,,,,,,,,,,,,,,,,,,,,,,,,,,,,,,,,,,,,,,
flow,7520,,0.008532746171113104,0.24144071936607361,0.08890732871368527,,0.331201321259141,,1.0156406164169312,0.0001,4,3158.1457688298096,0.40839433670043945,,,,,,,,,,,,,,,,,,,,,,,,,,,,,,,,,,,,,,,,,,,,,,,,,,,,,
flow,7530,,0.008429678226821124,0.24635440818965434,0.08829489792697132,,0.33549227714538576,,1.0909861326217651,0.0001,4,3041.965196014473,0.40839433670043945,,,,,,,,,,,,,,,,,,,,,,,,,,,,,,,,,,,,,,,,,,,,,,,,,,,,,
flow,7540,,0.008308158745057881,0.24575477391481398,0.09054840309545398,,0.33713399320840837,,0.880347490310669,0.0001,4,1712.4432899540552,0.40839433670043945,,,,,,,,,,,,,,,,,,,,,,,,,,,,,,,,,,,,,,,,,,,,,,,,,,,,,
flow,7550,,0.008376746810972691,0.24996900074183942,0.0878540622536093,,0.33866073824465276,,1.0654027462005615,0.0001,4,3031.277977823651,0.40839433670043945,,,,,,,,,,,,,,,,,,,,,,,,,,,,,,,,,,,,,,,,,,,,,,,,,,,,,
flow,7560,,0.0079665221972391,0.24042890220880508,0.0923423482105136,,0.33356790207326414,,1.016675353050232,0.0001,4,2808.980544976051,0.40839433670043945,,,,,,,,,,,,,,,,,,,,,,,,,,,,,,,,,,,,,,,,,,,,,,,,,,,,,
flow,7570,,0.009073843318037688,0.24496795535087584,0.08814977984875441,,0.33402512185275557,,1.1726675033569336,0.0001,4,3074.7858874754475,0.40839433670043945,,,,,,,,,,,,,,,,,,,,,,,,,,,,,,,,,,,,,,,,,,,,,,,,,,,,,
flow,7580,,0.008356244920287281,0.240269036591053,0.08561774278059602,,0.32672240026295185,,0.9798498153686523,0.0001,4,2987.1033281639793,0.40839433670043945,,,,,,,,,,,,,,,,,,,,,,,,,,,,,,,,,,,,,,,,,,,,,,,,,,,,,
flow,7590,,0.009103950019925833,0.24432598613202572,0.09048832417465746,,0.33572470508515834,,1.035178303718567,0.0001,4,3193.862692157479,0.40839433670043945,,,,,,,,,,,,,,,,,,,,,,,,,,,,,,,,,,,,,,,,,,,,,,,,,,,,,
flow,7600,,0.00828031711280346,0.24827602580189706,0.09568436406552791,,0.34478842541575433,,1.0054064989089966,0.0001,4,2936.438001025804,0.40839433670043945,,,,,,,,,,,,,,,,,,,,,,,,,,,,,,,,,,,,,,,,,,,,,,,,,,,,,
flow,7610,,0.008651569043286145,0.24976977407932283,0.08454815242439509,,0.335183085501194,,1.0738677978515625,0.0001,4,3186.447232662646,0.40839433670043945,,,,,,,,,,,,,,,,,,,,,,,,,,,,,,,,,,,,,,,,,,,,,,,,,,,,,
flow,7620,,0.007973240816500037,0.2491095919162035,0.08661140850745142,,0.3365183241665363,,1.0549246072769165,0.0001,4,3120.312323846823,0.40839433670043945,,,,,,,,,,,,,,,,,,,,,,,,,,,,,,,,,,,,,,,,,,,,,,,,,,,,,
flow,7630,,0.008466318820137531,0.23383346535265445,0.0925933588296175,,0.3272734612226486,,0.9694130420684814,0.0001,4,3155.922555403751,0.40839433670043945,,,,,,,,,,,,,,,,,,,,,,,,,,,,,,,,,,,,,,,,,,,,,,,,,,,,,
flow,7640,,0.008519321505445987,0.24256694428622722,0.08484868537634611,,0.32826756313443184,,0.8819429874420166,0.0001,4,3050.5798259296243,0.40839433670043945,,,,,,,,,,,,,,,,,,,,,,,,,,,,,,,,,,,,,,,,,,,,,,,,,,,,,
flow,7650,,0.00888368971645832,0.2497238378971815,0.09307088349014521,,0.3436830900609493,,1.071657657623291,0.0001,4,3142.237635460246,0.40839433670043945,,,,,,,,,,,,,,,,,,,,,,,,,,,,,,,,,,,,,,,,,,,,,,,,,,,,,
flow,7660,,0.00833332419861108,0.23987366035580635,0.07838528156280518,,0.3190922737121582,,0.9528437852859497,0.0001,4,3161.1218327205215,0.40839433670043945,,,,,,,,,,,,,,,,,,,,,,,,,,,,,,,,,,,,,,,,,,,,,,,,,,,,,
flow,7670,,0.008482416870538145,0.24475643187761306,0.08724923450499773,,0.3328539106994867,,1.0256600379943848,0.0001,4,3134.210198374394,0.40839433670043945,,,,,,,,,,,,,,,,,,,,,,,,,,,,,,,,,,,,,,,,,,,,,,,,,,,,,
flow,7680,,0.008581528416834771,0.25212349854409694,0.09476191820576788,,0.34774357080459595,,0.9008208513259888,0.0001,4,3201.7592261523846,0.40839433670043945,,,,,,,,,,,,,,,,,,,,,,,,,,,,,,,,,,,,,,,,,,,,,,,,,,,,,
flow,7690,,0.008533100225031376,0.23789574764668941,0.09324090303853154,,0.33198996260762215,,1.104109287261963,0.0001,4,3137.303171007672,0.40839433670043945,,,,,,,,,,,,,,,,,,,,,,,,,,,,,,,,,,,,,,,,,,,,,,,,,,,,,
flow,7700,,0.008554736257065088,0.24720262847840785,0.09464644249528646,,0.34270454607903955,,0.8912719488143921,0.0001,4,2858.653747450087,0.40839433670043945,,,,,,,,,,,,,,,,,,,,,,,,,,,,,,,,,,,,,,,,,,,,,,,,,,,,,
flow,7710,,0.008585907088126987,0.23982021436095238,0.0947732562199235,,0.3354520607739687,,1.0352030992507935,0.0001,4,2973.3268542697897,0.40839433670043945,,,,,,,,,,,,,,,,,,,,,,,,,,,,,,,,,,,,,,,,,,,,,,,,,,,,,
flow,7720,,0.008300871681421995,0.2417775385081768,0.08907709959894419,,0.3316847261041403,,1.0333706140518188,0.0001,4,3076.8925115504567,0.40839433670043945,,,,,,,,,,,,,,,,,,,,,,,,,,,,,,,,,,,,,,,,,,,,,,,,,,,,,
flow,7730,,0.008243694121483713,0.2449090711772442,0.09436743347905577,,0.340100871026516,,1.0502358675003052,0.0001,4,3061.392162738075,0.40839433670043945,,,,,,,,,,,,,,,,,,,,,,,,,,,,,,,,,,,,,,,,,,,,,,,,,,,,,
flow,7740,,0.008045429608318954,0.2376591045409441,0.0858190261758864,,0.3242826763540506,,1.1404036283493042,0.0001,4,2779.0436889255056,0.40839433670043945,,,,,,,,,,,,,,,,,,,,,,,,,,,,,,,,,,,,,,,,,,,,,,,,,,,,,
flow,7750,,0.00815881327725947,0.23538029938936234,0.09413368944078684,,0.3303298719227314,,1.0120176076889038,0.0001,4,3068.7735947705414,0.40839433670043945,,,,,,,,,,,,,,,,,,,,,,,,,,,,,,,,,,,,,,,,,,,,,,,,,,,,,
flow,7760,,0.008398755430243909,0.23951205648481846,0.090641566272825,,0.33099349625408647,,1.0711811780929565,0.0001,4,3075.797778523946,0.40839433670043945,,,,,,,,,,,,,,,,,,,,,,,,,,,,,,,,,,,,,,,,,,,,,,,,,,,,,
flow,7770,,0.008738795726094395,0.24119370579719543,0.09860074976459146,,0.3406683336943388,,0.8659491539001465,0.0001,4,3011.1266989711785,0.40839433670043945,,,,,,,,,,,,,,,,,,,,,,,,,,,,,,,,,,,,,,,,,,,,,,,,,,,,,
flow,7780,,0.008328989753499627,0.23727683909237385,0.08209835076704622,,0.32020808942615986,,0.8836168646812439,0.0001,4,2963.8267255380065,0.40839433670043945,,,,,,,,,,,,,,,,,,,,,,,,,,,,,,,,,,,,,,,,,,,,,,,,,,,,,
flow,7790,,0.008154415723402053,0.23119524903595448,0.08214273322373629,,0.31415342502295973,,0.9849817752838135,0.0001,4,2995.9164343607586,0.40839433670043945,,,,,,,,,,,,,,,,,,,,,,,,,,,,,,,,,,,,,,,,,,,,,,,,,,,,,
flow,7800,,0.008629553287755698,0.25150325931608675,0.09416685290634633,,0.346533066034317,,1.0011227130889893,0.0001,4,2995.2786663383577,0.40839433670043945,,,,,,,,,,,,,,,,,,,,,,,,,,,,,,,,,,,,,,,,,,,,,,,,,,,,,
flow,7810,,0.008433317765593529,0.2502094980329275,0.08781266557052732,,0.3388654958456755,,0.9563231468200684,0.0001,4,3004.8027597382084,0.40839433670043945,,,,,,,,,,,,,,,,,,,,,,,,,,,,,,,,,,,,,,,,,,,,,,,,,,,,,
flow,7820,,0.00862415754236281,0.23596919998526572,0.08865579590201378,,0.32548741064965725,,0.9575889706611633,0.0001,4,3024.1063924639116,0.40839433670043945,,,,,,,,,,,,,,,,,,,,,,,,,,,,,,,,,,,,,,,,,,,,,,,,,,,,,
flow,7830,,0.009201164497062564,0.2378573328256607,0.09811697723343968,,0.33689442537724973,,1.0173149108886719,0.0001,4,2840.7099310607114,0.40839433670043945,,,,,,,,,,,,,,,,,,,,,,,,,,,,,,,,,,,,,,,,,,,,,,,,,,,,,
flow,7840,,0.008614678715821356,0.24146184250712394,0.08960591908544302,,0.3319292336702347,,0.9744585752487183,0.0001,4,2883.4553618388704,0.40839433670043945,,,,,,,,,,,,,,,,,,,,,,,,,,,,,,,,,,,,,,,,,,,,,,,,,,,,,
flow,7850,,0.008797495777253061,0.24468223862349986,0.10407952200621366,,0.34964150935411453,,1.0724486112594604,0.0001,4,2865.194691816174,0.40839433670043945,,,,,,,,,,,,,,,,,,,,,,,,,,,,,,,,,,,,,,,,,,,,,,,,,,,,,
flow,7860,,0.008830071333795786,0.24308851212263108,0.08556512948125601,,0.3295366488397121,,0.9573056697845459,0.0001,4,3083.0417257477206,0.40839433670043945,,,,,,,,,,,,,,,,,,,,,,,,,,,,,,,,,,,,,,,,,,,,,,,,,,,,,
flow,7870,,0.008590852248016746,0.24180388562381266,0.08223791080527007,,0.3249008826911449,,1.0505497455596924,0.0001,4,3022.1660874540694,0.40839433670043945,,,,,,,,,,,,,,,,,,,,,,,,,,,,,,,,,,,,,,,,,,,,,,,,,,,,,
flow,7880,,0.00842375960201025,0.2394563749432564,0.08388406476005912,,0.3241828177124262,,0.9104413390159607,0.0001,4,2686.932682404598,0.40839433670043945,,,,,,,,,,,,,,,,,,,,,,,,,,,,,,,,,,,,,,,,,,,,,,,,,,,,,
flow,7890,,0.008639494853559882,0.24213030897080898,0.09347697808407247,,0.3364712405949831,,0.9499653577804565,0.0001,4,2778.596241277069,0.40839433670043945,,,,,,,,,,,,,,,,,,,,,,,,,,,,,,,,,,,,,,,,,,,,,,,,,,,,,
flow,7900,,0.008637315116357059,0.23621657863259315,0.08177759470418096,,0.31885790415108206,,0.9275419116020203,0.0001,4,2668.659931182301,0.40839433670043945,,,,,,,,,,,,,,,,,,,,,,,,,,,,,,,,,,,,,,,,,,,,,,,,,,,,,
flow,7910,,0.008683990500867367,0.23878887295722961,0.08187883915379643,,0.32153611332178117,,0.986573338508606,0.0001,4,2932.1775818775436,0.40839433670043945,,,,,,,,,,,,,,,,,,,,,,,,,,,,,,,,,,,,,,,,,,,,,,,,,,,,,
flow,7920,,0.008821670000907033,0.23650783002376558,0.0891493409872055,,0.32653933875262736,,0.9251648187637329,0.0001,4,3141.465800360952,0.40839433670043945,,,,,,,,,,,,,,,,,,,,,,,,,,,,,,,,,,,,,,,,,,,,,,,,,,,,,
flow,7930,,0.008182748896069824,0.24415600709617138,0.08074806733056902,,0.3257223512977362,,0.872791588306427,0.0001,4,2966.6917900289423,0.40839433670043945,,,,,,,,,,,,,,,,,,,,,,,,,,,,,,,,,,,,,,,,,,,,,,,,,,,,,
flow,7940,,0.00810516308993101,0.2390555113554001,0.0848536646924913,,0.32471969462931155,,0.8648577928543091,0.0001,4,2947.8192948647593,0.40839433670043945,,,,,,,,,,,,,,,,,,,,,,,,,,,,,,,,,,,,,,,,,,,,,,,,,,,,,
flow,7950,,0.008671629603486507,0.24415320716798306,0.09350661020725966,,0.33852697983384133,,1.033950686454773,0.0001,4,3171.3175849634617,0.40839433670043945,,,,,,,,,,,,,,,,,,,,,,,,,,,,,,,,,,,,,,,,,,,,,,,,,,,,,
flow,7960,,0.008013833221048117,0.24346113838255407,0.08219192395918071,,0.32645444460213185,,0.947166383266449,0.0001,4,3033.7937769687755,0.40839433670043945,,,,,,,,,,,,,,,,,,,,,,,,,,,,,,,,,,,,,,,,,,,,,,,,,,,,,
flow,7970,,0.007936165540013463,0.23753330633044242,0.08174864277243614,,0.3200755648314953,,0.921689510345459,0.0001,4,3162.696783231217,0.40839433670043945,,,,,,,,,,,,,,,,,,,,,,,,,,,,,,,,,,,,,,,,,,,,,,,,,,,,,
flow,7980,,0.008469617285300046,0.25002514384686947,0.07825805069878697,,0.32913015484809877,,0.9662783145904541,0.0001,4,3115.971339048367,0.40839433670043945,,,,,,,,,,,,,,,,,,,,,,,,,,,,,,,,,,,,,,,,,,,,,,,,,,,,,
flow,7990,,0.009008566988632083,0.24094629921019078,0.09017353123053909,,0.332020691037178,,0.8792940378189087,0.0001,4,3173.343706933751,0.40839433670043945,,,,,,,,,,,,,,,,,,,,,,,,,,,,,,,,,,,,,,,,,,,,,,,,,,,,,
flow,8000,,0.008936585683841258,0.24492770694196225,0.09857331849634647,,0.3443946801126003,,0.9279050827026367,0.0001,4,3096.8749349395566,0.40839433670043945,,,,,,,,,,,,,,,,,,,,,,,,,,,,,,,,,,,,,,,,,,,,,,,,,,,,,
flow,8000,,,,,,,,,,,,,,0.007160006003687158,0.22094232309609652,0.06871638412121683,,0.2903747074306011,,0.22984709218144417,0.09142445214092731,0.0,,,,,,,,,,,,,,,,,,,,,,,,,,,,,,,,,,,,,,,,,,,
